Using pre-set license
Built from '6000.0/release' branch; Version is '6000.0.44f1 (101c91f3a8fb) revision 1055889'; Using compiler version '193933523'; Build Type 'Release'
OS: 'Windows 11  (10.0.22631) 64bit Professional' Language: 'ru' Physical Memory: 32435 MB
BatchMode: 1, IsHumanControllingUs: 0, StartBugReporterOnCrash: 0, Is64bit: 1, IsPro: 1

COMMAND LINE ARGUMENTS:
C:\Program Files\Unity\Hub\Editor\6000.0.44f1\Editor\Unity.exe
-adb2
-batchMode
-noUpm
-name
AssetImportWorker4
-projectPath
C:/Users/baa20/QuizGame
-logFile
Logs/AssetImportWorker4.log
-srvPort
50572
-job-worker-count
9
-background-job-worker-count
8
-gc-helper-count
1
Successfully changed project path to: C:/Users/baa20/QuizGame
C:/Users/baa20/QuizGame
[UnityMemory] Configuration Parameters - Can be set up in boot.config
    "memorysetup-bucket-allocator-granularity=16"
    "memorysetup-bucket-allocator-bucket-count=8"
    "memorysetup-bucket-allocator-block-size=33554432"
    "memorysetup-bucket-allocator-block-count=8"
    "memorysetup-main-allocator-block-size=16777216"
    "memorysetup-thread-allocator-block-size=16777216"
    "memorysetup-gfx-main-allocator-block-size=16777216"
    "memorysetup-gfx-thread-allocator-block-size=16777216"
    "memorysetup-cache-allocator-block-size=4194304"
    "memorysetup-typetree-allocator-block-size=2097152"
    "memorysetup-profiler-bucket-allocator-granularity=16"
    "memorysetup-profiler-bucket-allocator-bucket-count=8"
    "memorysetup-profiler-bucket-allocator-block-size=33554432"
    "memorysetup-profiler-bucket-allocator-block-count=8"
    "memorysetup-profiler-allocator-block-size=16777216"
    "memorysetup-profiler-editor-allocator-block-size=1048576"
    "memorysetup-temp-allocator-size-main=16777216"
    "memorysetup-job-temp-allocator-block-size=2097152"
    "memorysetup-job-temp-allocator-block-size-background=1048576"
    "memorysetup-job-temp-allocator-reduction-small-platforms=262144"
    "memorysetup-allocator-temp-initial-block-size-main=262144"
    "memorysetup-allocator-temp-initial-block-size-worker=262144"
    "memorysetup-temp-allocator-size-background-worker=32768"
    "memorysetup-temp-allocator-size-job-worker=262144"
    "memorysetup-temp-allocator-size-preload-manager=33554432"
    "memorysetup-temp-allocator-size-nav-mesh-worker=65536"
    "memorysetup-temp-allocator-size-audio-worker=65536"
    "memorysetup-temp-allocator-size-cloud-worker=32768"
    "memorysetup-temp-allocator-size-gi-baking-worker=262144"
    "memorysetup-temp-allocator-size-gi-baking-worker=262144"
    "memorysetup-temp-allocator-size-gi-baking-worker=262144"
    "memorysetup-temp-allocator-size-gi-baking-worker=262144"
    "memorysetup-temp-allocator-size-gi-baking-worker=262144"
    "memorysetup-temp-allocator-size-gfx=262144"
Player connection [4300]  Target information:

Player connection [4300]  * "[IP] 26.29.85.25 [Port] 0 [Flags] 2 [Guid] 1489628439 [EditorId] 1489628439 [Version] 1048832 [Id] WindowsEditor(7,Nevil) [Debug] 1 [PackageName] WindowsEditor [ProjectName] Editor" 

Player connection [4300]  * "[IP] 192.168.56.1 [Port] 0 [Flags] 2 [Guid] 1489628439 [EditorId] 1489628439 [Version] 1048832 [Id] WindowsEditor(7,Nevil) [Debug] 1 [PackageName] WindowsEditor [ProjectName] Editor" 

Player connection [4300]  * "[IP] 192.168.1.78 [Port] 0 [Flags] 2 [Guid] 1489628439 [EditorId] 1489628439 [Version] 1048832 [Id] WindowsEditor(7,Nevil) [Debug] 1 [PackageName] WindowsEditor [ProjectName] Editor" 

Player connection [4300] Host joined multi-casting on [225.0.0.222:54997]...
Player connection [4300] Host joined alternative multi-casting on [225.0.0.222:34997]...
JobSystem: Creating JobQueue using job-worker-count value 9
Input System module state changed to: Initialized.
[Physics::Module] Initialized fallback backend.
[Physics::Module] Id: 0xdecafbad
Library Redirect Path: Library/
[Physics::Module] Selected backend.
[Physics::Module] Name: PhysX
[Physics::Module] Id: 0xf2b8ea05
[Physics::Module] SDK Version: 4.1.2
[Physics::Module] Integration Version: 1.0.0
[Physics::Module] Threading Mode: Multi-Threaded
Refreshing native plugins compatible for Editor in 1.41 ms, found 4 plugins.
Preloading 0 native plugins for Editor in 0.00 ms.
Initialize engine version: 6000.0.44f1 (101c91f3a8fb)
[Subsystems] Discovering subsystems at path C:/Program Files/Unity/Hub/Editor/6000.0.44f1/Editor/Data/Resources/UnitySubsystems
[Subsystems] Discovering subsystems at path C:/Users/baa20/QuizGame/Assets
GfxDevice: creating device client; kGfxThreadingModeNonThreaded
Direct3D:
    Version:  Direct3D 11.0 [level 11.1]
    Renderer: NVIDIA GeForce RTX 3060 Laptop GPU (ID=0x2520)
    Vendor:   NVIDIA
    VRAM:     5996 MB
    Driver:   32.0.15.6119
Initialize mono
Mono path[0] = 'C:/Program Files/Unity/Hub/Editor/6000.0.44f1/Editor/Data/Managed'
Mono path[1] = 'C:/Program Files/Unity/Hub/Editor/6000.0.44f1/Editor/Data/MonoBleedingEdge/lib/mono/unityjit-win32'
Mono config path = 'C:/Program Files/Unity/Hub/Editor/6000.0.44f1/Editor/Data/MonoBleedingEdge/etc'
Using monoOptions --debugger-agent=transport=dt_socket,embedding=1,server=y,suspend=n,address=127.0.0.1:56184
Begin MonoManager ReloadAssembly
Registering precompiled unity dll's ...
Trying to register platform support module: C:/Program Files/Unity/Hub/Editor/6000.0.44f1/Editor/Data/PlaybackEngines/WebGLSupport/UnityEditor.WebGL.Extensions.dll (that doesn't exist). Retrying without overrides.
Platform support module is not available: C:/Program Files/Unity/Hub/Editor/6000.0.44f1/Editor/Data/PlaybackEngines/WebGLSupport/UnityEditor.WebGL.Extensions.dll
Register platform support module: C:/Program Files/Unity/Hub/Editor/6000.0.44f1/Editor/Data/PlaybackEngines/WindowsStandaloneSupport/UnityEditor.WindowsStandalone.Extensions.dll
Register platform support module: C:/Program Files/Unity/Hub/Editor/6000.0.44f1/Editor/Data/PlaybackEngines/AndroidPlayer/UnityEditor.Android.Extensions.dll
Register platform support module: C:/Program Files/Unity/Hub/Editor/6000.0.44f1/Editor/Data/PlaybackEngines/iOSSupport/UnityEditor.iOS.Extensions.dll
Registered in 0.002696 seconds.
- Loaded All Assemblies, in  0.316 seconds
[usbmuxd] Start listen thread
[usbmuxd] Listen thread started
Native extension for iOS target not found
Native extension for Android target not found
Android Extension - Scanning For ADB Devices 187 ms
Native extension for WindowsStandalone target not found
Mono: successfully reloaded assembly
- Finished resetting the current domain, in  0.477 seconds
Domain Reload Profiling: 792ms
	BeginReloadAssembly (103ms)
		ExecutionOrderSort (0ms)
		DisableScriptedObjects (0ms)
		BackupInstance (0ms)
		ReleaseScriptingObjects (0ms)
		CreateAndSetChildDomain (1ms)
	RebuildCommonClasses (27ms)
	RebuildNativeTypeToScriptingClass (11ms)
	initialDomainReloadingComplete (42ms)
	LoadAllAssembliesAndSetupDomain (132ms)
		LoadAssemblies (102ms)
		RebuildTransferFunctionScriptingTraits (0ms)
		AnalyzeDomain (128ms)
			TypeCache.Refresh (127ms)
				TypeCache.ScanAssembly (117ms)
			BuildScriptInfoCaches (0ms)
			ResolveRequiredComponents (0ms)
	FinalizeReload (477ms)
		ReleaseScriptCaches (0ms)
		RebuildScriptCaches (0ms)
		SetupLoadedEditorAssemblies (443ms)
			LogAssemblyErrors (0ms)
			InitializePlatformSupportModulesInManaged (264ms)
			SetLoadedEditorAssemblies (3ms)
			BeforeProcessingInitializeOnLoad (40ms)
			ProcessInitializeOnLoadAttributes (89ms)
			ProcessInitializeOnLoadMethodAttributes (47ms)
			AfterProcessingInitializeOnLoad (0ms)
			EditorAssembliesLoaded (0ms)
		ExecutionOrderSort2 (0ms)
		AwakeInstancesAfterBackupRestoration (0ms)
========================================================================
Worker process is ready to serve import requests
Import Worker Mode flag is 0x00
Begin MonoManager ReloadAssembly
- Loaded All Assemblies, in  0.613 seconds
Refreshing native plugins compatible for Editor in 1.49 ms, found 4 plugins.
Native extension for iOS target not found
Native extension for Android target not found
Native extension for WindowsStandalone target not found
Mono: successfully reloaded assembly
- Finished resetting the current domain, in  0.606 seconds
Domain Reload Profiling: 1217ms
	BeginReloadAssembly (128ms)
		ExecutionOrderSort (0ms)
		DisableScriptedObjects (4ms)
		BackupInstance (0ms)
		ReleaseScriptingObjects (0ms)
		CreateAndSetChildDomain (23ms)
	RebuildCommonClasses (28ms)
	RebuildNativeTypeToScriptingClass (9ms)
	initialDomainReloadingComplete (39ms)
	LoadAllAssembliesAndSetupDomain (407ms)
		LoadAssemblies (269ms)
		RebuildTransferFunctionScriptingTraits (0ms)
		AnalyzeDomain (213ms)
			TypeCache.Refresh (157ms)
				TypeCache.ScanAssembly (143ms)
			BuildScriptInfoCaches (44ms)
			ResolveRequiredComponents (9ms)
	FinalizeReload (607ms)
		ReleaseScriptCaches (0ms)
		RebuildScriptCaches (0ms)
		SetupLoadedEditorAssemblies (484ms)
			LogAssemblyErrors (0ms)
			InitializePlatformSupportModulesInManaged (11ms)
			SetLoadedEditorAssemblies (3ms)
			BeforeProcessingInitializeOnLoad (87ms)
			ProcessInitializeOnLoadAttributes (293ms)
			ProcessInitializeOnLoadMethodAttributes (86ms)
			AfterProcessingInitializeOnLoad (3ms)
			EditorAssembliesLoaded (0ms)
		ExecutionOrderSort2 (0ms)
		AwakeInstancesAfterBackupRestoration (4ms)
Launched and connected shader compiler UnityShaderCompiler.exe after 0.01 seconds
Refreshing native plugins compatible for Editor in 1.44 ms, found 4 plugins.
Preloading 0 native plugins for Editor in 0.00 ms.
Unloading 206 Unused Serialized files (Serialized files now loaded: 0)
Unloading 6575 unused Assets / (7.9 MB). Loaded Objects now: 7222.
Memory consumption went from 180.7 MB to 172.9 MB.
Total: 10.674800 ms (FindLiveObjects: 0.600900 ms CreateObjectMapping: 0.747100 ms MarkObjects: 5.324000 ms  DeleteObjects: 4.001200 ms)

========================================================================
Received Import Request.
  Time since last request: 2194.035321 seconds.
  path: Assets/Scenes/Level2_TrueFalse.unity
  artifactKey: Guid(7e4720481f44c2a4e884bcdd9835aede) Importer(815301076,1909f56bfc062723c751e8b465ee728b)
Start importing Assets/Scenes/Level2_TrueFalse.unity using Guid(7e4720481f44c2a4e884bcdd9835aede) Importer(815301076,1909f56bfc062723c751e8b465ee728b) (PreviewImporter) -> (artifact id: '5451616104129fc1bcc505b756af93e8') in 0.0064931 seconds
Number of updated asset objects reloaded before import = 0Number of asset objects unloaded after import = 0

========================================================================
Received Import Request.
  Time since last request: 4.501949 seconds.
  path: Assets/Scenes/Level3_WordPuzzle.unity
  artifactKey: Guid(521da4bc1214ac540b9b043f4a48b300) Importer(815301076,1909f56bfc062723c751e8b465ee728b)
Start importing Assets/Scenes/Level3_WordPuzzle.unity using Guid(521da4bc1214ac540b9b043f4a48b300) Importer(815301076,1909f56bfc062723c751e8b465ee728b) (PreviewImporter) -> (artifact id: '620de2d8530cfbbf17a1f76a5c83600d') in 0.0020887 seconds
Number of updated asset objects reloaded before import = 0Number of asset objects unloaded after import = 0

========================================================================
Received Prepare
Begin MonoManager ReloadAssembly
- Loaded All Assemblies, in  0.770 seconds
Refreshing native plugins compatible for Editor in 0.96 ms, found 4 plugins.
Native extension for iOS target not found
Native extension for Android target not found
Native extension for WindowsStandalone target not found
Mono: successfully reloaded assembly
- Finished resetting the current domain, in  0.715 seconds
Domain Reload Profiling: 1485ms
	BeginReloadAssembly (219ms)
		ExecutionOrderSort (0ms)
		DisableScriptedObjects (16ms)
		BackupInstance (0ms)
		ReleaseScriptingObjects (0ms)
		CreateAndSetChildDomain (49ms)
	RebuildCommonClasses (31ms)
	RebuildNativeTypeToScriptingClass (17ms)
	initialDomainReloadingComplete (32ms)
	LoadAllAssembliesAndSetupDomain (471ms)
		LoadAssemblies (385ms)
		RebuildTransferFunctionScriptingTraits (0ms)
		AnalyzeDomain (188ms)
			TypeCache.Refresh (8ms)
				TypeCache.ScanAssembly (0ms)
			BuildScriptInfoCaches (169ms)
			ResolveRequiredComponents (9ms)
	FinalizeReload (716ms)
		ReleaseScriptCaches (0ms)
		RebuildScriptCaches (0ms)
		SetupLoadedEditorAssemblies (525ms)
			LogAssemblyErrors (0ms)
			InitializePlatformSupportModulesInManaged (18ms)
			SetLoadedEditorAssemblies (4ms)
			BeforeProcessingInitializeOnLoad (106ms)
			ProcessInitializeOnLoadAttributes (332ms)
			ProcessInitializeOnLoadMethodAttributes (61ms)
			AfterProcessingInitializeOnLoad (3ms)
			EditorAssembliesLoaded (0ms)
		ExecutionOrderSort2 (0ms)
		AwakeInstancesAfterBackupRestoration (13ms)
Refreshing native plugins compatible for Editor in 1.25 ms, found 4 plugins.
Preloading 0 native plugins for Editor in 0.00 ms.
Unloading 40 Unused Serialized files (Serialized files now loaded: 0)
Unloading 6573 unused Assets / (7.4 MB). Loaded Objects now: 7227.
Memory consumption went from 157.9 MB to 150.5 MB.
Total: 8.481800 ms (FindLiveObjects: 0.516600 ms CreateObjectMapping: 0.490900 ms MarkObjects: 4.221300 ms  DeleteObjects: 3.251900 ms)

Prepare: number of updated asset objects reloaded= 0
========================================================================
Received Prepare
Begin MonoManager ReloadAssembly
- Loaded All Assemblies, in  0.602 seconds
Refreshing native plugins compatible for Editor in 0.88 ms, found 4 plugins.
Native extension for iOS target not found
Native extension for Android target not found
Native extension for WindowsStandalone target not found
Mono: successfully reloaded assembly
- Finished resetting the current domain, in  0.646 seconds
Domain Reload Profiling: 1249ms
	BeginReloadAssembly (179ms)
		ExecutionOrderSort (0ms)
		DisableScriptedObjects (12ms)
		BackupInstance (0ms)
		ReleaseScriptingObjects (0ms)
		CreateAndSetChildDomain (52ms)
	RebuildCommonClasses (38ms)
	RebuildNativeTypeToScriptingClass (12ms)
	initialDomainReloadingComplete (20ms)
	LoadAllAssembliesAndSetupDomain (352ms)
		LoadAssemblies (262ms)
		RebuildTransferFunctionScriptingTraits (0ms)
		AnalyzeDomain (166ms)
			TypeCache.Refresh (7ms)
				TypeCache.ScanAssembly (0ms)
			BuildScriptInfoCaches (147ms)
			ResolveRequiredComponents (9ms)
	FinalizeReload (647ms)
		ReleaseScriptCaches (0ms)
		RebuildScriptCaches (0ms)
		SetupLoadedEditorAssemblies (474ms)
			LogAssemblyErrors (0ms)
			InitializePlatformSupportModulesInManaged (12ms)
			SetLoadedEditorAssemblies (3ms)
			BeforeProcessingInitializeOnLoad (94ms)
			ProcessInitializeOnLoadAttributes (300ms)
			ProcessInitializeOnLoadMethodAttributes (62ms)
			AfterProcessingInitializeOnLoad (3ms)
			EditorAssembliesLoaded (0ms)
		ExecutionOrderSort2 (0ms)
		AwakeInstancesAfterBackupRestoration (11ms)
Refreshing native plugins compatible for Editor in 1.06 ms, found 4 plugins.
Preloading 0 native plugins for Editor in 0.00 ms.
Unloading 40 Unused Serialized files (Serialized files now loaded: 0)
Unloading 6573 unused Assets / (8.0 MB). Loaded Objects now: 7229.
Memory consumption went from 157.9 MB to 149.9 MB.
Total: 8.787300 ms (FindLiveObjects: 0.520900 ms CreateObjectMapping: 0.538300 ms MarkObjects: 4.140100 ms  DeleteObjects: 3.586400 ms)

Prepare: number of updated asset objects reloaded= 0
========================================================================
Received Import Request.
  Time since last request: 1197.090364 seconds.
  path: Assets/New Folder
  artifactKey: Guid(5785af49549ed164cb239bd1972a254c) Importer(815301076,1909f56bfc062723c751e8b465ee728b)
Start importing Assets/New Folder using Guid(5785af49549ed164cb239bd1972a254c) Importer(815301076,1909f56bfc062723c751e8b465ee728b) (PreviewImporter) -> (artifact id: 'ef563fe5b65ca9e011408d49d5da929c') in 0.0074541 seconds
Number of updated asset objects reloaded before import = 0Number of asset objects unloaded after import = 0

========================================================================
Received Import Request.
  Time since last request: 10.932943 seconds.
  path: Assets/Resources
  artifactKey: Guid(5785af49549ed164cb239bd1972a254c) Importer(815301076,1909f56bfc062723c751e8b465ee728b)
Start importing Assets/Resources using Guid(5785af49549ed164cb239bd1972a254c) Importer(815301076,1909f56bfc062723c751e8b465ee728b) (PreviewImporter) -> (artifact id: '6c43d80a6327984b9fbc0286a6ab9747') in 0.0005071 seconds
Number of updated asset objects reloaded before import = 0Number of asset objects unloaded after import = 0

========================================================================
Received Import Request.
  Time since last request: 34.758147 seconds.
  path: Assets/Resources/level1_questions.json
  artifactKey: Guid(436de3a2d2c6e8947bb02034a5035a1e) Importer(815301076,1909f56bfc062723c751e8b465ee728b)
Start importing Assets/Resources/level1_questions.json using Guid(436de3a2d2c6e8947bb02034a5035a1e) Importer(815301076,1909f56bfc062723c751e8b465ee728b) (PreviewImporter) -> (artifact id: '1b8518e5c2bc4cd1274315e49e8d8e9f') in 0.0202949 seconds
Number of updated asset objects reloaded before import = 0Number of asset objects unloaded after import = 1

========================================================================
Received Prepare
Refreshing native plugins compatible for Editor in 0.95 ms, found 4 plugins.
Preloading 0 native plugins for Editor in 0.00 ms.
Unloading 40 Unused Serialized files (Serialized files now loaded: 0)
Unloading 6563 unused Assets / (7.1 MB). Loaded Objects now: 7231.
Memory consumption went from 158.0 MB to 151.0 MB.
Total: 8.967100 ms (FindLiveObjects: 0.541400 ms CreateObjectMapping: 0.487200 ms MarkObjects: 5.063800 ms  DeleteObjects: 2.874000 ms)

Prepare: number of updated asset objects reloaded= 0
========================================================================
Received Import Request.
  Time since last request: 177.497372 seconds.
  path: Assets/Scripts/Level1_questionManager.cs
  artifactKey: Guid(7cdcc7269b93d22419b44a07ca13d012) Importer(815301076,1909f56bfc062723c751e8b465ee728b)
Start importing Assets/Scripts/Level1_questionManager.cs using Guid(7cdcc7269b93d22419b44a07ca13d012) Importer(815301076,1909f56bfc062723c751e8b465ee728b) (PreviewImporter) -> (artifact id: 'dbe98325130e42f1a0cd028ebb78e553') in 0.0027058 seconds
Number of updated asset objects reloaded before import = 0Number of asset objects unloaded after import = 0

========================================================================
Received Prepare
Begin MonoManager ReloadAssembly
- Loaded All Assemblies, in  0.630 seconds
Refreshing native plugins compatible for Editor in 0.85 ms, found 4 plugins.
Native extension for iOS target not found
Native extension for Android target not found
Native extension for WindowsStandalone target not found
Mono: successfully reloaded assembly
- Finished resetting the current domain, in  0.625 seconds
Domain Reload Profiling: 1256ms
	BeginReloadAssembly (183ms)
		ExecutionOrderSort (0ms)
		DisableScriptedObjects (15ms)
		BackupInstance (0ms)
		ReleaseScriptingObjects (0ms)
		CreateAndSetChildDomain (46ms)
	RebuildCommonClasses (31ms)
	RebuildNativeTypeToScriptingClass (11ms)
	initialDomainReloadingComplete (22ms)
	LoadAllAssembliesAndSetupDomain (383ms)
		LoadAssemblies (282ms)
		RebuildTransferFunctionScriptingTraits (0ms)
		AnalyzeDomain (179ms)
			TypeCache.Refresh (9ms)
				TypeCache.ScanAssembly (0ms)
			BuildScriptInfoCaches (158ms)
			ResolveRequiredComponents (9ms)
	FinalizeReload (626ms)
		ReleaseScriptCaches (0ms)
		RebuildScriptCaches (0ms)
		SetupLoadedEditorAssemblies (459ms)
			LogAssemblyErrors (0ms)
			InitializePlatformSupportModulesInManaged (13ms)
			SetLoadedEditorAssemblies (4ms)
			BeforeProcessingInitializeOnLoad (93ms)
			ProcessInitializeOnLoadAttributes (294ms)
			ProcessInitializeOnLoadMethodAttributes (51ms)
			AfterProcessingInitializeOnLoad (3ms)
			EditorAssembliesLoaded (0ms)
		ExecutionOrderSort2 (0ms)
		AwakeInstancesAfterBackupRestoration (10ms)
Refreshing native plugins compatible for Editor in 1.40 ms, found 4 plugins.
Preloading 0 native plugins for Editor in 0.00 ms.
Unloading 40 Unused Serialized files (Serialized files now loaded: 0)
Unloading 6574 unused Assets / (7.4 MB). Loaded Objects now: 7233.
Memory consumption went from 158.0 MB to 150.6 MB.
Total: 8.678100 ms (FindLiveObjects: 0.864100 ms CreateObjectMapping: 0.343300 ms MarkObjects: 4.259300 ms  DeleteObjects: 3.210000 ms)

Prepare: number of updated asset objects reloaded= 0
========================================================================
Received Import Request.
  Time since last request: 6.527095 seconds.
  path: Assets/Scripts/Level1_questionManager.cs
  artifactKey: Guid(7cdcc7269b93d22419b44a07ca13d012) Importer(815301076,1909f56bfc062723c751e8b465ee728b)
Start importing Assets/Scripts/Level1_questionManager.cs using Guid(7cdcc7269b93d22419b44a07ca13d012) Importer(815301076,1909f56bfc062723c751e8b465ee728b) (PreviewImporter) -> (artifact id: 'e0380e2b84ec7c8fb6ef723ddf4ce786') in 0.0026854 seconds
Number of updated asset objects reloaded before import = 0Number of asset objects unloaded after import = 0

========================================================================
Received Prepare
Refreshing native plugins compatible for Editor in 1.68 ms, found 4 plugins.
Preloading 0 native plugins for Editor in 0.00 ms.
Unloading 40 Unused Serialized files (Serialized files now loaded: 0)
Unloading 6563 unused Assets / (7.3 MB). Loaded Objects now: 7233.
Memory consumption went from 158.1 MB to 150.7 MB.
Total: 13.630100 ms (FindLiveObjects: 0.730900 ms CreateObjectMapping: 0.565700 ms MarkObjects: 8.472700 ms  DeleteObjects: 3.859400 ms)

Prepare: number of updated asset objects reloaded= 0
========================================================================
Received Prepare
Begin MonoManager ReloadAssembly
- Loaded All Assemblies, in  0.702 seconds
Refreshing native plugins compatible for Editor in 1.59 ms, found 4 plugins.
Native extension for iOS target not found
Native extension for Android target not found
Native extension for WindowsStandalone target not found
Mono: successfully reloaded assembly
- Finished resetting the current domain, in  0.789 seconds
Domain Reload Profiling: 1492ms
	BeginReloadAssembly (198ms)
		ExecutionOrderSort (0ms)
		DisableScriptedObjects (12ms)
		BackupInstance (0ms)
		ReleaseScriptingObjects (0ms)
		CreateAndSetChildDomain (46ms)
	RebuildCommonClasses (31ms)
	RebuildNativeTypeToScriptingClass (13ms)
	initialDomainReloadingComplete (26ms)
	LoadAllAssembliesAndSetupDomain (434ms)
		LoadAssemblies (331ms)
		RebuildTransferFunctionScriptingTraits (0ms)
		AnalyzeDomain (198ms)
			TypeCache.Refresh (10ms)
				TypeCache.ScanAssembly (0ms)
			BuildScriptInfoCaches (170ms)
			ResolveRequiredComponents (15ms)
	FinalizeReload (790ms)
		ReleaseScriptCaches (0ms)
		RebuildScriptCaches (0ms)
		SetupLoadedEditorAssemblies (568ms)
			LogAssemblyErrors (0ms)
			InitializePlatformSupportModulesInManaged (20ms)
			SetLoadedEditorAssemblies (5ms)
			BeforeProcessingInitializeOnLoad (106ms)
			ProcessInitializeOnLoadAttributes (365ms)
			ProcessInitializeOnLoadMethodAttributes (67ms)
			AfterProcessingInitializeOnLoad (4ms)
			EditorAssembliesLoaded (0ms)
		ExecutionOrderSort2 (0ms)
		AwakeInstancesAfterBackupRestoration (12ms)
Refreshing native plugins compatible for Editor in 1.38 ms, found 4 plugins.
Preloading 0 native plugins for Editor in 0.00 ms.
Unloading 40 Unused Serialized files (Serialized files now loaded: 0)
Unloading 6574 unused Assets / (7.0 MB). Loaded Objects now: 7235.
Memory consumption went from 157.9 MB to 150.9 MB.
Total: 8.490900 ms (FindLiveObjects: 0.805800 ms CreateObjectMapping: 0.337700 ms MarkObjects: 4.204000 ms  DeleteObjects: 3.142200 ms)

Prepare: number of updated asset objects reloaded= 0
========================================================================
Received Import Request.
  Time since last request: 17.704302 seconds.
  path: Assets/Scripts/Level1_questionManager.cs
  artifactKey: Guid(7cdcc7269b93d22419b44a07ca13d012) Importer(815301076,1909f56bfc062723c751e8b465ee728b)
Start importing Assets/Scripts/Level1_questionManager.cs using Guid(7cdcc7269b93d22419b44a07ca13d012) Importer(815301076,1909f56bfc062723c751e8b465ee728b) (PreviewImporter) -> (artifact id: '64296aed82525be26f4c5c7904c1e8fc') in 0.0054292 seconds
Number of updated asset objects reloaded before import = 0Number of asset objects unloaded after import = 0

========================================================================
Received Prepare
Refreshing native plugins compatible for Editor in 1.07 ms, found 4 plugins.
Preloading 0 native plugins for Editor in 0.00 ms.
Unloading 40 Unused Serialized files (Serialized files now loaded: 0)
Unloading 6564 unused Assets / (7.1 MB). Loaded Objects now: 7236.
Memory consumption went from 158.1 MB to 151.0 MB.
Total: 7.417800 ms (FindLiveObjects: 0.507500 ms CreateObjectMapping: 0.522200 ms MarkObjects: 3.717800 ms  DeleteObjects: 2.669500 ms)

Prepare: number of updated asset objects reloaded= 0
========================================================================
Received Import Request.
  Time since last request: 48.866354 seconds.
  path: Assets/Scripts/Level1_GameManager.cs
  artifactKey: Guid(d52b80a3115ea4d4cbb620b2af42f7c4) Importer(815301076,1909f56bfc062723c751e8b465ee728b)
Start importing Assets/Scripts/Level1_GameManager.cs using Guid(d52b80a3115ea4d4cbb620b2af42f7c4) Importer(815301076,1909f56bfc062723c751e8b465ee728b) (PreviewImporter) -> (artifact id: 'e689e6058de1ad61f624fd674d4b8631') in 0.0026003 seconds
Number of updated asset objects reloaded before import = 0Number of asset objects unloaded after import = 0

========================================================================
Received Prepare
Begin MonoManager ReloadAssembly
- Loaded All Assemblies, in  0.601 seconds
Refreshing native plugins compatible for Editor in 0.92 ms, found 4 plugins.
Native extension for iOS target not found
Native extension for Android target not found
Native extension for WindowsStandalone target not found
Mono: successfully reloaded assembly
- Finished resetting the current domain, in  0.658 seconds
Domain Reload Profiling: 1260ms
	BeginReloadAssembly (178ms)
		ExecutionOrderSort (0ms)
		DisableScriptedObjects (14ms)
		BackupInstance (0ms)
		ReleaseScriptingObjects (0ms)
		CreateAndSetChildDomain (44ms)
	RebuildCommonClasses (28ms)
	RebuildNativeTypeToScriptingClass (10ms)
	initialDomainReloadingComplete (26ms)
	LoadAllAssembliesAndSetupDomain (359ms)
		LoadAssemblies (272ms)
		RebuildTransferFunctionScriptingTraits (0ms)
		AnalyzeDomain (162ms)
			TypeCache.Refresh (8ms)
				TypeCache.ScanAssembly (0ms)
			BuildScriptInfoCaches (141ms)
			ResolveRequiredComponents (9ms)
	FinalizeReload (659ms)
		ReleaseScriptCaches (0ms)
		RebuildScriptCaches (0ms)
		SetupLoadedEditorAssemblies (478ms)
			LogAssemblyErrors (0ms)
			InitializePlatformSupportModulesInManaged (14ms)
			SetLoadedEditorAssemblies (3ms)
			BeforeProcessingInitializeOnLoad (96ms)
			ProcessInitializeOnLoadAttributes (308ms)
			ProcessInitializeOnLoadMethodAttributes (54ms)
			AfterProcessingInitializeOnLoad (3ms)
			EditorAssembliesLoaded (0ms)
		ExecutionOrderSort2 (0ms)
		AwakeInstancesAfterBackupRestoration (14ms)
Refreshing native plugins compatible for Editor in 0.94 ms, found 4 plugins.
Preloading 0 native plugins for Editor in 0.00 ms.
Unloading 40 Unused Serialized files (Serialized files now loaded: 0)
Unloading 6575 unused Assets / (7.6 MB). Loaded Objects now: 7238.
Memory consumption went from 157.9 MB to 150.3 MB.
Total: 8.300400 ms (FindLiveObjects: 0.547300 ms CreateObjectMapping: 0.478100 ms MarkObjects: 3.760900 ms  DeleteObjects: 3.513400 ms)

Prepare: number of updated asset objects reloaded= 0
========================================================================
Received Prepare
Refreshing native plugins compatible for Editor in 0.97 ms, found 4 plugins.
Preloading 0 native plugins for Editor in 0.00 ms.
Unloading 40 Unused Serialized files (Serialized files now loaded: 0)
Unloading 6564 unused Assets / (7.4 MB). Loaded Objects now: 7238.
Memory consumption went from 158.1 MB to 150.7 MB.
Total: 8.020900 ms (FindLiveObjects: 0.519900 ms CreateObjectMapping: 0.515600 ms MarkObjects: 3.905200 ms  DeleteObjects: 3.079100 ms)

Prepare: number of updated asset objects reloaded= 0
========================================================================
Received Import Request.
  Time since last request: 26.088322 seconds.
  path: Assets/Scripts/Level1_GameManager.cs
  artifactKey: Guid(d52b80a3115ea4d4cbb620b2af42f7c4) Importer(815301076,1909f56bfc062723c751e8b465ee728b)
Start importing Assets/Scripts/Level1_GameManager.cs using Guid(d52b80a3115ea4d4cbb620b2af42f7c4) Importer(815301076,1909f56bfc062723c751e8b465ee728b) (PreviewImporter) -> (artifact id: 'b0f5121b88c8d6fb2846c63e2a790dff') in 0.0038934 seconds
Number of updated asset objects reloaded before import = 0Number of asset objects unloaded after import = 0

========================================================================
Received Prepare
Begin MonoManager ReloadAssembly
- Loaded All Assemblies, in  0.604 seconds
Refreshing native plugins compatible for Editor in 1.01 ms, found 4 plugins.
Native extension for iOS target not found
Native extension for Android target not found
Native extension for WindowsStandalone target not found
Mono: successfully reloaded assembly
- Finished resetting the current domain, in  0.646 seconds
Domain Reload Profiling: 1250ms
	BeginReloadAssembly (166ms)
		ExecutionOrderSort (0ms)
		DisableScriptedObjects (12ms)
		BackupInstance (0ms)
		ReleaseScriptingObjects (0ms)
		CreateAndSetChildDomain (41ms)
	RebuildCommonClasses (34ms)
	RebuildNativeTypeToScriptingClass (10ms)
	initialDomainReloadingComplete (23ms)
	LoadAllAssembliesAndSetupDomain (371ms)
		LoadAssemblies (279ms)
		RebuildTransferFunctionScriptingTraits (0ms)
		AnalyzeDomain (166ms)
			TypeCache.Refresh (8ms)
				TypeCache.ScanAssembly (0ms)
			BuildScriptInfoCaches (146ms)
			ResolveRequiredComponents (9ms)
	FinalizeReload (646ms)
		ReleaseScriptCaches (0ms)
		RebuildScriptCaches (0ms)
		SetupLoadedEditorAssemblies (463ms)
			LogAssemblyErrors (0ms)
			InitializePlatformSupportModulesInManaged (14ms)
			SetLoadedEditorAssemblies (3ms)
			BeforeProcessingInitializeOnLoad (98ms)
			ProcessInitializeOnLoadAttributes (290ms)
			ProcessInitializeOnLoadMethodAttributes (54ms)
			AfterProcessingInitializeOnLoad (3ms)
			EditorAssembliesLoaded (0ms)
		ExecutionOrderSort2 (0ms)
		AwakeInstancesAfterBackupRestoration (10ms)
Refreshing native plugins compatible for Editor in 1.85 ms, found 4 plugins.
Preloading 0 native plugins for Editor in 0.00 ms.
Unloading 40 Unused Serialized files (Serialized files now loaded: 0)
Unloading 6575 unused Assets / (7.8 MB). Loaded Objects now: 7240.
Memory consumption went from 157.9 MB to 150.1 MB.
Total: 8.743700 ms (FindLiveObjects: 0.816700 ms CreateObjectMapping: 0.346700 ms MarkObjects: 3.947200 ms  DeleteObjects: 3.631100 ms)

Prepare: number of updated asset objects reloaded= 0
========================================================================
Received Prepare
Begin MonoManager ReloadAssembly
- Loaded All Assemblies, in  0.610 seconds
Refreshing native plugins compatible for Editor in 1.42 ms, found 4 plugins.
Native extension for iOS target not found
Native extension for Android target not found
Native extension for WindowsStandalone target not found
Mono: successfully reloaded assembly
- Finished resetting the current domain, in  0.623 seconds
Domain Reload Profiling: 1234ms
	BeginReloadAssembly (168ms)
		ExecutionOrderSort (0ms)
		DisableScriptedObjects (12ms)
		BackupInstance (0ms)
		ReleaseScriptingObjects (0ms)
		CreateAndSetChildDomain (41ms)
	RebuildCommonClasses (32ms)
	RebuildNativeTypeToScriptingClass (11ms)
	initialDomainReloadingComplete (22ms)
	LoadAllAssembliesAndSetupDomain (377ms)
		LoadAssemblies (283ms)
		RebuildTransferFunctionScriptingTraits (0ms)
		AnalyzeDomain (167ms)
			TypeCache.Refresh (10ms)
				TypeCache.ScanAssembly (1ms)
			BuildScriptInfoCaches (145ms)
			ResolveRequiredComponents (9ms)
	FinalizeReload (624ms)
		ReleaseScriptCaches (0ms)
		RebuildScriptCaches (0ms)
		SetupLoadedEditorAssemblies (451ms)
			LogAssemblyErrors (0ms)
			InitializePlatformSupportModulesInManaged (13ms)
			SetLoadedEditorAssemblies (5ms)
			BeforeProcessingInitializeOnLoad (94ms)
			ProcessInitializeOnLoadAttributes (285ms)
			ProcessInitializeOnLoadMethodAttributes (49ms)
			AfterProcessingInitializeOnLoad (4ms)
			EditorAssembliesLoaded (0ms)
		ExecutionOrderSort2 (0ms)
		AwakeInstancesAfterBackupRestoration (11ms)
Refreshing native plugins compatible for Editor in 0.92 ms, found 4 plugins.
Preloading 0 native plugins for Editor in 0.00 ms.
Unloading 54 Unused Serialized files (Serialized files now loaded: 0)
Unloading 6623 unused Assets / (8.1 MB). Loaded Objects now: 7276.
Memory consumption went from 162.1 MB to 154.0 MB.
Total: 7.680600 ms (FindLiveObjects: 0.589000 ms CreateObjectMapping: 0.475100 ms MarkObjects: 3.631400 ms  DeleteObjects: 2.984100 ms)

Prepare: number of updated asset objects reloaded= 0
========================================================================
Received Import Request.
  Time since last request: 327.756983 seconds.
  path: Assets/TextMesh Pro
  artifactKey: Guid(f54d1bd14bd3ca042bd867b519fee8cc) Importer(815301076,1909f56bfc062723c751e8b465ee728b)
Start importing Assets/TextMesh Pro using Guid(f54d1bd14bd3ca042bd867b519fee8cc) Importer(815301076,1909f56bfc062723c751e8b465ee728b) (PreviewImporter) -> (artifact id: '441aa3e92cda27c68af8a1706ee847ab') in 0.006512 seconds
Number of updated asset objects reloaded before import = 0Number of asset objects unloaded after import = 0

========================================================================
Received Import Request.
  Time since last request: 1.067862 seconds.
  path: Assets/TextMesh Pro/Examples & Extras
  artifactKey: Guid(ce51c8e33b734b4db6086586558c53a3) Importer(815301076,1909f56bfc062723c751e8b465ee728b)
Start importing Assets/TextMesh Pro/Examples & Extras using Guid(ce51c8e33b734b4db6086586558c53a3) Importer(815301076,1909f56bfc062723c751e8b465ee728b) (PreviewImporter) -> (artifact id: '5efb54efc3d7c5ac6ae76d22062dc016') in 0.0004775 seconds
Number of updated asset objects reloaded before import = 0Number of asset objects unloaded after import = 0

========================================================================
Received Import Request.
  Time since last request: 3.370784 seconds.
  path: Assets/TextMesh Pro/Examples & Extras/Scripts
  artifactKey: Guid(3979ce59e55144c89a2b3b3f8dcf7fd3) Importer(815301076,1909f56bfc062723c751e8b465ee728b)
Start importing Assets/TextMesh Pro/Examples & Extras/Scripts using Guid(3979ce59e55144c89a2b3b3f8dcf7fd3) Importer(815301076,1909f56bfc062723c751e8b465ee728b) (PreviewImporter) -> (artifact id: '0a06ac0bb8f01863c875c160b3c93a76') in 0.0005212 seconds
Number of updated asset objects reloaded before import = 0Number of asset objects unloaded after import = 0

========================================================================
Received Prepare
Begin MonoManager ReloadAssembly
- Loaded All Assemblies, in  0.634 seconds
Refreshing native plugins compatible for Editor in 0.93 ms, found 4 plugins.
Native extension for iOS target not found
Native extension for Android target not found
Native extension for WindowsStandalone target not found
Mono: successfully reloaded assembly
- Finished resetting the current domain, in  0.626 seconds
Domain Reload Profiling: 1260ms
	BeginReloadAssembly (168ms)
		ExecutionOrderSort (0ms)
		DisableScriptedObjects (12ms)
		BackupInstance (0ms)
		ReleaseScriptingObjects (0ms)
		CreateAndSetChildDomain (44ms)
	RebuildCommonClasses (29ms)
	RebuildNativeTypeToScriptingClass (11ms)
	initialDomainReloadingComplete (25ms)
	LoadAllAssembliesAndSetupDomain (400ms)
		LoadAssemblies (289ms)
		RebuildTransferFunctionScriptingTraits (0ms)
		AnalyzeDomain (183ms)
			TypeCache.Refresh (7ms)
				TypeCache.ScanAssembly (0ms)
			BuildScriptInfoCaches (163ms)
			ResolveRequiredComponents (10ms)
	FinalizeReload (626ms)
		ReleaseScriptCaches (0ms)
		RebuildScriptCaches (0ms)
		SetupLoadedEditorAssemblies (444ms)
			LogAssemblyErrors (0ms)
			InitializePlatformSupportModulesInManaged (13ms)
			SetLoadedEditorAssemblies (4ms)
			BeforeProcessingInitializeOnLoad (83ms)
			ProcessInitializeOnLoadAttributes (282ms)
			ProcessInitializeOnLoadMethodAttributes (59ms)
			AfterProcessingInitializeOnLoad (3ms)
			EditorAssembliesLoaded (0ms)
		ExecutionOrderSort2 (0ms)
		AwakeInstancesAfterBackupRestoration (11ms)
Refreshing native plugins compatible for Editor in 1.32 ms, found 4 plugins.
Preloading 0 native plugins for Editor in 0.00 ms.
Unloading 54 Unused Serialized files (Serialized files now loaded: 0)
Unloading 6623 unused Assets / (8.5 MB). Loaded Objects now: 7278.
Memory consumption went from 162.2 MB to 153.8 MB.
Total: 9.529300 ms (FindLiveObjects: 0.522600 ms CreateObjectMapping: 0.669800 ms MarkObjects: 4.298200 ms  DeleteObjects: 4.037500 ms)

Prepare: number of updated asset objects reloaded= 0
========================================================================
Received Prepare
Refreshing native plugins compatible for Editor in 0.96 ms, found 4 plugins.
Preloading 0 native plugins for Editor in 0.00 ms.
Unloading 54 Unused Serialized files (Serialized files now loaded: 0)
Unloading 6612 unused Assets / (9.2 MB). Loaded Objects now: 7278.
Memory consumption went from 162.4 MB to 153.1 MB.
Total: 11.219100 ms (FindLiveObjects: 0.508000 ms CreateObjectMapping: 0.450600 ms MarkObjects: 5.977300 ms  DeleteObjects: 4.281900 ms)

Prepare: number of updated asset objects reloaded= 0
========================================================================
Received Import Request.
  Time since last request: 1351.272329 seconds.
  path: Assets/Scripts/Level1_GameManager.cs
  artifactKey: Guid(d52b80a3115ea4d4cbb620b2af42f7c4) Importer(815301076,1909f56bfc062723c751e8b465ee728b)
Start importing Assets/Scripts/Level1_GameManager.cs using Guid(d52b80a3115ea4d4cbb620b2af42f7c4) Importer(815301076,1909f56bfc062723c751e8b465ee728b) (PreviewImporter) -> (artifact id: '00000000000000000000000000000000') in 0.0060646 seconds
Import Error Code:(4)
Message: Build asset version error: assets/scripts/level1_gamemanager.cs in SourceAssetDB has modification time of '2025-04-30T18:30:49.1982054Z' while content on disk has modification time of '2025-04-30T18:30:49.7230505Z'
  ERROR: Build asset version error: assets/scripts/level1_gamemanager.cs in SourceAssetDB has modification time of '2025-04-30T18:30:49.1982054Z' while content on disk has modification time of '2025-04-30T18:30:49.7230505Z'
Number of updated asset objects reloaded before import = 0Number of asset objects unloaded after import = 0

========================================================================
Received Import Request.
  Time since last request: 0.000163 seconds.
  path: Assets/Scripts/Level1_GameManager.cs
  artifactKey: Guid(d52b80a3115ea4d4cbb620b2af42f7c4) Importer(815301076,1909f56bfc062723c751e8b465ee728b)
Start importing Assets/Scripts/Level1_GameManager.cs using Guid(d52b80a3115ea4d4cbb620b2af42f7c4) Importer(815301076,1909f56bfc062723c751e8b465ee728b) (PreviewImporter) -> (artifact id: '296f994fa9f0a8d1434473b59cc90aae') in 0.0006592 seconds
Number of updated asset objects reloaded before import = 0Number of asset objects unloaded after import = 0

========================================================================
Received Prepare
Begin MonoManager ReloadAssembly
- Loaded All Assemblies, in  0.789 seconds
Refreshing native plugins compatible for Editor in 1.57 ms, found 4 plugins.
Native extension for iOS target not found
Native extension for Android target not found
Native extension for WindowsStandalone target not found
Mono: successfully reloaded assembly
- Finished resetting the current domain, in  0.793 seconds
Domain Reload Profiling: 1583ms
	BeginReloadAssembly (222ms)
		ExecutionOrderSort (0ms)
		DisableScriptedObjects (18ms)
		BackupInstance (0ms)
		ReleaseScriptingObjects (0ms)
		CreateAndSetChildDomain (48ms)
	RebuildCommonClasses (34ms)
	RebuildNativeTypeToScriptingClass (11ms)
	initialDomainReloadingComplete (29ms)
	LoadAllAssembliesAndSetupDomain (493ms)
		LoadAssemblies (387ms)
		RebuildTransferFunctionScriptingTraits (0ms)
		AnalyzeDomain (212ms)
			TypeCache.Refresh (12ms)
				TypeCache.ScanAssembly (1ms)
			BuildScriptInfoCaches (182ms)
			ResolveRequiredComponents (14ms)
	FinalizeReload (794ms)
		ReleaseScriptCaches (0ms)
		RebuildScriptCaches (0ms)
		SetupLoadedEditorAssemblies (582ms)
			LogAssemblyErrors (0ms)
			InitializePlatformSupportModulesInManaged (15ms)
			SetLoadedEditorAssemblies (3ms)
			BeforeProcessingInitializeOnLoad (120ms)
			ProcessInitializeOnLoadAttributes (367ms)
			ProcessInitializeOnLoadMethodAttributes (70ms)
			AfterProcessingInitializeOnLoad (6ms)
			EditorAssembliesLoaded (0ms)
		ExecutionOrderSort2 (0ms)
		AwakeInstancesAfterBackupRestoration (15ms)
Refreshing native plugins compatible for Editor in 1.58 ms, found 4 plugins.
Preloading 0 native plugins for Editor in 0.00 ms.
Unloading 54 Unused Serialized files (Serialized files now loaded: 0)
Unloading 6623 unused Assets / (9.2 MB). Loaded Objects now: 7280.
Memory consumption went from 162.2 MB to 152.9 MB.
Total: 11.652700 ms (FindLiveObjects: 0.695500 ms CreateObjectMapping: 0.814600 ms MarkObjects: 4.780200 ms  DeleteObjects: 5.361100 ms)

Prepare: number of updated asset objects reloaded= 0
========================================================================
Received Prepare
Begin MonoManager ReloadAssembly
- Loaded All Assemblies, in  0.575 seconds
Refreshing native plugins compatible for Editor in 0.92 ms, found 4 plugins.
Native extension for iOS target not found
Native extension for Android target not found
Native extension for WindowsStandalone target not found
Mono: successfully reloaded assembly
- Finished resetting the current domain, in  0.624 seconds
Domain Reload Profiling: 1200ms
	BeginReloadAssembly (161ms)
		ExecutionOrderSort (0ms)
		DisableScriptedObjects (11ms)
		BackupInstance (0ms)
		ReleaseScriptingObjects (0ms)
		CreateAndSetChildDomain (39ms)
	RebuildCommonClasses (33ms)
	RebuildNativeTypeToScriptingClass (10ms)
	initialDomainReloadingComplete (21ms)
	LoadAllAssembliesAndSetupDomain (350ms)
		LoadAssemblies (256ms)
		RebuildTransferFunctionScriptingTraits (0ms)
		AnalyzeDomain (167ms)
			TypeCache.Refresh (7ms)
				TypeCache.ScanAssembly (0ms)
			BuildScriptInfoCaches (149ms)
			ResolveRequiredComponents (9ms)
	FinalizeReload (624ms)
		ReleaseScriptCaches (0ms)
		RebuildScriptCaches (0ms)
		SetupLoadedEditorAssemblies (460ms)
			LogAssemblyErrors (0ms)
			InitializePlatformSupportModulesInManaged (12ms)
			SetLoadedEditorAssemblies (3ms)
			BeforeProcessingInitializeOnLoad (93ms)
			ProcessInitializeOnLoadAttributes (293ms)
			ProcessInitializeOnLoadMethodAttributes (53ms)
			AfterProcessingInitializeOnLoad (4ms)
			EditorAssembliesLoaded (0ms)
		ExecutionOrderSort2 (0ms)
		AwakeInstancesAfterBackupRestoration (11ms)
Refreshing native plugins compatible for Editor in 1.26 ms, found 4 plugins.
Preloading 0 native plugins for Editor in 0.00 ms.
Unloading 54 Unused Serialized files (Serialized files now loaded: 0)
Unloading 6623 unused Assets / (8.6 MB). Loaded Objects now: 7282.
Memory consumption went from 162.1 MB to 153.5 MB.
Total: 9.897800 ms (FindLiveObjects: 0.838000 ms CreateObjectMapping: 0.420400 ms MarkObjects: 4.526800 ms  DeleteObjects: 4.111100 ms)

Prepare: number of updated asset objects reloaded= 0
========================================================================
Received Prepare
Begin MonoManager ReloadAssembly
- Loaded All Assemblies, in  0.601 seconds
Refreshing native plugins compatible for Editor in 0.95 ms, found 4 plugins.
Native extension for iOS target not found
Native extension for Android target not found
Native extension for WindowsStandalone target not found
Mono: successfully reloaded assembly
- Finished resetting the current domain, in  0.634 seconds
Domain Reload Profiling: 1236ms
	BeginReloadAssembly (164ms)
		ExecutionOrderSort (0ms)
		DisableScriptedObjects (12ms)
		BackupInstance (0ms)
		ReleaseScriptingObjects (0ms)
		CreateAndSetChildDomain (42ms)
	RebuildCommonClasses (34ms)
	RebuildNativeTypeToScriptingClass (15ms)
	initialDomainReloadingComplete (21ms)
	LoadAllAssembliesAndSetupDomain (367ms)
		LoadAssemblies (261ms)
		RebuildTransferFunctionScriptingTraits (0ms)
		AnalyzeDomain (179ms)
			TypeCache.Refresh (6ms)
				TypeCache.ScanAssembly (0ms)
			BuildScriptInfoCaches (150ms)
			ResolveRequiredComponents (19ms)
	FinalizeReload (634ms)
		ReleaseScriptCaches (0ms)
		RebuildScriptCaches (0ms)
		SetupLoadedEditorAssemblies (469ms)
			LogAssemblyErrors (0ms)
			InitializePlatformSupportModulesInManaged (13ms)
			SetLoadedEditorAssemblies (3ms)
			BeforeProcessingInitializeOnLoad (88ms)
			ProcessInitializeOnLoadAttributes (300ms)
			ProcessInitializeOnLoadMethodAttributes (61ms)
			AfterProcessingInitializeOnLoad (4ms)
			EditorAssembliesLoaded (0ms)
		ExecutionOrderSort2 (0ms)
		AwakeInstancesAfterBackupRestoration (11ms)
Refreshing native plugins compatible for Editor in 1.03 ms, found 4 plugins.
Preloading 0 native plugins for Editor in 0.00 ms.
Unloading 54 Unused Serialized files (Serialized files now loaded: 0)
Unloading 6623 unused Assets / (9.2 MB). Loaded Objects now: 7284.
Memory consumption went from 162.2 MB to 153.0 MB.
Total: 10.366500 ms (FindLiveObjects: 0.535600 ms CreateObjectMapping: 0.536300 ms MarkObjects: 4.860800 ms  DeleteObjects: 4.432600 ms)

Prepare: number of updated asset objects reloaded= 0
========================================================================
Received Import Request.
  Time since last request: 91.259061 seconds.
  path: Assets/Scenes/Level1_MultipleChoice.unity
  artifactKey: Guid(8c9cfa26abfee488c85f1582747f6a02) Importer(815301076,1909f56bfc062723c751e8b465ee728b)
Start importing Assets/Scenes/Level1_MultipleChoice.unity using Guid(8c9cfa26abfee488c85f1582747f6a02) Importer(815301076,1909f56bfc062723c751e8b465ee728b) (PreviewImporter) -> (artifact id: '3b4d2bca223210796f068df94d090d08') in 0.0062557 seconds
Number of updated asset objects reloaded before import = 0Number of asset objects unloaded after import = 0

========================================================================
Received Prepare
Refreshing native plugins compatible for Editor in 1.10 ms, found 4 plugins.
Preloading 0 native plugins for Editor in 0.00 ms.
Unloading 54 Unused Serialized files (Serialized files now loaded: 0)
Unloading 6612 unused Assets / (8.3 MB). Loaded Objects now: 7284.
Memory consumption went from 162.4 MB to 154.1 MB.
Total: 8.445500 ms (FindLiveObjects: 0.506700 ms CreateObjectMapping: 0.569400 ms MarkObjects: 4.233000 ms  DeleteObjects: 3.135600 ms)

Prepare: number of updated asset objects reloaded= 0
========================================================================
Received Prepare
Begin MonoManager ReloadAssembly
- Loaded All Assemblies, in  0.591 seconds
Refreshing native plugins compatible for Editor in 0.90 ms, found 4 plugins.
Native extension for iOS target not found
Native extension for Android target not found
Native extension for WindowsStandalone target not found
Mono: successfully reloaded assembly
- Finished resetting the current domain, in  0.586 seconds
Domain Reload Profiling: 1177ms
	BeginReloadAssembly (169ms)
		ExecutionOrderSort (0ms)
		DisableScriptedObjects (14ms)
		BackupInstance (0ms)
		ReleaseScriptingObjects (0ms)
		CreateAndSetChildDomain (45ms)
	RebuildCommonClasses (27ms)
	RebuildNativeTypeToScriptingClass (11ms)
	initialDomainReloadingComplete (21ms)
	LoadAllAssembliesAndSetupDomain (363ms)
		LoadAssemblies (270ms)
		RebuildTransferFunctionScriptingTraits (0ms)
		AnalyzeDomain (166ms)
			TypeCache.Refresh (9ms)
				TypeCache.ScanAssembly (1ms)
			BuildScriptInfoCaches (145ms)
			ResolveRequiredComponents (9ms)
	FinalizeReload (586ms)
		ReleaseScriptCaches (0ms)
		RebuildScriptCaches (0ms)
		SetupLoadedEditorAssemblies (431ms)
			LogAssemblyErrors (0ms)
			InitializePlatformSupportModulesInManaged (13ms)
			SetLoadedEditorAssemblies (3ms)
			BeforeProcessingInitializeOnLoad (90ms)
			ProcessInitializeOnLoadAttributes (272ms)
			ProcessInitializeOnLoadMethodAttributes (50ms)
			AfterProcessingInitializeOnLoad (3ms)
			EditorAssembliesLoaded (0ms)
		ExecutionOrderSort2 (0ms)
		AwakeInstancesAfterBackupRestoration (9ms)
Refreshing native plugins compatible for Editor in 0.91 ms, found 4 plugins.
Preloading 0 native plugins for Editor in 0.00 ms.
Unloading 54 Unused Serialized files (Serialized files now loaded: 0)
Unloading 6623 unused Assets / (8.4 MB). Loaded Objects now: 7286.
Memory consumption went from 162.2 MB to 153.8 MB.
Total: 7.653400 ms (FindLiveObjects: 0.500000 ms CreateObjectMapping: 0.443500 ms MarkObjects: 3.712500 ms  DeleteObjects: 2.994800 ms)

Prepare: number of updated asset objects reloaded= 0
========================================================================
Received Prepare
Refreshing native plugins compatible for Editor in 1.86 ms, found 4 plugins.
Preloading 0 native plugins for Editor in 0.00 ms.
Unloading 54 Unused Serialized files (Serialized files now loaded: 0)
Unloading 6612 unused Assets / (8.0 MB). Loaded Objects now: 7286.
Memory consumption went from 162.4 MB to 154.4 MB.
Total: 9.733100 ms (FindLiveObjects: 0.755500 ms CreateObjectMapping: 0.413500 ms MarkObjects: 4.960500 ms  DeleteObjects: 3.602400 ms)

Prepare: number of updated asset objects reloaded= 0
========================================================================
Received Prepare
Begin MonoManager ReloadAssembly
- Loaded All Assemblies, in  0.750 seconds
Refreshing native plugins compatible for Editor in 0.84 ms, found 4 plugins.
Native extension for iOS target not found
Native extension for Android target not found
Native extension for WindowsStandalone target not found
Mono: successfully reloaded assembly
- Finished resetting the current domain, in  0.734 seconds
Domain Reload Profiling: 1484ms
	BeginReloadAssembly (224ms)
		ExecutionOrderSort (0ms)
		DisableScriptedObjects (15ms)
		BackupInstance (0ms)
		ReleaseScriptingObjects (0ms)
		CreateAndSetChildDomain (47ms)
	RebuildCommonClasses (31ms)
	RebuildNativeTypeToScriptingClass (11ms)
	initialDomainReloadingComplete (24ms)
	LoadAllAssembliesAndSetupDomain (459ms)
		LoadAssemblies (347ms)
		RebuildTransferFunctionScriptingTraits (0ms)
		AnalyzeDomain (225ms)
			TypeCache.Refresh (11ms)
				TypeCache.ScanAssembly (1ms)
			BuildScriptInfoCaches (189ms)
			ResolveRequiredComponents (21ms)
	FinalizeReload (734ms)
		ReleaseScriptCaches (0ms)
		RebuildScriptCaches (0ms)
		SetupLoadedEditorAssemblies (535ms)
			LogAssemblyErrors (0ms)
			InitializePlatformSupportModulesInManaged (16ms)
			SetLoadedEditorAssemblies (3ms)
			BeforeProcessingInitializeOnLoad (103ms)
			ProcessInitializeOnLoadAttributes (335ms)
			ProcessInitializeOnLoadMethodAttributes (70ms)
			AfterProcessingInitializeOnLoad (7ms)
			EditorAssembliesLoaded (0ms)
		ExecutionOrderSort2 (0ms)
		AwakeInstancesAfterBackupRestoration (16ms)
Refreshing native plugins compatible for Editor in 1.74 ms, found 4 plugins.
Preloading 0 native plugins for Editor in 0.00 ms.
Unloading 54 Unused Serialized files (Serialized files now loaded: 0)
Unloading 6623 unused Assets / (8.5 MB). Loaded Objects now: 7288.
Memory consumption went from 162.2 MB to 153.7 MB.
Total: 10.285600 ms (FindLiveObjects: 0.748300 ms CreateObjectMapping: 0.415800 ms MarkObjects: 4.950700 ms  DeleteObjects: 4.169500 ms)

Prepare: number of updated asset objects reloaded= 0
========================================================================
Received Prepare
Begin MonoManager ReloadAssembly
- Loaded All Assemblies, in  0.585 seconds
Refreshing native plugins compatible for Editor in 0.93 ms, found 4 plugins.
Native extension for iOS target not found
Native extension for Android target not found
Native extension for WindowsStandalone target not found
Mono: successfully reloaded assembly
- Finished resetting the current domain, in  0.626 seconds
Domain Reload Profiling: 1212ms
	BeginReloadAssembly (164ms)
		ExecutionOrderSort (0ms)
		DisableScriptedObjects (12ms)
		BackupInstance (0ms)
		ReleaseScriptingObjects (0ms)
		CreateAndSetChildDomain (40ms)
	RebuildCommonClasses (28ms)
	RebuildNativeTypeToScriptingClass (10ms)
	initialDomainReloadingComplete (22ms)
	LoadAllAssembliesAndSetupDomain (362ms)
		LoadAssemblies (262ms)
		RebuildTransferFunctionScriptingTraits (0ms)
		AnalyzeDomain (174ms)
			TypeCache.Refresh (7ms)
				TypeCache.ScanAssembly (0ms)
			BuildScriptInfoCaches (154ms)
			ResolveRequiredComponents (9ms)
	FinalizeReload (626ms)
		ReleaseScriptCaches (0ms)
		RebuildScriptCaches (0ms)
		SetupLoadedEditorAssemblies (454ms)
			LogAssemblyErrors (0ms)
			InitializePlatformSupportModulesInManaged (12ms)
			SetLoadedEditorAssemblies (3ms)
			BeforeProcessingInitializeOnLoad (93ms)
			ProcessInitializeOnLoadAttributes (286ms)
			ProcessInitializeOnLoadMethodAttributes (56ms)
			AfterProcessingInitializeOnLoad (3ms)
			EditorAssembliesLoaded (0ms)
		ExecutionOrderSort2 (0ms)
		AwakeInstancesAfterBackupRestoration (10ms)
Refreshing native plugins compatible for Editor in 1.20 ms, found 4 plugins.
Preloading 0 native plugins for Editor in 0.00 ms.
Unloading 54 Unused Serialized files (Serialized files now loaded: 0)
Unloading 6623 unused Assets / (8.5 MB). Loaded Objects now: 7290.
Memory consumption went from 162.2 MB to 153.7 MB.
Total: 9.151500 ms (FindLiveObjects: 0.539000 ms CreateObjectMapping: 0.531100 ms MarkObjects: 4.364500 ms  DeleteObjects: 3.715500 ms)

Prepare: number of updated asset objects reloaded= 0
========================================================================
Received Prepare
Begin MonoManager ReloadAssembly
- Loaded All Assemblies, in  0.564 seconds
Refreshing native plugins compatible for Editor in 1.43 ms, found 4 plugins.
Native extension for iOS target not found
Native extension for Android target not found
Native extension for WindowsStandalone target not found
Mono: successfully reloaded assembly
- Finished resetting the current domain, in  0.626 seconds
Domain Reload Profiling: 1191ms
	BeginReloadAssembly (156ms)
		ExecutionOrderSort (0ms)
		DisableScriptedObjects (11ms)
		BackupInstance (0ms)
		ReleaseScriptingObjects (0ms)
		CreateAndSetChildDomain (38ms)
	RebuildCommonClasses (27ms)
	RebuildNativeTypeToScriptingClass (10ms)
	initialDomainReloadingComplete (24ms)
	LoadAllAssembliesAndSetupDomain (347ms)
		LoadAssemblies (252ms)
		RebuildTransferFunctionScriptingTraits (0ms)
		AnalyzeDomain (164ms)
			TypeCache.Refresh (6ms)
				TypeCache.ScanAssembly (0ms)
			BuildScriptInfoCaches (145ms)
			ResolveRequiredComponents (10ms)
	FinalizeReload (627ms)
		ReleaseScriptCaches (0ms)
		RebuildScriptCaches (0ms)
		SetupLoadedEditorAssemblies (446ms)
			LogAssemblyErrors (0ms)
			InitializePlatformSupportModulesInManaged (12ms)
			SetLoadedEditorAssemblies (3ms)
			BeforeProcessingInitializeOnLoad (87ms)
			ProcessInitializeOnLoadAttributes (290ms)
			ProcessInitializeOnLoadMethodAttributes (51ms)
			AfterProcessingInitializeOnLoad (3ms)
			EditorAssembliesLoaded (0ms)
		ExecutionOrderSort2 (0ms)
		AwakeInstancesAfterBackupRestoration (12ms)
Refreshing native plugins compatible for Editor in 1.01 ms, found 4 plugins.
Preloading 0 native plugins for Editor in 0.00 ms.
Unloading 54 Unused Serialized files (Serialized files now loaded: 0)
Unloading 6623 unused Assets / (9.2 MB). Loaded Objects now: 7292.
Memory consumption went from 162.1 MB to 152.9 MB.
Total: 10.032100 ms (FindLiveObjects: 0.586200 ms CreateObjectMapping: 0.514400 ms MarkObjects: 4.191400 ms  DeleteObjects: 4.739100 ms)

Prepare: number of updated asset objects reloaded= 0
========================================================================
Received Prepare
Begin MonoManager ReloadAssembly
- Loaded All Assemblies, in  0.605 seconds
Refreshing native plugins compatible for Editor in 0.89 ms, found 4 plugins.
Native extension for iOS target not found
Native extension for Android target not found
Native extension for WindowsStandalone target not found
Mono: successfully reloaded assembly
- Finished resetting the current domain, in  0.613 seconds
Domain Reload Profiling: 1218ms
	BeginReloadAssembly (167ms)
		ExecutionOrderSort (0ms)
		DisableScriptedObjects (11ms)
		BackupInstance (0ms)
		ReleaseScriptingObjects (0ms)
		CreateAndSetChildDomain (41ms)
	RebuildCommonClasses (29ms)
	RebuildNativeTypeToScriptingClass (11ms)
	initialDomainReloadingComplete (21ms)
	LoadAllAssembliesAndSetupDomain (377ms)
		LoadAssemblies (276ms)
		RebuildTransferFunctionScriptingTraits (0ms)
		AnalyzeDomain (177ms)
			TypeCache.Refresh (8ms)
				TypeCache.ScanAssembly (0ms)
			BuildScriptInfoCaches (156ms)
			ResolveRequiredComponents (10ms)
	FinalizeReload (614ms)
		ReleaseScriptCaches (0ms)
		RebuildScriptCaches (0ms)
		SetupLoadedEditorAssemblies (448ms)
			LogAssemblyErrors (0ms)
			InitializePlatformSupportModulesInManaged (13ms)
			SetLoadedEditorAssemblies (3ms)
			BeforeProcessingInitializeOnLoad (87ms)
			ProcessInitializeOnLoadAttributes (290ms)
			ProcessInitializeOnLoadMethodAttributes (52ms)
			AfterProcessingInitializeOnLoad (3ms)
			EditorAssembliesLoaded (0ms)
		ExecutionOrderSort2 (0ms)
		AwakeInstancesAfterBackupRestoration (10ms)
Refreshing native plugins compatible for Editor in 1.54 ms, found 4 plugins.
Preloading 0 native plugins for Editor in 0.00 ms.
Unloading 54 Unused Serialized files (Serialized files now loaded: 0)
Unloading 6623 unused Assets / (9.4 MB). Loaded Objects now: 7294.
Memory consumption went from 162.2 MB to 152.9 MB.
Total: 10.618400 ms (FindLiveObjects: 0.565400 ms CreateObjectMapping: 0.995000 ms MarkObjects: 4.325300 ms  DeleteObjects: 4.731700 ms)

Prepare: number of updated asset objects reloaded= 0
========================================================================
Received Prepare
Begin MonoManager ReloadAssembly
- Loaded All Assemblies, in  0.577 seconds
Refreshing native plugins compatible for Editor in 0.90 ms, found 4 plugins.
Native extension for iOS target not found
Native extension for Android target not found
Native extension for WindowsStandalone target not found
Mono: successfully reloaded assembly
- Finished resetting the current domain, in  0.600 seconds
Domain Reload Profiling: 1178ms
	BeginReloadAssembly (161ms)
		ExecutionOrderSort (0ms)
		DisableScriptedObjects (11ms)
		BackupInstance (0ms)
		ReleaseScriptingObjects (0ms)
		CreateAndSetChildDomain (37ms)
	RebuildCommonClasses (28ms)
	RebuildNativeTypeToScriptingClass (10ms)
	initialDomainReloadingComplete (21ms)
	LoadAllAssembliesAndSetupDomain (356ms)
		LoadAssemblies (265ms)
		RebuildTransferFunctionScriptingTraits (0ms)
		AnalyzeDomain (167ms)
			TypeCache.Refresh (6ms)
				TypeCache.ScanAssembly (0ms)
			BuildScriptInfoCaches (145ms)
			ResolveRequiredComponents (11ms)
	FinalizeReload (601ms)
		ReleaseScriptCaches (0ms)
		RebuildScriptCaches (0ms)
		SetupLoadedEditorAssemblies (437ms)
			LogAssemblyErrors (0ms)
			InitializePlatformSupportModulesInManaged (12ms)
			SetLoadedEditorAssemblies (3ms)
			BeforeProcessingInitializeOnLoad (86ms)
			ProcessInitializeOnLoadAttributes (281ms)
			ProcessInitializeOnLoadMethodAttributes (53ms)
			AfterProcessingInitializeOnLoad (3ms)
			EditorAssembliesLoaded (0ms)
		ExecutionOrderSort2 (0ms)
		AwakeInstancesAfterBackupRestoration (10ms)
Refreshing native plugins compatible for Editor in 0.96 ms, found 4 plugins.
Preloading 0 native plugins for Editor in 0.00 ms.
Unloading 54 Unused Serialized files (Serialized files now loaded: 0)
Unloading 6623 unused Assets / (8.8 MB). Loaded Objects now: 7296.
Memory consumption went from 162.2 MB to 153.4 MB.
Total: 9.126800 ms (FindLiveObjects: 0.532700 ms CreateObjectMapping: 0.541000 ms MarkObjects: 3.999200 ms  DeleteObjects: 4.052600 ms)

Prepare: number of updated asset objects reloaded= 0
========================================================================
Received Prepare
Begin MonoManager ReloadAssembly
- Loaded All Assemblies, in  0.569 seconds
Refreshing native plugins compatible for Editor in 0.96 ms, found 4 plugins.
Native extension for iOS target not found
Native extension for Android target not found
Native extension for WindowsStandalone target not found
Mono: successfully reloaded assembly
- Finished resetting the current domain, in  0.622 seconds
Domain Reload Profiling: 1193ms
	BeginReloadAssembly (167ms)
		ExecutionOrderSort (0ms)
		DisableScriptedObjects (13ms)
		BackupInstance (0ms)
		ReleaseScriptingObjects (0ms)
		CreateAndSetChildDomain (41ms)
	RebuildCommonClasses (30ms)
	RebuildNativeTypeToScriptingClass (10ms)
	initialDomainReloadingComplete (22ms)
	LoadAllAssembliesAndSetupDomain (342ms)
		LoadAssemblies (261ms)
		RebuildTransferFunctionScriptingTraits (0ms)
		AnalyzeDomain (156ms)
			TypeCache.Refresh (6ms)
				TypeCache.ScanAssembly (0ms)
			BuildScriptInfoCaches (138ms)
			ResolveRequiredComponents (9ms)
	FinalizeReload (622ms)
		ReleaseScriptCaches (0ms)
		RebuildScriptCaches (0ms)
		SetupLoadedEditorAssemblies (456ms)
			LogAssemblyErrors (0ms)
			InitializePlatformSupportModulesInManaged (12ms)
			SetLoadedEditorAssemblies (3ms)
			BeforeProcessingInitializeOnLoad (92ms)
			ProcessInitializeOnLoadAttributes (292ms)
			ProcessInitializeOnLoadMethodAttributes (54ms)
			AfterProcessingInitializeOnLoad (3ms)
			EditorAssembliesLoaded (0ms)
		ExecutionOrderSort2 (0ms)
		AwakeInstancesAfterBackupRestoration (10ms)
Refreshing native plugins compatible for Editor in 0.92 ms, found 4 plugins.
Preloading 0 native plugins for Editor in 0.00 ms.
Unloading 54 Unused Serialized files (Serialized files now loaded: 0)
Unloading 6623 unused Assets / (8.6 MB). Loaded Objects now: 7298.
Memory consumption went from 162.3 MB to 153.7 MB.
Total: 9.145200 ms (FindLiveObjects: 0.575300 ms CreateObjectMapping: 0.480900 ms MarkObjects: 4.112900 ms  DeleteObjects: 3.974800 ms)

Prepare: number of updated asset objects reloaded= 0
========================================================================
Received Prepare
Begin MonoManager ReloadAssembly
- Loaded All Assemblies, in  0.584 seconds
Refreshing native plugins compatible for Editor in 0.93 ms, found 4 plugins.
Native extension for iOS target not found
Native extension for Android target not found
Native extension for WindowsStandalone target not found
Mono: successfully reloaded assembly
- Finished resetting the current domain, in  0.621 seconds
Domain Reload Profiling: 1206ms
	BeginReloadAssembly (165ms)
		ExecutionOrderSort (0ms)
		DisableScriptedObjects (12ms)
		BackupInstance (0ms)
		ReleaseScriptingObjects (0ms)
		CreateAndSetChildDomain (37ms)
	RebuildCommonClasses (34ms)
	RebuildNativeTypeToScriptingClass (13ms)
	initialDomainReloadingComplete (22ms)
	LoadAllAssembliesAndSetupDomain (350ms)
		LoadAssemblies (260ms)
		RebuildTransferFunctionScriptingTraits (0ms)
		AnalyzeDomain (168ms)
			TypeCache.Refresh (7ms)
				TypeCache.ScanAssembly (0ms)
			BuildScriptInfoCaches (146ms)
			ResolveRequiredComponents (10ms)
	FinalizeReload (622ms)
		ReleaseScriptCaches (0ms)
		RebuildScriptCaches (0ms)
		SetupLoadedEditorAssemblies (457ms)
			LogAssemblyErrors (0ms)
			InitializePlatformSupportModulesInManaged (13ms)
			SetLoadedEditorAssemblies (3ms)
			BeforeProcessingInitializeOnLoad (93ms)
			ProcessInitializeOnLoadAttributes (288ms)
			ProcessInitializeOnLoadMethodAttributes (57ms)
			AfterProcessingInitializeOnLoad (3ms)
			EditorAssembliesLoaded (0ms)
		ExecutionOrderSort2 (0ms)
		AwakeInstancesAfterBackupRestoration (11ms)
Refreshing native plugins compatible for Editor in 0.96 ms, found 4 plugins.
Preloading 0 native plugins for Editor in 0.00 ms.
Unloading 54 Unused Serialized files (Serialized files now loaded: 0)
Unloading 6623 unused Assets / (8.9 MB). Loaded Objects now: 7300.
Memory consumption went from 162.2 MB to 153.3 MB.
Total: 8.963200 ms (FindLiveObjects: 0.512200 ms CreateObjectMapping: 0.603500 ms MarkObjects: 3.973500 ms  DeleteObjects: 3.872600 ms)

Prepare: number of updated asset objects reloaded= 0
========================================================================
Received Prepare
Begin MonoManager ReloadAssembly
- Loaded All Assemblies, in  0.581 seconds
Refreshing native plugins compatible for Editor in 1.38 ms, found 4 plugins.
Native extension for iOS target not found
Native extension for Android target not found
Native extension for WindowsStandalone target not found
Mono: successfully reloaded assembly
- Finished resetting the current domain, in  0.627 seconds
Domain Reload Profiling: 1209ms
	BeginReloadAssembly (167ms)
		ExecutionOrderSort (0ms)
		DisableScriptedObjects (12ms)
		BackupInstance (0ms)
		ReleaseScriptingObjects (0ms)
		CreateAndSetChildDomain (38ms)
	RebuildCommonClasses (28ms)
	RebuildNativeTypeToScriptingClass (10ms)
	initialDomainReloadingComplete (27ms)
	LoadAllAssembliesAndSetupDomain (350ms)
		LoadAssemblies (260ms)
		RebuildTransferFunctionScriptingTraits (0ms)
		AnalyzeDomain (165ms)
			TypeCache.Refresh (7ms)
				TypeCache.ScanAssembly (0ms)
			BuildScriptInfoCaches (146ms)
			ResolveRequiredComponents (9ms)
	FinalizeReload (628ms)
		ReleaseScriptCaches (0ms)
		RebuildScriptCaches (0ms)
		SetupLoadedEditorAssemblies (456ms)
			LogAssemblyErrors (0ms)
			InitializePlatformSupportModulesInManaged (12ms)
			SetLoadedEditorAssemblies (3ms)
			BeforeProcessingInitializeOnLoad (85ms)
			ProcessInitializeOnLoadAttributes (285ms)
			ProcessInitializeOnLoadMethodAttributes (66ms)
			AfterProcessingInitializeOnLoad (4ms)
			EditorAssembliesLoaded (0ms)
		ExecutionOrderSort2 (0ms)
		AwakeInstancesAfterBackupRestoration (12ms)
Refreshing native plugins compatible for Editor in 1.55 ms, found 4 plugins.
Preloading 0 native plugins for Editor in 0.00 ms.
Unloading 54 Unused Serialized files (Serialized files now loaded: 0)
Unloading 6623 unused Assets / (8.4 MB). Loaded Objects now: 7302.
Memory consumption went from 162.2 MB to 153.8 MB.
Total: 9.308300 ms (FindLiveObjects: 0.544600 ms CreateObjectMapping: 0.558900 ms MarkObjects: 4.339400 ms  DeleteObjects: 3.864100 ms)

Prepare: number of updated asset objects reloaded= 0
========================================================================
Received Prepare
Begin MonoManager ReloadAssembly
- Loaded All Assemblies, in  0.582 seconds
Refreshing native plugins compatible for Editor in 1.42 ms, found 4 plugins.
Native extension for iOS target not found
Native extension for Android target not found
Native extension for WindowsStandalone target not found
Mono: successfully reloaded assembly
- Finished resetting the current domain, in  0.611 seconds
Domain Reload Profiling: 1194ms
	BeginReloadAssembly (156ms)
		ExecutionOrderSort (0ms)
		DisableScriptedObjects (11ms)
		BackupInstance (0ms)
		ReleaseScriptingObjects (0ms)
		CreateAndSetChildDomain (38ms)
	RebuildCommonClasses (31ms)
	RebuildNativeTypeToScriptingClass (15ms)
	initialDomainReloadingComplete (23ms)
	LoadAllAssembliesAndSetupDomain (357ms)
		LoadAssemblies (248ms)
		RebuildTransferFunctionScriptingTraits (0ms)
		AnalyzeDomain (179ms)
			TypeCache.Refresh (6ms)
				TypeCache.ScanAssembly (0ms)
			BuildScriptInfoCaches (159ms)
			ResolveRequiredComponents (10ms)
	FinalizeReload (611ms)
		ReleaseScriptCaches (0ms)
		RebuildScriptCaches (0ms)
		SetupLoadedEditorAssemblies (449ms)
			LogAssemblyErrors (0ms)
			InitializePlatformSupportModulesInManaged (12ms)
			SetLoadedEditorAssemblies (3ms)
			BeforeProcessingInitializeOnLoad (88ms)
			ProcessInitializeOnLoadAttributes (291ms)
			ProcessInitializeOnLoadMethodAttributes (51ms)
			AfterProcessingInitializeOnLoad (3ms)
			EditorAssembliesLoaded (0ms)
		ExecutionOrderSort2 (0ms)
		AwakeInstancesAfterBackupRestoration (10ms)
Refreshing native plugins compatible for Editor in 1.17 ms, found 4 plugins.
Preloading 0 native plugins for Editor in 0.00 ms.
Unloading 54 Unused Serialized files (Serialized files now loaded: 0)
Unloading 6623 unused Assets / (8.9 MB). Loaded Objects now: 7304.
Memory consumption went from 162.2 MB to 153.3 MB.
Total: 9.044100 ms (FindLiveObjects: 0.624200 ms CreateObjectMapping: 0.501100 ms MarkObjects: 4.174700 ms  DeleteObjects: 3.742800 ms)

Prepare: number of updated asset objects reloaded= 0
========================================================================
Received Prepare
Begin MonoManager ReloadAssembly
- Loaded All Assemblies, in  0.577 seconds
Refreshing native plugins compatible for Editor in 1.64 ms, found 4 plugins.
Native extension for iOS target not found
Native extension for Android target not found
Native extension for WindowsStandalone target not found
Mono: successfully reloaded assembly
- Finished resetting the current domain, in  0.598 seconds
Domain Reload Profiling: 1176ms
	BeginReloadAssembly (168ms)
		ExecutionOrderSort (0ms)
		DisableScriptedObjects (11ms)
		BackupInstance (0ms)
		ReleaseScriptingObjects (0ms)
		CreateAndSetChildDomain (38ms)
	RebuildCommonClasses (29ms)
	RebuildNativeTypeToScriptingClass (16ms)
	initialDomainReloadingComplete (25ms)
	LoadAllAssembliesAndSetupDomain (340ms)
		LoadAssemblies (257ms)
		RebuildTransferFunctionScriptingTraits (0ms)
		AnalyzeDomain (161ms)
			TypeCache.Refresh (6ms)
				TypeCache.ScanAssembly (0ms)
			BuildScriptInfoCaches (143ms)
			ResolveRequiredComponents (9ms)
	FinalizeReload (599ms)
		ReleaseScriptCaches (0ms)
		RebuildScriptCaches (0ms)
		SetupLoadedEditorAssemblies (437ms)
			LogAssemblyErrors (0ms)
			InitializePlatformSupportModulesInManaged (12ms)
			SetLoadedEditorAssemblies (3ms)
			BeforeProcessingInitializeOnLoad (93ms)
			ProcessInitializeOnLoadAttributes (274ms)
			ProcessInitializeOnLoadMethodAttributes (51ms)
			AfterProcessingInitializeOnLoad (3ms)
			EditorAssembliesLoaded (0ms)
		ExecutionOrderSort2 (0ms)
		AwakeInstancesAfterBackupRestoration (11ms)
Refreshing native plugins compatible for Editor in 1.00 ms, found 4 plugins.
Preloading 0 native plugins for Editor in 0.00 ms.
Unloading 54 Unused Serialized files (Serialized files now loaded: 0)
Unloading 6623 unused Assets / (8.9 MB). Loaded Objects now: 7306.
Memory consumption went from 162.3 MB to 153.4 MB.
Total: 9.192300 ms (FindLiveObjects: 0.595300 ms CreateObjectMapping: 0.600800 ms MarkObjects: 4.130700 ms  DeleteObjects: 3.864300 ms)

Prepare: number of updated asset objects reloaded= 0
========================================================================
Received Import Request.
  Time since last request: 932.290392 seconds.
  path: Assets/Resources/Шьфпуы
  artifactKey: Guid(688be94728aea554f9e09cbde9bdf366) Importer(815301076,1909f56bfc062723c751e8b465ee728b)
Start importing Assets/Resources/Шьфпуы using Guid(688be94728aea554f9e09cbde9bdf366) Importer(815301076,1909f56bfc062723c751e8b465ee728b) (PreviewImporter) -> (artifact id: '3638b92772c5dc756001096bf89bde90') in 0.0370747 seconds
Number of updated asset objects reloaded before import = 0Number of asset objects unloaded after import = 0

========================================================================
Received Import Request.
  Time since last request: 5.669278 seconds.
  path: Assets/Resources/Images
  artifactKey: Guid(688be94728aea554f9e09cbde9bdf366) Importer(815301076,1909f56bfc062723c751e8b465ee728b)
Start importing Assets/Resources/Images using Guid(688be94728aea554f9e09cbde9bdf366) Importer(815301076,1909f56bfc062723c751e8b465ee728b) (PreviewImporter) -> (artifact id: 'f35c69e8661f4dca44eeae85f0ddab60') in 0.0005249 seconds
Number of updated asset objects reloaded before import = 0Number of asset objects unloaded after import = 0

========================================================================
Received Prepare
Refreshing native plugins compatible for Editor in 1.32 ms, found 4 plugins.
Preloading 0 native plugins for Editor in 0.00 ms.
Unloading 54 Unused Serialized files (Serialized files now loaded: 0)
Unloading 6612 unused Assets / (8.8 MB). Loaded Objects now: 7306.
Memory consumption went from 162.4 MB to 153.6 MB.
Total: 11.867900 ms (FindLiveObjects: 0.654700 ms CreateObjectMapping: 0.629700 ms MarkObjects: 6.165300 ms  DeleteObjects: 4.416700 ms)

Prepare: number of updated asset objects reloaded= 0
========================================================================
Received Import Request.
  Time since last request: 34.799806 seconds.
  path: Assets/Scripts/Level1_questionManager.cs
  artifactKey: Guid(7cdcc7269b93d22419b44a07ca13d012) Importer(815301076,1909f56bfc062723c751e8b465ee728b)
Start importing Assets/Scripts/Level1_questionManager.cs using Guid(7cdcc7269b93d22419b44a07ca13d012) Importer(815301076,1909f56bfc062723c751e8b465ee728b) (PreviewImporter) -> (artifact id: '160f70becd6fb489dcbf20fe06656294') in 0.0033399 seconds
Number of updated asset objects reloaded before import = 0Number of asset objects unloaded after import = 0

========================================================================
Received Prepare
Begin MonoManager ReloadAssembly
- Loaded All Assemblies, in  0.743 seconds
Refreshing native plugins compatible for Editor in 1.52 ms, found 4 plugins.
Native extension for iOS target not found
Native extension for Android target not found
Native extension for WindowsStandalone target not found
Mono: successfully reloaded assembly
- Finished resetting the current domain, in  0.819 seconds
Domain Reload Profiling: 1560ms
	BeginReloadAssembly (222ms)
		ExecutionOrderSort (0ms)
		DisableScriptedObjects (15ms)
		BackupInstance (0ms)
		ReleaseScriptingObjects (0ms)
		CreateAndSetChildDomain (53ms)
	RebuildCommonClasses (35ms)
	RebuildNativeTypeToScriptingClass (13ms)
	initialDomainReloadingComplete (31ms)
	LoadAllAssembliesAndSetupDomain (439ms)
		LoadAssemblies (349ms)
		RebuildTransferFunctionScriptingTraits (0ms)
		AnalyzeDomain (197ms)
			TypeCache.Refresh (9ms)
				TypeCache.ScanAssembly (1ms)
			BuildScriptInfoCaches (171ms)
			ResolveRequiredComponents (14ms)
	FinalizeReload (820ms)
		ReleaseScriptCaches (0ms)
		RebuildScriptCaches (0ms)
		SetupLoadedEditorAssemblies (584ms)
			LogAssemblyErrors (0ms)
			InitializePlatformSupportModulesInManaged (19ms)
			SetLoadedEditorAssemblies (4ms)
			BeforeProcessingInitializeOnLoad (110ms)
			ProcessInitializeOnLoadAttributes (372ms)
			ProcessInitializeOnLoadMethodAttributes (74ms)
			AfterProcessingInitializeOnLoad (6ms)
			EditorAssembliesLoaded (0ms)
		ExecutionOrderSort2 (0ms)
		AwakeInstancesAfterBackupRestoration (15ms)
Refreshing native plugins compatible for Editor in 2.03 ms, found 4 plugins.
Preloading 0 native plugins for Editor in 0.00 ms.
Unloading 54 Unused Serialized files (Serialized files now loaded: 0)
Unloading 6623 unused Assets / (8.9 MB). Loaded Objects now: 7308.
Memory consumption went from 162.2 MB to 153.3 MB.
Total: 12.595300 ms (FindLiveObjects: 0.876000 ms CreateObjectMapping: 0.806600 ms MarkObjects: 6.114700 ms  DeleteObjects: 4.796500 ms)

Prepare: number of updated asset objects reloaded= 0
========================================================================
Received Prepare
Refreshing native plugins compatible for Editor in 0.97 ms, found 4 plugins.
Preloading 0 native plugins for Editor in 0.00 ms.
Unloading 54 Unused Serialized files (Serialized files now loaded: 0)
Unloading 6612 unused Assets / (8.7 MB). Loaded Objects now: 7308.
Memory consumption went from 162.4 MB to 153.7 MB.
Total: 8.086000 ms (FindLiveObjects: 0.503600 ms CreateObjectMapping: 0.481600 ms MarkObjects: 3.669900 ms  DeleteObjects: 3.430200 ms)

Prepare: number of updated asset objects reloaded= 0
========================================================================
Received Prepare
Begin MonoManager ReloadAssembly
- Loaded All Assemblies, in  0.603 seconds
Refreshing native plugins compatible for Editor in 1.05 ms, found 4 plugins.
Native extension for iOS target not found
Native extension for Android target not found
Native extension for WindowsStandalone target not found
Mono: successfully reloaded assembly
- Finished resetting the current domain, in  0.690 seconds
Domain Reload Profiling: 1294ms
	BeginReloadAssembly (172ms)
		ExecutionOrderSort (0ms)
		DisableScriptedObjects (13ms)
		BackupInstance (0ms)
		ReleaseScriptingObjects (0ms)
		CreateAndSetChildDomain (42ms)
	RebuildCommonClasses (29ms)
	RebuildNativeTypeToScriptingClass (11ms)
	initialDomainReloadingComplete (20ms)
	LoadAllAssembliesAndSetupDomain (371ms)
		LoadAssemblies (275ms)
		RebuildTransferFunctionScriptingTraits (0ms)
		AnalyzeDomain (177ms)
			TypeCache.Refresh (9ms)
				TypeCache.ScanAssembly (1ms)
			BuildScriptInfoCaches (155ms)
			ResolveRequiredComponents (9ms)
	FinalizeReload (690ms)
		ReleaseScriptCaches (0ms)
		RebuildScriptCaches (0ms)
		SetupLoadedEditorAssemblies (516ms)
			LogAssemblyErrors (0ms)
			InitializePlatformSupportModulesInManaged (14ms)
			SetLoadedEditorAssemblies (3ms)
			BeforeProcessingInitializeOnLoad (118ms)
			ProcessInitializeOnLoadAttributes (322ms)
			ProcessInitializeOnLoadMethodAttributes (55ms)
			AfterProcessingInitializeOnLoad (3ms)
			EditorAssembliesLoaded (0ms)
		ExecutionOrderSort2 (0ms)
		AwakeInstancesAfterBackupRestoration (9ms)
Refreshing native plugins compatible for Editor in 1.03 ms, found 4 plugins.
Preloading 0 native plugins for Editor in 0.00 ms.
Unloading 54 Unused Serialized files (Serialized files now loaded: 0)
Unloading 6623 unused Assets / (8.5 MB). Loaded Objects now: 7310.
Memory consumption went from 162.3 MB to 153.8 MB.
Total: 8.926100 ms (FindLiveObjects: 0.577800 ms CreateObjectMapping: 0.461900 ms MarkObjects: 3.954600 ms  DeleteObjects: 3.930700 ms)

Prepare: number of updated asset objects reloaded= 0
========================================================================
Received Prepare
Refreshing native plugins compatible for Editor in 1.94 ms, found 4 plugins.
Preloading 0 native plugins for Editor in 0.00 ms.
Unloading 54 Unused Serialized files (Serialized files now loaded: 0)
Unloading 6612 unused Assets / (8.3 MB). Loaded Objects now: 7310.
Memory consumption went from 162.4 MB to 154.0 MB.
Total: 9.490300 ms (FindLiveObjects: 0.779700 ms CreateObjectMapping: 0.448100 ms MarkObjects: 5.018100 ms  DeleteObjects: 3.243200 ms)

Prepare: number of updated asset objects reloaded= 0
========================================================================
Received Prepare
Begin MonoManager ReloadAssembly
- Loaded All Assemblies, in  0.792 seconds
Refreshing native plugins compatible for Editor in 1.13 ms, found 4 plugins.
Native extension for iOS target not found
Native extension for Android target not found
Native extension for WindowsStandalone target not found
Mono: successfully reloaded assembly
- Finished resetting the current domain, in  0.769 seconds
Domain Reload Profiling: 1565ms
	BeginReloadAssembly (212ms)
		ExecutionOrderSort (0ms)
		DisableScriptedObjects (16ms)
		BackupInstance (0ms)
		ReleaseScriptingObjects (0ms)
		CreateAndSetChildDomain (47ms)
	RebuildCommonClasses (35ms)
	RebuildNativeTypeToScriptingClass (11ms)
	initialDomainReloadingComplete (27ms)
	LoadAllAssembliesAndSetupDomain (510ms)
		LoadAssemblies (341ms)
		RebuildTransferFunctionScriptingTraits (0ms)
		AnalyzeDomain (271ms)
			TypeCache.Refresh (10ms)
				TypeCache.ScanAssembly (1ms)
			BuildScriptInfoCaches (240ms)
			ResolveRequiredComponents (17ms)
	FinalizeReload (770ms)
		ReleaseScriptCaches (0ms)
		RebuildScriptCaches (0ms)
		SetupLoadedEditorAssemblies (544ms)
			LogAssemblyErrors (0ms)
			InitializePlatformSupportModulesInManaged (13ms)
			SetLoadedEditorAssemblies (4ms)
			BeforeProcessingInitializeOnLoad (110ms)
			ProcessInitializeOnLoadAttributes (355ms)
			ProcessInitializeOnLoadMethodAttributes (59ms)
			AfterProcessingInitializeOnLoad (4ms)
			EditorAssembliesLoaded (0ms)
		ExecutionOrderSort2 (0ms)
		AwakeInstancesAfterBackupRestoration (13ms)
Refreshing native plugins compatible for Editor in 1.95 ms, found 4 plugins.
Preloading 0 native plugins for Editor in 0.00 ms.
Unloading 54 Unused Serialized files (Serialized files now loaded: 0)
Unloading 6623 unused Assets / (7.9 MB). Loaded Objects now: 7312.
Memory consumption went from 162.2 MB to 154.2 MB.
Total: 8.230700 ms (FindLiveObjects: 0.769700 ms CreateObjectMapping: 0.418100 ms MarkObjects: 3.980500 ms  DeleteObjects: 3.061300 ms)

Prepare: number of updated asset objects reloaded= 0
========================================================================
Received Prepare
Begin MonoManager ReloadAssembly
- Loaded All Assemblies, in  0.600 seconds
Refreshing native plugins compatible for Editor in 1.12 ms, found 4 plugins.
Native extension for iOS target not found
Native extension for Android target not found
Native extension for WindowsStandalone target not found
Mono: successfully reloaded assembly
- Finished resetting the current domain, in  0.606 seconds
Domain Reload Profiling: 1208ms
	BeginReloadAssembly (174ms)
		ExecutionOrderSort (0ms)
		DisableScriptedObjects (12ms)
		BackupInstance (0ms)
		ReleaseScriptingObjects (0ms)
		CreateAndSetChildDomain (43ms)
	RebuildCommonClasses (33ms)
	RebuildNativeTypeToScriptingClass (10ms)
	initialDomainReloadingComplete (23ms)
	LoadAllAssembliesAndSetupDomain (362ms)
		LoadAssemblies (274ms)
		RebuildTransferFunctionScriptingTraits (0ms)
		AnalyzeDomain (167ms)
			TypeCache.Refresh (6ms)
				TypeCache.ScanAssembly (0ms)
			BuildScriptInfoCaches (148ms)
			ResolveRequiredComponents (10ms)
	FinalizeReload (607ms)
		ReleaseScriptCaches (0ms)
		RebuildScriptCaches (0ms)
		SetupLoadedEditorAssemblies (445ms)
			LogAssemblyErrors (0ms)
			InitializePlatformSupportModulesInManaged (12ms)
			SetLoadedEditorAssemblies (3ms)
			BeforeProcessingInitializeOnLoad (90ms)
			ProcessInitializeOnLoadAttributes (284ms)
			ProcessInitializeOnLoadMethodAttributes (51ms)
			AfterProcessingInitializeOnLoad (3ms)
			EditorAssembliesLoaded (0ms)
		ExecutionOrderSort2 (0ms)
		AwakeInstancesAfterBackupRestoration (11ms)
Refreshing native plugins compatible for Editor in 1.31 ms, found 4 plugins.
Preloading 0 native plugins for Editor in 0.00 ms.
Unloading 54 Unused Serialized files (Serialized files now loaded: 0)
Unloading 6623 unused Assets / (8.8 MB). Loaded Objects now: 7314.
Memory consumption went from 162.2 MB to 153.5 MB.
Total: 9.995200 ms (FindLiveObjects: 0.592700 ms CreateObjectMapping: 0.597600 ms MarkObjects: 4.771600 ms  DeleteObjects: 4.032100 ms)

Prepare: number of updated asset objects reloaded= 0
========================================================================
Received Prepare
Begin MonoManager ReloadAssembly
- Loaded All Assemblies, in  0.633 seconds
Refreshing native plugins compatible for Editor in 0.88 ms, found 4 plugins.
Native extension for iOS target not found
Native extension for Android target not found
Native extension for WindowsStandalone target not found
Mono: successfully reloaded assembly
- Finished resetting the current domain, in  0.627 seconds
Domain Reload Profiling: 1261ms
	BeginReloadAssembly (180ms)
		ExecutionOrderSort (0ms)
		DisableScriptedObjects (14ms)
		BackupInstance (0ms)
		ReleaseScriptingObjects (0ms)
		CreateAndSetChildDomain (42ms)
	RebuildCommonClasses (30ms)
	RebuildNativeTypeToScriptingClass (12ms)
	initialDomainReloadingComplete (25ms)
	LoadAllAssembliesAndSetupDomain (387ms)
		LoadAssemblies (286ms)
		RebuildTransferFunctionScriptingTraits (0ms)
		AnalyzeDomain (184ms)
			TypeCache.Refresh (7ms)
				TypeCache.ScanAssembly (0ms)
			BuildScriptInfoCaches (161ms)
			ResolveRequiredComponents (11ms)
	FinalizeReload (628ms)
		ReleaseScriptCaches (0ms)
		RebuildScriptCaches (0ms)
		SetupLoadedEditorAssemblies (451ms)
			LogAssemblyErrors (0ms)
			InitializePlatformSupportModulesInManaged (12ms)
			SetLoadedEditorAssemblies (3ms)
			BeforeProcessingInitializeOnLoad (95ms)
			ProcessInitializeOnLoadAttributes (286ms)
			ProcessInitializeOnLoadMethodAttributes (51ms)
			AfterProcessingInitializeOnLoad (3ms)
			EditorAssembliesLoaded (0ms)
		ExecutionOrderSort2 (0ms)
		AwakeInstancesAfterBackupRestoration (10ms)
Refreshing native plugins compatible for Editor in 1.31 ms, found 4 plugins.
Preloading 0 native plugins for Editor in 0.00 ms.
Unloading 54 Unused Serialized files (Serialized files now loaded: 0)
Unloading 6623 unused Assets / (8.5 MB). Loaded Objects now: 7316.
Memory consumption went from 162.2 MB to 153.7 MB.
Total: 10.161200 ms (FindLiveObjects: 0.615500 ms CreateObjectMapping: 0.621600 ms MarkObjects: 4.742200 ms  DeleteObjects: 4.180300 ms)

Prepare: number of updated asset objects reloaded= 0
========================================================================
Received Prepare
Refreshing native plugins compatible for Editor in 2.00 ms, found 4 plugins.
Preloading 0 native plugins for Editor in 0.00 ms.
Unloading 54 Unused Serialized files (Serialized files now loaded: 0)
Unloading 6612 unused Assets / (9.2 MB). Loaded Objects now: 7316.
Memory consumption went from 162.4 MB to 153.2 MB.
Total: 11.069700 ms (FindLiveObjects: 0.560400 ms CreateObjectMapping: 0.481400 ms MarkObjects: 5.679400 ms  DeleteObjects: 4.346800 ms)

Prepare: number of updated asset objects reloaded= 0
========================================================================
Received Prepare
Begin MonoManager ReloadAssembly
- Loaded All Assemblies, in  0.780 seconds
Refreshing native plugins compatible for Editor in 1.50 ms, found 4 plugins.
Native extension for iOS target not found
Native extension for Android target not found
Native extension for WindowsStandalone target not found
Mono: successfully reloaded assembly
- Finished resetting the current domain, in  0.799 seconds
Domain Reload Profiling: 1579ms
	BeginReloadAssembly (223ms)
		ExecutionOrderSort (0ms)
		DisableScriptedObjects (16ms)
		BackupInstance (0ms)
		ReleaseScriptingObjects (0ms)
		CreateAndSetChildDomain (44ms)
	RebuildCommonClasses (38ms)
	RebuildNativeTypeToScriptingClass (13ms)
	initialDomainReloadingComplete (33ms)
	LoadAllAssembliesAndSetupDomain (472ms)
		LoadAssemblies (368ms)
		RebuildTransferFunctionScriptingTraits (0ms)
		AnalyzeDomain (214ms)
			TypeCache.Refresh (11ms)
				TypeCache.ScanAssembly (1ms)
			BuildScriptInfoCaches (187ms)
			ResolveRequiredComponents (13ms)
	FinalizeReload (800ms)
		ReleaseScriptCaches (0ms)
		RebuildScriptCaches (0ms)
		SetupLoadedEditorAssemblies (583ms)
			LogAssemblyErrors (0ms)
			InitializePlatformSupportModulesInManaged (16ms)
			SetLoadedEditorAssemblies (6ms)
			BeforeProcessingInitializeOnLoad (116ms)
			ProcessInitializeOnLoadAttributes (375ms)
			ProcessInitializeOnLoadMethodAttributes (64ms)
			AfterProcessingInitializeOnLoad (5ms)
			EditorAssembliesLoaded (0ms)
		ExecutionOrderSort2 (0ms)
		AwakeInstancesAfterBackupRestoration (14ms)
Refreshing native plugins compatible for Editor in 1.10 ms, found 4 plugins.
Preloading 0 native plugins for Editor in 0.00 ms.
Unloading 54 Unused Serialized files (Serialized files now loaded: 0)
Unloading 6623 unused Assets / (9.0 MB). Loaded Objects now: 7318.
Memory consumption went from 162.3 MB to 153.2 MB.
Total: 9.609700 ms (FindLiveObjects: 0.561500 ms CreateObjectMapping: 0.635300 ms MarkObjects: 4.174000 ms  DeleteObjects: 4.237900 ms)

Prepare: number of updated asset objects reloaded= 0
========================================================================
Received Prepare
Begin MonoManager ReloadAssembly
- Loaded All Assemblies, in  0.589 seconds
Refreshing native plugins compatible for Editor in 1.13 ms, found 4 plugins.
Native extension for iOS target not found
Native extension for Android target not found
Native extension for WindowsStandalone target not found
Mono: successfully reloaded assembly
- Finished resetting the current domain, in  0.609 seconds
Domain Reload Profiling: 1200ms
	BeginReloadAssembly (164ms)
		ExecutionOrderSort (0ms)
		DisableScriptedObjects (12ms)
		BackupInstance (0ms)
		ReleaseScriptingObjects (0ms)
		CreateAndSetChildDomain (39ms)
	RebuildCommonClasses (36ms)
	RebuildNativeTypeToScriptingClass (10ms)
	initialDomainReloadingComplete (27ms)
	LoadAllAssembliesAndSetupDomain (353ms)
		LoadAssemblies (263ms)
		RebuildTransferFunctionScriptingTraits (0ms)
		AnalyzeDomain (164ms)
			TypeCache.Refresh (6ms)
				TypeCache.ScanAssembly (0ms)
			BuildScriptInfoCaches (143ms)
			ResolveRequiredComponents (11ms)
	FinalizeReload (610ms)
		ReleaseScriptCaches (0ms)
		RebuildScriptCaches (0ms)
		SetupLoadedEditorAssemblies (444ms)
			LogAssemblyErrors (0ms)
			InitializePlatformSupportModulesInManaged (12ms)
			SetLoadedEditorAssemblies (3ms)
			BeforeProcessingInitializeOnLoad (89ms)
			ProcessInitializeOnLoadAttributes (281ms)
			ProcessInitializeOnLoadMethodAttributes (55ms)
			AfterProcessingInitializeOnLoad (3ms)
			EditorAssembliesLoaded (0ms)
		ExecutionOrderSort2 (0ms)
		AwakeInstancesAfterBackupRestoration (11ms)
Refreshing native plugins compatible for Editor in 1.36 ms, found 4 plugins.
Preloading 0 native plugins for Editor in 0.00 ms.
Unloading 54 Unused Serialized files (Serialized files now loaded: 0)
Unloading 6623 unused Assets / (9.6 MB). Loaded Objects now: 7320.
Memory consumption went from 162.3 MB to 152.7 MB.
Total: 10.579200 ms (FindLiveObjects: 0.573200 ms CreateObjectMapping: 0.529000 ms MarkObjects: 4.550000 ms  DeleteObjects: 4.925700 ms)

Prepare: number of updated asset objects reloaded= 0
========================================================================
Received Prepare
Begin MonoManager ReloadAssembly
- Loaded All Assemblies, in  0.580 seconds
Refreshing native plugins compatible for Editor in 1.55 ms, found 4 plugins.
Native extension for iOS target not found
Native extension for Android target not found
Native extension for WindowsStandalone target not found
Mono: successfully reloaded assembly
- Finished resetting the current domain, in  0.604 seconds
Domain Reload Profiling: 1186ms
	BeginReloadAssembly (158ms)
		ExecutionOrderSort (0ms)
		DisableScriptedObjects (12ms)
		BackupInstance (0ms)
		ReleaseScriptingObjects (0ms)
		CreateAndSetChildDomain (37ms)
	RebuildCommonClasses (29ms)
	RebuildNativeTypeToScriptingClass (11ms)
	initialDomainReloadingComplete (20ms)
	LoadAllAssembliesAndSetupDomain (363ms)
		LoadAssemblies (257ms)
		RebuildTransferFunctionScriptingTraits (0ms)
		AnalyzeDomain (177ms)
			TypeCache.Refresh (6ms)
				TypeCache.ScanAssembly (0ms)
			BuildScriptInfoCaches (155ms)
			ResolveRequiredComponents (12ms)
	FinalizeReload (605ms)
		ReleaseScriptCaches (0ms)
		RebuildScriptCaches (0ms)
		SetupLoadedEditorAssemblies (441ms)
			LogAssemblyErrors (0ms)
			InitializePlatformSupportModulesInManaged (13ms)
			SetLoadedEditorAssemblies (3ms)
			BeforeProcessingInitializeOnLoad (90ms)
			ProcessInitializeOnLoadAttributes (275ms)
			ProcessInitializeOnLoadMethodAttributes (57ms)
			AfterProcessingInitializeOnLoad (4ms)
			EditorAssembliesLoaded (0ms)
		ExecutionOrderSort2 (0ms)
		AwakeInstancesAfterBackupRestoration (11ms)
Refreshing native plugins compatible for Editor in 1.06 ms, found 4 plugins.
Preloading 0 native plugins for Editor in 0.00 ms.
Unloading 54 Unused Serialized files (Serialized files now loaded: 0)
Unloading 6623 unused Assets / (8.7 MB). Loaded Objects now: 7322.
Memory consumption went from 162.2 MB to 153.6 MB.
Total: 8.954900 ms (FindLiveObjects: 0.527200 ms CreateObjectMapping: 0.566600 ms MarkObjects: 4.218400 ms  DeleteObjects: 3.641600 ms)

Prepare: number of updated asset objects reloaded= 0
========================================================================
Received Prepare
Refreshing native plugins compatible for Editor in 1.92 ms, found 4 plugins.
Preloading 0 native plugins for Editor in 0.00 ms.
Unloading 54 Unused Serialized files (Serialized files now loaded: 0)
Unloading 6612 unused Assets / (9.9 MB). Loaded Objects now: 7322.
Memory consumption went from 162.4 MB to 152.5 MB.
Total: 11.985500 ms (FindLiveObjects: 0.629800 ms CreateObjectMapping: 0.796800 ms MarkObjects: 5.762900 ms  DeleteObjects: 4.794800 ms)

Prepare: number of updated asset objects reloaded= 0
========================================================================
Received Prepare
Refreshing native plugins compatible for Editor in 0.96 ms, found 4 plugins.
Preloading 0 native plugins for Editor in 0.00 ms.
Unloading 54 Unused Serialized files (Serialized files now loaded: 0)
Unloading 6612 unused Assets / (8.2 MB). Loaded Objects now: 7322.
Memory consumption went from 162.4 MB to 154.2 MB.
Total: 8.533100 ms (FindLiveObjects: 0.558600 ms CreateObjectMapping: 0.982900 ms MarkObjects: 3.888800 ms  DeleteObjects: 3.102200 ms)

Prepare: number of updated asset objects reloaded= 0
========================================================================
Received Prepare
Refreshing native plugins compatible for Editor in 1.33 ms, found 4 plugins.
Preloading 0 native plugins for Editor in 0.00 ms.
Unloading 54 Unused Serialized files (Serialized files now loaded: 0)
Unloading 6612 unused Assets / (9.3 MB). Loaded Objects now: 7322.
Memory consumption went from 162.4 MB to 153.1 MB.
Total: 10.209000 ms (FindLiveObjects: 0.831600 ms CreateObjectMapping: 0.652400 ms MarkObjects: 3.902000 ms  DeleteObjects: 4.821600 ms)

Prepare: number of updated asset objects reloaded= 0
========================================================================
Received Prepare
Refreshing native plugins compatible for Editor in 1.80 ms, found 4 plugins.
Preloading 0 native plugins for Editor in 0.00 ms.
Unloading 54 Unused Serialized files (Serialized files now loaded: 0)
Unloading 6612 unused Assets / (8.7 MB). Loaded Objects now: 7322.
Memory consumption went from 162.3 MB to 153.6 MB.
Total: 10.308400 ms (FindLiveObjects: 0.788800 ms CreateObjectMapping: 0.461500 ms MarkObjects: 4.985400 ms  DeleteObjects: 4.071200 ms)

Prepare: number of updated asset objects reloaded= 0
========================================================================
Received Prepare
Refreshing native plugins compatible for Editor in 1.94 ms, found 4 plugins.
Preloading 0 native plugins for Editor in 0.00 ms.
Unloading 54 Unused Serialized files (Serialized files now loaded: 0)
Unloading 6612 unused Assets / (8.3 MB). Loaded Objects now: 7322.
Memory consumption went from 162.4 MB to 154.1 MB.
Total: 10.888600 ms (FindLiveObjects: 0.818300 ms CreateObjectMapping: 0.538400 ms MarkObjects: 5.507500 ms  DeleteObjects: 4.023100 ms)

Prepare: number of updated asset objects reloaded= 0
========================================================================
Received Prepare
Refreshing native plugins compatible for Editor in 1.78 ms, found 4 plugins.
Preloading 0 native plugins for Editor in 0.00 ms.
Unloading 54 Unused Serialized files (Serialized files now loaded: 0)
Unloading 6612 unused Assets / (8.6 MB). Loaded Objects now: 7322.
Memory consumption went from 162.4 MB to 153.7 MB.
Total: 10.132900 ms (FindLiveObjects: 0.791000 ms CreateObjectMapping: 0.427700 ms MarkObjects: 4.854100 ms  DeleteObjects: 4.058600 ms)

Prepare: number of updated asset objects reloaded= 0
========================================================================
Received Prepare
Begin MonoManager ReloadAssembly
- Loaded All Assemblies, in  0.772 seconds
Refreshing native plugins compatible for Editor in 1.52 ms, found 4 plugins.
Native extension for iOS target not found
Native extension for Android target not found
Native extension for WindowsStandalone target not found
Mono: successfully reloaded assembly
- Finished resetting the current domain, in  0.766 seconds
Domain Reload Profiling: 1536ms
	BeginReloadAssembly (225ms)
		ExecutionOrderSort (0ms)
		DisableScriptedObjects (18ms)
		BackupInstance (0ms)
		ReleaseScriptingObjects (0ms)
		CreateAndSetChildDomain (46ms)
	RebuildCommonClasses (33ms)
	RebuildNativeTypeToScriptingClass (11ms)
	initialDomainReloadingComplete (27ms)
	LoadAllAssembliesAndSetupDomain (474ms)
		LoadAssemblies (362ms)
		RebuildTransferFunctionScriptingTraits (0ms)
		AnalyzeDomain (215ms)
			TypeCache.Refresh (8ms)
				TypeCache.ScanAssembly (0ms)
			BuildScriptInfoCaches (190ms)
			ResolveRequiredComponents (14ms)
	FinalizeReload (766ms)
		ReleaseScriptCaches (0ms)
		RebuildScriptCaches (0ms)
		SetupLoadedEditorAssemblies (536ms)
			LogAssemblyErrors (0ms)
			InitializePlatformSupportModulesInManaged (17ms)
			SetLoadedEditorAssemblies (4ms)
			BeforeProcessingInitializeOnLoad (108ms)
			ProcessInitializeOnLoadAttributes (331ms)
			ProcessInitializeOnLoadMethodAttributes (71ms)
			AfterProcessingInitializeOnLoad (5ms)
			EditorAssembliesLoaded (0ms)
		ExecutionOrderSort2 (0ms)
		AwakeInstancesAfterBackupRestoration (15ms)
Refreshing native plugins compatible for Editor in 1.06 ms, found 4 plugins.
Preloading 0 native plugins for Editor in 0.00 ms.
Unloading 54 Unused Serialized files (Serialized files now loaded: 0)
Unloading 6623 unused Assets / (9.1 MB). Loaded Objects now: 7324.
Memory consumption went from 162.3 MB to 153.2 MB.
Total: 11.202600 ms (FindLiveObjects: 0.504800 ms CreateObjectMapping: 0.452900 ms MarkObjects: 5.465800 ms  DeleteObjects: 4.777900 ms)

Prepare: number of updated asset objects reloaded= 0
========================================================================
Received Prepare
Begin MonoManager ReloadAssembly
- Loaded All Assemblies, in  0.589 seconds
Refreshing native plugins compatible for Editor in 1.16 ms, found 4 plugins.
Native extension for iOS target not found
Native extension for Android target not found
Native extension for WindowsStandalone target not found
Mono: successfully reloaded assembly
- Finished resetting the current domain, in  0.626 seconds
Domain Reload Profiling: 1216ms
	BeginReloadAssembly (161ms)
		ExecutionOrderSort (0ms)
		DisableScriptedObjects (11ms)
		BackupInstance (0ms)
		ReleaseScriptingObjects (0ms)
		CreateAndSetChildDomain (40ms)
	RebuildCommonClasses (28ms)
	RebuildNativeTypeToScriptingClass (10ms)
	initialDomainReloadingComplete (23ms)
	LoadAllAssembliesAndSetupDomain (368ms)
		LoadAssemblies (266ms)
		RebuildTransferFunctionScriptingTraits (0ms)
		AnalyzeDomain (172ms)
			TypeCache.Refresh (6ms)
				TypeCache.ScanAssembly (0ms)
			BuildScriptInfoCaches (150ms)
			ResolveRequiredComponents (13ms)
	FinalizeReload (626ms)
		ReleaseScriptCaches (0ms)
		RebuildScriptCaches (0ms)
		SetupLoadedEditorAssemblies (463ms)
			LogAssemblyErrors (0ms)
			InitializePlatformSupportModulesInManaged (12ms)
			SetLoadedEditorAssemblies (5ms)
			BeforeProcessingInitializeOnLoad (99ms)
			ProcessInitializeOnLoadAttributes (285ms)
			ProcessInitializeOnLoadMethodAttributes (59ms)
			AfterProcessingInitializeOnLoad (3ms)
			EditorAssembliesLoaded (0ms)
		ExecutionOrderSort2 (0ms)
		AwakeInstancesAfterBackupRestoration (10ms)
Refreshing native plugins compatible for Editor in 1.39 ms, found 4 plugins.
Preloading 0 native plugins for Editor in 0.00 ms.
Unloading 54 Unused Serialized files (Serialized files now loaded: 0)
Unloading 6623 unused Assets / (8.7 MB). Loaded Objects now: 7326.
Memory consumption went from 162.3 MB to 153.6 MB.
Total: 9.540900 ms (FindLiveObjects: 0.513900 ms CreateObjectMapping: 0.523200 ms MarkObjects: 4.235100 ms  DeleteObjects: 4.267400 ms)

Prepare: number of updated asset objects reloaded= 0
========================================================================
Received Prepare
Begin MonoManager ReloadAssembly
- Loaded All Assemblies, in  0.585 seconds
Refreshing native plugins compatible for Editor in 0.88 ms, found 4 plugins.
Native extension for iOS target not found
Native extension for Android target not found
Native extension for WindowsStandalone target not found
Mono: successfully reloaded assembly
- Finished resetting the current domain, in  0.607 seconds
Domain Reload Profiling: 1194ms
	BeginReloadAssembly (166ms)
		ExecutionOrderSort (0ms)
		DisableScriptedObjects (11ms)
		BackupInstance (0ms)
		ReleaseScriptingObjects (0ms)
		CreateAndSetChildDomain (40ms)
	RebuildCommonClasses (31ms)
	RebuildNativeTypeToScriptingClass (10ms)
	initialDomainReloadingComplete (23ms)
	LoadAllAssembliesAndSetupDomain (358ms)
		LoadAssemblies (261ms)
		RebuildTransferFunctionScriptingTraits (0ms)
		AnalyzeDomain (170ms)
			TypeCache.Refresh (6ms)
				TypeCache.ScanAssembly (0ms)
			BuildScriptInfoCaches (149ms)
			ResolveRequiredComponents (12ms)
	FinalizeReload (607ms)
		ReleaseScriptCaches (0ms)
		RebuildScriptCaches (0ms)
		SetupLoadedEditorAssemblies (444ms)
			LogAssemblyErrors (0ms)
			InitializePlatformSupportModulesInManaged (12ms)
			SetLoadedEditorAssemblies (3ms)
			BeforeProcessingInitializeOnLoad (89ms)
			ProcessInitializeOnLoadAttributes (284ms)
			ProcessInitializeOnLoadMethodAttributes (52ms)
			AfterProcessingInitializeOnLoad (4ms)
			EditorAssembliesLoaded (0ms)
		ExecutionOrderSort2 (0ms)
		AwakeInstancesAfterBackupRestoration (11ms)
Refreshing native plugins compatible for Editor in 1.06 ms, found 4 plugins.
Preloading 0 native plugins for Editor in 0.00 ms.
Unloading 54 Unused Serialized files (Serialized files now loaded: 0)
Unloading 6623 unused Assets / (9.0 MB). Loaded Objects now: 7328.
Memory consumption went from 162.3 MB to 153.4 MB.
Total: 10.198100 ms (FindLiveObjects: 0.773800 ms CreateObjectMapping: 0.643700 ms MarkObjects: 4.465900 ms  DeleteObjects: 4.313500 ms)

Prepare: number of updated asset objects reloaded= 0
========================================================================
Received Prepare
Begin MonoManager ReloadAssembly
- Loaded All Assemblies, in  0.565 seconds
Refreshing native plugins compatible for Editor in 0.93 ms, found 4 plugins.
Native extension for iOS target not found
Native extension for Android target not found
Native extension for WindowsStandalone target not found
Mono: successfully reloaded assembly
- Finished resetting the current domain, in  0.621 seconds
Domain Reload Profiling: 1186ms
	BeginReloadAssembly (163ms)
		ExecutionOrderSort (0ms)
		DisableScriptedObjects (12ms)
		BackupInstance (0ms)
		ReleaseScriptingObjects (0ms)
		CreateAndSetChildDomain (38ms)
	RebuildCommonClasses (27ms)
	RebuildNativeTypeToScriptingClass (11ms)
	initialDomainReloadingComplete (28ms)
	LoadAllAssembliesAndSetupDomain (336ms)
		LoadAssemblies (251ms)
		RebuildTransferFunctionScriptingTraits (0ms)
		AnalyzeDomain (158ms)
			TypeCache.Refresh (6ms)
				TypeCache.ScanAssembly (0ms)
			BuildScriptInfoCaches (139ms)
			ResolveRequiredComponents (9ms)
	FinalizeReload (621ms)
		ReleaseScriptCaches (0ms)
		RebuildScriptCaches (0ms)
		SetupLoadedEditorAssemblies (455ms)
			LogAssemblyErrors (0ms)
			InitializePlatformSupportModulesInManaged (15ms)
			SetLoadedEditorAssemblies (3ms)
			BeforeProcessingInitializeOnLoad (92ms)
			ProcessInitializeOnLoadAttributes (288ms)
			ProcessInitializeOnLoadMethodAttributes (53ms)
			AfterProcessingInitializeOnLoad (3ms)
			EditorAssembliesLoaded (0ms)
		ExecutionOrderSort2 (0ms)
		AwakeInstancesAfterBackupRestoration (10ms)
Refreshing native plugins compatible for Editor in 1.21 ms, found 4 plugins.
Preloading 0 native plugins for Editor in 0.00 ms.
Unloading 54 Unused Serialized files (Serialized files now loaded: 0)
Unloading 6623 unused Assets / (8.9 MB). Loaded Objects now: 7330.
Memory consumption went from 162.4 MB to 153.4 MB.
Total: 9.320000 ms (FindLiveObjects: 0.553800 ms CreateObjectMapping: 0.595100 ms MarkObjects: 4.209500 ms  DeleteObjects: 3.960500 ms)

Prepare: number of updated asset objects reloaded= 0
========================================================================
Received Prepare
Begin MonoManager ReloadAssembly
- Loaded All Assemblies, in  0.571 seconds
Refreshing native plugins compatible for Editor in 1.12 ms, found 4 plugins.
Native extension for iOS target not found
Native extension for Android target not found
Native extension for WindowsStandalone target not found
Mono: successfully reloaded assembly
- Finished resetting the current domain, in  0.634 seconds
Domain Reload Profiling: 1206ms
	BeginReloadAssembly (168ms)
		ExecutionOrderSort (0ms)
		DisableScriptedObjects (11ms)
		BackupInstance (0ms)
		ReleaseScriptingObjects (0ms)
		CreateAndSetChildDomain (40ms)
	RebuildCommonClasses (28ms)
	RebuildNativeTypeToScriptingClass (10ms)
	initialDomainReloadingComplete (23ms)
	LoadAllAssembliesAndSetupDomain (343ms)
		LoadAssemblies (259ms)
		RebuildTransferFunctionScriptingTraits (0ms)
		AnalyzeDomain (160ms)
			TypeCache.Refresh (6ms)
				TypeCache.ScanAssembly (0ms)
			BuildScriptInfoCaches (140ms)
			ResolveRequiredComponents (11ms)
	FinalizeReload (634ms)
		ReleaseScriptCaches (0ms)
		RebuildScriptCaches (0ms)
		SetupLoadedEditorAssemblies (447ms)
			LogAssemblyErrors (0ms)
			InitializePlatformSupportModulesInManaged (13ms)
			SetLoadedEditorAssemblies (3ms)
			BeforeProcessingInitializeOnLoad (88ms)
			ProcessInitializeOnLoadAttributes (287ms)
			ProcessInitializeOnLoadMethodAttributes (51ms)
			AfterProcessingInitializeOnLoad (3ms)
			EditorAssembliesLoaded (0ms)
		ExecutionOrderSort2 (0ms)
		AwakeInstancesAfterBackupRestoration (10ms)
Refreshing native plugins compatible for Editor in 1.20 ms, found 4 plugins.
Preloading 0 native plugins for Editor in 0.00 ms.
Unloading 54 Unused Serialized files (Serialized files now loaded: 0)
Unloading 6623 unused Assets / (9.0 MB). Loaded Objects now: 7332.
Memory consumption went from 162.2 MB to 153.3 MB.
Total: 9.634300 ms (FindLiveObjects: 0.592700 ms CreateObjectMapping: 0.525500 ms MarkObjects: 4.327700 ms  DeleteObjects: 4.187400 ms)

Prepare: number of updated asset objects reloaded= 0
========================================================================
Received Prepare
Begin MonoManager ReloadAssembly
- Loaded All Assemblies, in  0.728 seconds
Refreshing native plugins compatible for Editor in 1.74 ms, found 4 plugins.
Native extension for iOS target not found
Native extension for Android target not found
Native extension for WindowsStandalone target not found
Mono: successfully reloaded assembly
- Finished resetting the current domain, in  0.785 seconds
Domain Reload Profiling: 1512ms
	BeginReloadAssembly (209ms)
		ExecutionOrderSort (0ms)
		DisableScriptedObjects (16ms)
		BackupInstance (0ms)
		ReleaseScriptingObjects (0ms)
		CreateAndSetChildDomain (44ms)
	RebuildCommonClasses (36ms)
	RebuildNativeTypeToScriptingClass (16ms)
	initialDomainReloadingComplete (27ms)
	LoadAllAssembliesAndSetupDomain (438ms)
		LoadAssemblies (323ms)
		RebuildTransferFunctionScriptingTraits (0ms)
		AnalyzeDomain (218ms)
			TypeCache.Refresh (8ms)
				TypeCache.ScanAssembly (0ms)
			BuildScriptInfoCaches (192ms)
			ResolveRequiredComponents (13ms)
	FinalizeReload (786ms)
		ReleaseScriptCaches (0ms)
		RebuildScriptCaches (0ms)
		SetupLoadedEditorAssemblies (558ms)
			LogAssemblyErrors (0ms)
			InitializePlatformSupportModulesInManaged (17ms)
			SetLoadedEditorAssemblies (4ms)
			BeforeProcessingInitializeOnLoad (125ms)
			ProcessInitializeOnLoadAttributes (348ms)
			ProcessInitializeOnLoadMethodAttributes (62ms)
			AfterProcessingInitializeOnLoad (3ms)
			EditorAssembliesLoaded (0ms)
		ExecutionOrderSort2 (0ms)
		AwakeInstancesAfterBackupRestoration (11ms)
Refreshing native plugins compatible for Editor in 1.26 ms, found 4 plugins.
Preloading 0 native plugins for Editor in 0.00 ms.
Unloading 54 Unused Serialized files (Serialized files now loaded: 0)
Unloading 6623 unused Assets / (8.6 MB). Loaded Objects now: 7334.
Memory consumption went from 162.4 MB to 153.8 MB.
Total: 9.348400 ms (FindLiveObjects: 0.663000 ms CreateObjectMapping: 0.480500 ms MarkObjects: 4.324400 ms  DeleteObjects: 3.879100 ms)

Prepare: number of updated asset objects reloaded= 0
========================================================================
Received Import Request.
  Time since last request: 1812.333781 seconds.
  path: Assets/Scripts/Level1_GameManager.cs
  artifactKey: Guid(d52b80a3115ea4d4cbb620b2af42f7c4) Importer(815301076,1909f56bfc062723c751e8b465ee728b)
Start importing Assets/Scripts/Level1_GameManager.cs using Guid(d52b80a3115ea4d4cbb620b2af42f7c4) Importer(815301076,1909f56bfc062723c751e8b465ee728b) (PreviewImporter) -> (artifact id: 'bf5b4cccf2547f4a369d6473ecf522f5') in 0.0679361 seconds
Number of updated asset objects reloaded before import = 0Number of asset objects unloaded after import = 0

========================================================================
Received Import Request.
  Time since last request: 7.075290 seconds.
  path: Assets/Resources/Images/tiger.png
  artifactKey: Guid(7839eaa1d58e0a94c965bfc684cfd2cf) Importer(815301076,1909f56bfc062723c751e8b465ee728b)
Start importing Assets/Resources/Images/tiger.png using Guid(7839eaa1d58e0a94c965bfc684cfd2cf) Importer(815301076,1909f56bfc062723c751e8b465ee728b) (PreviewImporter) -> (artifact id: 'b970171f1aec8536a537cd72de1f90c6') in 0.0687791 seconds
Number of updated asset objects reloaded before import = 0Number of asset objects unloaded after import = 2

========================================================================
Received Prepare
Begin MonoManager ReloadAssembly
- Loaded All Assemblies, in  0.595 seconds
Refreshing native plugins compatible for Editor in 0.91 ms, found 4 plugins.
Native extension for iOS target not found
Native extension for Android target not found
Native extension for WindowsStandalone target not found
Mono: successfully reloaded assembly
- Finished resetting the current domain, in  0.657 seconds
Domain Reload Profiling: 1252ms
	BeginReloadAssembly (176ms)
		ExecutionOrderSort (0ms)
		DisableScriptedObjects (14ms)
		BackupInstance (0ms)
		ReleaseScriptingObjects (0ms)
		CreateAndSetChildDomain (50ms)
	RebuildCommonClasses (35ms)
	RebuildNativeTypeToScriptingClass (10ms)
	initialDomainReloadingComplete (23ms)
	LoadAllAssembliesAndSetupDomain (350ms)
		LoadAssemblies (264ms)
		RebuildTransferFunctionScriptingTraits (0ms)
		AnalyzeDomain (162ms)
			TypeCache.Refresh (7ms)
				TypeCache.ScanAssembly (0ms)
			BuildScriptInfoCaches (142ms)
			ResolveRequiredComponents (10ms)
	FinalizeReload (657ms)
		ReleaseScriptCaches (0ms)
		RebuildScriptCaches (0ms)
		SetupLoadedEditorAssemblies (466ms)
			LogAssemblyErrors (0ms)
			InitializePlatformSupportModulesInManaged (13ms)
			SetLoadedEditorAssemblies (3ms)
			BeforeProcessingInitializeOnLoad (96ms)
			ProcessInitializeOnLoadAttributes (294ms)
			ProcessInitializeOnLoadMethodAttributes (57ms)
			AfterProcessingInitializeOnLoad (3ms)
			EditorAssembliesLoaded (0ms)
		ExecutionOrderSort2 (0ms)
		AwakeInstancesAfterBackupRestoration (15ms)
Refreshing native plugins compatible for Editor in 1.13 ms, found 4 plugins.
Preloading 0 native plugins for Editor in 0.00 ms.
Unloading 54 Unused Serialized files (Serialized files now loaded: 0)
Unloading 6623 unused Assets / (8.5 MB). Loaded Objects now: 7338.
Memory consumption went from 162.3 MB to 153.8 MB.
Total: 9.067600 ms (FindLiveObjects: 0.537000 ms CreateObjectMapping: 0.506500 ms MarkObjects: 3.944100 ms  DeleteObjects: 4.079000 ms)

Prepare: number of updated asset objects reloaded= 0
========================================================================
Received Import Request.
  Time since last request: 55.762361 seconds.
  path: Assets/Resources/Images/tiger.jpg
  artifactKey: Guid(c4a9e097f791a264b8d4fdec3358401a) Importer(815301076,1909f56bfc062723c751e8b465ee728b)
Start importing Assets/Resources/Images/tiger.jpg using Guid(c4a9e097f791a264b8d4fdec3358401a) Importer(815301076,1909f56bfc062723c751e8b465ee728b) (PreviewImporter) -> (artifact id: 'a6f3d4af511273bdd61160e699c875d0') in 0.1293956 seconds
Number of updated asset objects reloaded before import = 0Number of asset objects unloaded after import = 3

========================================================================
Received Prepare
Begin MonoManager ReloadAssembly
- Loaded All Assemblies, in  0.601 seconds
Refreshing native plugins compatible for Editor in 1.02 ms, found 4 plugins.
Native extension for iOS target not found
Native extension for Android target not found
Native extension for WindowsStandalone target not found
Mono: successfully reloaded assembly
- Finished resetting the current domain, in  0.660 seconds
Domain Reload Profiling: 1263ms
	BeginReloadAssembly (177ms)
		ExecutionOrderSort (0ms)
		DisableScriptedObjects (12ms)
		BackupInstance (0ms)
		ReleaseScriptingObjects (0ms)
		CreateAndSetChildDomain (44ms)
	RebuildCommonClasses (31ms)
	RebuildNativeTypeToScriptingClass (15ms)
	initialDomainReloadingComplete (23ms)
	LoadAllAssembliesAndSetupDomain (355ms)
		LoadAssemblies (273ms)
		RebuildTransferFunctionScriptingTraits (0ms)
		AnalyzeDomain (165ms)
			TypeCache.Refresh (6ms)
				TypeCache.ScanAssembly (0ms)
			BuildScriptInfoCaches (147ms)
			ResolveRequiredComponents (9ms)
	FinalizeReload (661ms)
		ReleaseScriptCaches (0ms)
		RebuildScriptCaches (0ms)
		SetupLoadedEditorAssemblies (481ms)
			LogAssemblyErrors (0ms)
			InitializePlatformSupportModulesInManaged (14ms)
			SetLoadedEditorAssemblies (5ms)
			BeforeProcessingInitializeOnLoad (95ms)
			ProcessInitializeOnLoadAttributes (299ms)
			ProcessInitializeOnLoadMethodAttributes (64ms)
			AfterProcessingInitializeOnLoad (4ms)
			EditorAssembliesLoaded (0ms)
		ExecutionOrderSort2 (0ms)
		AwakeInstancesAfterBackupRestoration (13ms)
Refreshing native plugins compatible for Editor in 1.32 ms, found 4 plugins.
Preloading 0 native plugins for Editor in 0.00 ms.
Unloading 54 Unused Serialized files (Serialized files now loaded: 0)
Unloading 6623 unused Assets / (8.9 MB). Loaded Objects now: 7345.
Memory consumption went from 166.9 MB to 158.0 MB.
Total: 9.237500 ms (FindLiveObjects: 0.571800 ms CreateObjectMapping: 0.526900 ms MarkObjects: 4.278000 ms  DeleteObjects: 3.859600 ms)

Prepare: number of updated asset objects reloaded= 0
========================================================================
Received Prepare
Begin MonoManager ReloadAssembly
- Loaded All Assemblies, in  0.592 seconds
Refreshing native plugins compatible for Editor in 0.95 ms, found 4 plugins.
Native extension for iOS target not found
Native extension for Android target not found
Native extension for WindowsStandalone target not found
Mono: successfully reloaded assembly
- Finished resetting the current domain, in  0.641 seconds
Domain Reload Profiling: 1235ms
	BeginReloadAssembly (165ms)
		ExecutionOrderSort (0ms)
		DisableScriptedObjects (11ms)
		BackupInstance (0ms)
		ReleaseScriptingObjects (0ms)
		CreateAndSetChildDomain (41ms)
	RebuildCommonClasses (28ms)
	RebuildNativeTypeToScriptingClass (14ms)
	initialDomainReloadingComplete (27ms)
	LoadAllAssembliesAndSetupDomain (360ms)
		LoadAssemblies (262ms)
		RebuildTransferFunctionScriptingTraits (0ms)
		AnalyzeDomain (170ms)
			TypeCache.Refresh (7ms)
				TypeCache.ScanAssembly (0ms)
			BuildScriptInfoCaches (149ms)
			ResolveRequiredComponents (11ms)
	FinalizeReload (642ms)
		ReleaseScriptCaches (0ms)
		RebuildScriptCaches (0ms)
		SetupLoadedEditorAssemblies (459ms)
			LogAssemblyErrors (0ms)
			InitializePlatformSupportModulesInManaged (12ms)
			SetLoadedEditorAssemblies (4ms)
			BeforeProcessingInitializeOnLoad (93ms)
			ProcessInitializeOnLoadAttributes (296ms)
			ProcessInitializeOnLoadMethodAttributes (51ms)
			AfterProcessingInitializeOnLoad (3ms)
			EditorAssembliesLoaded (0ms)
		ExecutionOrderSort2 (0ms)
		AwakeInstancesAfterBackupRestoration (10ms)
Refreshing native plugins compatible for Editor in 1.12 ms, found 4 plugins.
Preloading 0 native plugins for Editor in 0.00 ms.
Unloading 54 Unused Serialized files (Serialized files now loaded: 0)
Unloading 6623 unused Assets / (8.7 MB). Loaded Objects now: 7347.
Memory consumption went from 166.9 MB to 158.1 MB.
Total: 8.869300 ms (FindLiveObjects: 0.590600 ms CreateObjectMapping: 0.540100 ms MarkObjects: 4.030700 ms  DeleteObjects: 3.706500 ms)

Prepare: number of updated asset objects reloaded= 0
========================================================================
Received Prepare
Begin MonoManager ReloadAssembly
- Loaded All Assemblies, in  0.618 seconds
Refreshing native plugins compatible for Editor in 0.87 ms, found 4 plugins.
Native extension for iOS target not found
Native extension for Android target not found
Native extension for WindowsStandalone target not found
Mono: successfully reloaded assembly
- Finished resetting the current domain, in  0.639 seconds
Domain Reload Profiling: 1257ms
	BeginReloadAssembly (184ms)
		ExecutionOrderSort (0ms)
		DisableScriptedObjects (12ms)
		BackupInstance (0ms)
		ReleaseScriptingObjects (0ms)
		CreateAndSetChildDomain (49ms)
	RebuildCommonClasses (30ms)
	RebuildNativeTypeToScriptingClass (11ms)
	initialDomainReloadingComplete (23ms)
	LoadAllAssembliesAndSetupDomain (371ms)
		LoadAssemblies (274ms)
		RebuildTransferFunctionScriptingTraits (0ms)
		AnalyzeDomain (176ms)
			TypeCache.Refresh (6ms)
				TypeCache.ScanAssembly (0ms)
			BuildScriptInfoCaches (157ms)
			ResolveRequiredComponents (9ms)
	FinalizeReload (639ms)
		ReleaseScriptCaches (0ms)
		RebuildScriptCaches (0ms)
		SetupLoadedEditorAssemblies (464ms)
			LogAssemblyErrors (0ms)
			InitializePlatformSupportModulesInManaged (14ms)
			SetLoadedEditorAssemblies (3ms)
			BeforeProcessingInitializeOnLoad (97ms)
			ProcessInitializeOnLoadAttributes (294ms)
			ProcessInitializeOnLoadMethodAttributes (51ms)
			AfterProcessingInitializeOnLoad (3ms)
			EditorAssembliesLoaded (0ms)
		ExecutionOrderSort2 (0ms)
		AwakeInstancesAfterBackupRestoration (11ms)
Refreshing native plugins compatible for Editor in 1.05 ms, found 4 plugins.
Preloading 0 native plugins for Editor in 0.00 ms.
Unloading 54 Unused Serialized files (Serialized files now loaded: 0)
Unloading 6623 unused Assets / (8.4 MB). Loaded Objects now: 7349.
Memory consumption went from 166.9 MB to 158.4 MB.
Total: 9.204000 ms (FindLiveObjects: 0.590400 ms CreateObjectMapping: 0.580400 ms MarkObjects: 4.208800 ms  DeleteObjects: 3.822800 ms)

Prepare: number of updated asset objects reloaded= 0
========================================================================
Received Import Request.
  Time since last request: 219.894218 seconds.
  path: Assets/Resources/Images/penguin.png
  artifactKey: Guid(083cfb6beb2c5cd4b8daee3bc37439ca) Importer(815301076,1909f56bfc062723c751e8b465ee728b)
Start importing Assets/Resources/Images/penguin.png using Guid(083cfb6beb2c5cd4b8daee3bc37439ca) Importer(815301076,1909f56bfc062723c751e8b465ee728b) (PreviewImporter) -> (artifact id: '5f3adf00097425d72033dd8dfd0604d3') in 0.1282002 seconds
Number of updated asset objects reloaded before import = 0Number of asset objects unloaded after import = 3

========================================================================
Received Import Request.
  Time since last request: 1.860146 seconds.
  path: Assets/Resources/Images/octopus.webp
  artifactKey: Guid(b05ccca7262102f4aa20fea00a923a57) Importer(815301076,1909f56bfc062723c751e8b465ee728b)
Start importing Assets/Resources/Images/octopus.webp using Guid(b05ccca7262102f4aa20fea00a923a57) Importer(815301076,1909f56bfc062723c751e8b465ee728b) (PreviewImporter) -> (artifact id: '5b23b61ab3aefe164dafce3b5318a5c7') in 0.0020346 seconds
Number of updated asset objects reloaded before import = 0Number of asset objects unloaded after import = 1

========================================================================
Received Import Request.
  Time since last request: 25.715963 seconds.
  path: Assets/Resources/Images/octopus.png
  artifactKey: Guid(fe2a93b6f8eeff144bf813b6f53bc514) Importer(815301076,1909f56bfc062723c751e8b465ee728b)
Start importing Assets/Resources/Images/octopus.png using Guid(fe2a93b6f8eeff144bf813b6f53bc514) Importer(815301076,1909f56bfc062723c751e8b465ee728b) (PreviewImporter) -> (artifact id: '6adeaf57aac21b3f7079c519eb2ad413') in 0.0307973 seconds
Number of updated asset objects reloaded before import = 0Number of asset objects unloaded after import = 3

========================================================================
Received Prepare
Begin MonoManager ReloadAssembly
- Loaded All Assemblies, in  0.581 seconds
Refreshing native plugins compatible for Editor in 0.92 ms, found 4 plugins.
Native extension for iOS target not found
Native extension for Android target not found
Native extension for WindowsStandalone target not found
Mono: successfully reloaded assembly
- Finished resetting the current domain, in  0.649 seconds
Domain Reload Profiling: 1230ms
	BeginReloadAssembly (165ms)
		ExecutionOrderSort (0ms)
		DisableScriptedObjects (11ms)
		BackupInstance (0ms)
		ReleaseScriptingObjects (0ms)
		CreateAndSetChildDomain (42ms)
	RebuildCommonClasses (29ms)
	RebuildNativeTypeToScriptingClass (10ms)
	initialDomainReloadingComplete (22ms)
	LoadAllAssembliesAndSetupDomain (355ms)
		LoadAssemblies (257ms)
		RebuildTransferFunctionScriptingTraits (0ms)
		AnalyzeDomain (170ms)
			TypeCache.Refresh (8ms)
				TypeCache.ScanAssembly (0ms)
			BuildScriptInfoCaches (150ms)
			ResolveRequiredComponents (10ms)
	FinalizeReload (649ms)
		ReleaseScriptCaches (0ms)
		RebuildScriptCaches (0ms)
		SetupLoadedEditorAssemblies (467ms)
			LogAssemblyErrors (0ms)
			InitializePlatformSupportModulesInManaged (13ms)
			SetLoadedEditorAssemblies (3ms)
			BeforeProcessingInitializeOnLoad (88ms)
			ProcessInitializeOnLoadAttributes (303ms)
			ProcessInitializeOnLoadMethodAttributes (57ms)
			AfterProcessingInitializeOnLoad (3ms)
			EditorAssembliesLoaded (0ms)
		ExecutionOrderSort2 (0ms)
		AwakeInstancesAfterBackupRestoration (12ms)
Refreshing native plugins compatible for Editor in 1.33 ms, found 4 plugins.
Preloading 0 native plugins for Editor in 0.00 ms.
Unloading 54 Unused Serialized files (Serialized files now loaded: 0)
Unloading 6623 unused Assets / (8.5 MB). Loaded Objects now: 7356.
Memory consumption went from 166.9 MB to 158.4 MB.
Total: 9.084000 ms (FindLiveObjects: 0.535800 ms CreateObjectMapping: 0.564900 ms MarkObjects: 4.247100 ms  DeleteObjects: 3.735000 ms)

Prepare: number of updated asset objects reloaded= 0
========================================================================
Received Prepare
Refreshing native plugins compatible for Editor in 1.51 ms, found 4 plugins.
Preloading 0 native plugins for Editor in 0.00 ms.
Unloading 54 Unused Serialized files (Serialized files now loaded: 0)
Unloading 6612 unused Assets / (8.2 MB). Loaded Objects now: 7356.
Memory consumption went from 167.0 MB to 158.9 MB.
Total: 9.175000 ms (FindLiveObjects: 0.557500 ms CreateObjectMapping: 0.461700 ms MarkObjects: 4.868200 ms  DeleteObjects: 3.286400 ms)

Prepare: number of updated asset objects reloaded= 0
========================================================================
Received Import Request.
  Time since last request: 320.624251 seconds.
  path: Assets/Scripts/MainMenu.cs
  artifactKey: Guid(bec661b304bf33645abee6d5b105ce53) Importer(815301076,1909f56bfc062723c751e8b465ee728b)
Start importing Assets/Scripts/MainMenu.cs using Guid(bec661b304bf33645abee6d5b105ce53) Importer(815301076,1909f56bfc062723c751e8b465ee728b) (PreviewImporter) -> (artifact id: '3ea03d872f8e95ce6d90cb6505e354cf') in 0.0056122 seconds
Number of updated asset objects reloaded before import = 0Number of asset objects unloaded after import = 0

========================================================================
Received Prepare
Begin MonoManager ReloadAssembly
- Loaded All Assemblies, in  0.753 seconds
Refreshing native plugins compatible for Editor in 1.54 ms, found 4 plugins.
Native extension for iOS target not found
Native extension for Android target not found
Native extension for WindowsStandalone target not found
Mono: successfully reloaded assembly
- Finished resetting the current domain, in  0.814 seconds
Domain Reload Profiling: 1568ms
	BeginReloadAssembly (215ms)
		ExecutionOrderSort (0ms)
		DisableScriptedObjects (12ms)
		BackupInstance (0ms)
		ReleaseScriptingObjects (0ms)
		CreateAndSetChildDomain (48ms)
	RebuildCommonClasses (38ms)
	RebuildNativeTypeToScriptingClass (18ms)
	initialDomainReloadingComplete (32ms)
	LoadAllAssembliesAndSetupDomain (450ms)
		LoadAssemblies (358ms)
		RebuildTransferFunctionScriptingTraits (0ms)
		AnalyzeDomain (203ms)
			TypeCache.Refresh (13ms)
				TypeCache.ScanAssembly (1ms)
			BuildScriptInfoCaches (173ms)
			ResolveRequiredComponents (14ms)
	FinalizeReload (815ms)
		ReleaseScriptCaches (0ms)
		RebuildScriptCaches (0ms)
		SetupLoadedEditorAssemblies (595ms)
			LogAssemblyErrors (0ms)
			InitializePlatformSupportModulesInManaged (17ms)
			SetLoadedEditorAssemblies (4ms)
			BeforeProcessingInitializeOnLoad (119ms)
			ProcessInitializeOnLoadAttributes (374ms)
			ProcessInitializeOnLoadMethodAttributes (74ms)
			AfterProcessingInitializeOnLoad (6ms)
			EditorAssembliesLoaded (0ms)
		ExecutionOrderSort2 (0ms)
		AwakeInstancesAfterBackupRestoration (15ms)
Refreshing native plugins compatible for Editor in 2.09 ms, found 4 plugins.
Preloading 0 native plugins for Editor in 0.00 ms.
Unloading 54 Unused Serialized files (Serialized files now loaded: 0)
Unloading 6623 unused Assets / (8.7 MB). Loaded Objects now: 7358.
Memory consumption went from 166.9 MB to 158.2 MB.
Total: 11.887800 ms (FindLiveObjects: 0.886300 ms CreateObjectMapping: 0.548700 ms MarkObjects: 5.839200 ms  DeleteObjects: 4.612300 ms)

Prepare: number of updated asset objects reloaded= 0
========================================================================
Received Import Request.
  Time since last request: 7.147404 seconds.
  path: Assets/Scripts/MainMenu.cs
  artifactKey: Guid(bec661b304bf33645abee6d5b105ce53) Importer(815301076,1909f56bfc062723c751e8b465ee728b)
Start importing Assets/Scripts/MainMenu.cs using Guid(bec661b304bf33645abee6d5b105ce53) Importer(815301076,1909f56bfc062723c751e8b465ee728b) (PreviewImporter) -> (artifact id: '00000000000000000000000000000000') in 0.0034017 seconds
Import Error Code:(4)
Message: Build asset version error: assets/scripts/mainmenu.cs in SourceAssetDB has modification time of '2025-04-30T19:29:19.2731904Z' while content on disk has modification time of '2025-04-30T19:29:20.0365723Z'
  ERROR: Build asset version error: assets/scripts/mainmenu.cs in SourceAssetDB has modification time of '2025-04-30T19:29:19.2731904Z' while content on disk has modification time of '2025-04-30T19:29:20.0365723Z'
Number of updated asset objects reloaded before import = 0Number of asset objects unloaded after import = 0

========================================================================
Received Import Request.
  Time since last request: 0.000019 seconds.
  path: Assets/Scripts/MainMenu.cs
  artifactKey: Guid(bec661b304bf33645abee6d5b105ce53) Importer(815301076,1909f56bfc062723c751e8b465ee728b)
Start importing Assets/Scripts/MainMenu.cs using Guid(bec661b304bf33645abee6d5b105ce53) Importer(815301076,1909f56bfc062723c751e8b465ee728b) (PreviewImporter) -> (artifact id: '00000000000000000000000000000000') in 0.0006086 seconds
Import Error Code:(4)
Message: Build asset version error: assets/scripts/mainmenu.cs in SourceAssetDB has modification time of '2025-04-30T19:29:19.2731904Z' while content on disk has modification time of '2025-04-30T19:29:20.0365723Z'
  ERROR: Build asset version error: assets/scripts/mainmenu.cs in SourceAssetDB has modification time of '2025-04-30T19:29:19.2731904Z' while content on disk has modification time of '2025-04-30T19:29:20.0365723Z'
Number of updated asset objects reloaded before import = 0Number of asset objects unloaded after import = 0

========================================================================
Received Import Request.
  Time since last request: 0.000025 seconds.
  path: Assets/Scripts/MainMenu.cs
  artifactKey: Guid(bec661b304bf33645abee6d5b105ce53) Importer(815301076,1909f56bfc062723c751e8b465ee728b)
Start importing Assets/Scripts/MainMenu.cs using Guid(bec661b304bf33645abee6d5b105ce53) Importer(815301076,1909f56bfc062723c751e8b465ee728b) (PreviewImporter) -> (artifact id: '00000000000000000000000000000000') in 0.0006405 seconds
Import Error Code:(4)
Message: Build asset version error: assets/scripts/mainmenu.cs in SourceAssetDB has modification time of '2025-04-30T19:29:19.2731904Z' while content on disk has modification time of '2025-04-30T19:29:20.0365723Z'
  ERROR: Build asset version error: assets/scripts/mainmenu.cs in SourceAssetDB has modification time of '2025-04-30T19:29:19.2731904Z' while content on disk has modification time of '2025-04-30T19:29:20.0365723Z'
Number of updated asset objects reloaded before import = 0Number of asset objects unloaded after import = 0

========================================================================
Received Import Request.
  Time since last request: 0.000016 seconds.
  path: Assets/Scripts/MainMenu.cs
  artifactKey: Guid(bec661b304bf33645abee6d5b105ce53) Importer(815301076,1909f56bfc062723c751e8b465ee728b)
Start importing Assets/Scripts/MainMenu.cs using Guid(bec661b304bf33645abee6d5b105ce53) Importer(815301076,1909f56bfc062723c751e8b465ee728b) (PreviewImporter) -> (artifact id: '00000000000000000000000000000000') in 0.0005473 seconds
Import Error Code:(4)
Message: Build asset version error: assets/scripts/mainmenu.cs in SourceAssetDB has modification time of '2025-04-30T19:29:19.2731904Z' while content on disk has modification time of '2025-04-30T19:29:20.0365723Z'
  ERROR: Build asset version error: assets/scripts/mainmenu.cs in SourceAssetDB has modification time of '2025-04-30T19:29:19.2731904Z' while content on disk has modification time of '2025-04-30T19:29:20.0365723Z'
Number of updated asset objects reloaded before import = 0Number of asset objects unloaded after import = 0

========================================================================
Received Import Request.
  Time since last request: 0.000017 seconds.
  path: Assets/Scripts/MainMenu.cs
  artifactKey: Guid(bec661b304bf33645abee6d5b105ce53) Importer(815301076,1909f56bfc062723c751e8b465ee728b)
Start importing Assets/Scripts/MainMenu.cs using Guid(bec661b304bf33645abee6d5b105ce53) Importer(815301076,1909f56bfc062723c751e8b465ee728b) (PreviewImporter) -> (artifact id: '00000000000000000000000000000000') in 0.0005362 seconds
Import Error Code:(4)
Message: Build asset version error: assets/scripts/mainmenu.cs in SourceAssetDB has modification time of '2025-04-30T19:29:19.2731904Z' while content on disk has modification time of '2025-04-30T19:29:20.0365723Z'
  ERROR: Build asset version error: assets/scripts/mainmenu.cs in SourceAssetDB has modification time of '2025-04-30T19:29:19.2731904Z' while content on disk has modification time of '2025-04-30T19:29:20.0365723Z'
Number of updated asset objects reloaded before import = 0Number of asset objects unloaded after import = 0

========================================================================
Received Import Request.
  Time since last request: 0.000022 seconds.
  path: Assets/Scripts/MainMenu.cs
  artifactKey: Guid(bec661b304bf33645abee6d5b105ce53) Importer(815301076,1909f56bfc062723c751e8b465ee728b)
Start importing Assets/Scripts/MainMenu.cs using Guid(bec661b304bf33645abee6d5b105ce53) Importer(815301076,1909f56bfc062723c751e8b465ee728b) (PreviewImporter) -> (artifact id: '00000000000000000000000000000000') in 0.0005537 seconds
Import Error Code:(4)
Message: Build asset version error: assets/scripts/mainmenu.cs in SourceAssetDB has modification time of '2025-04-30T19:29:19.2731904Z' while content on disk has modification time of '2025-04-30T19:29:20.0365723Z'
  ERROR: Build asset version error: assets/scripts/mainmenu.cs in SourceAssetDB has modification time of '2025-04-30T19:29:19.2731904Z' while content on disk has modification time of '2025-04-30T19:29:20.0365723Z'
Number of updated asset objects reloaded before import = 0Number of asset objects unloaded after import = 0

========================================================================
Received Import Request.
  Time since last request: 0.000017 seconds.
  path: Assets/Scripts/MainMenu.cs
  artifactKey: Guid(bec661b304bf33645abee6d5b105ce53) Importer(815301076,1909f56bfc062723c751e8b465ee728b)
Start importing Assets/Scripts/MainMenu.cs using Guid(bec661b304bf33645abee6d5b105ce53) Importer(815301076,1909f56bfc062723c751e8b465ee728b) (PreviewImporter) -> (artifact id: '00000000000000000000000000000000') in 0.0005997 seconds
Import Error Code:(4)
Message: Build asset version error: assets/scripts/mainmenu.cs in SourceAssetDB has modification time of '2025-04-30T19:29:19.2731904Z' while content on disk has modification time of '2025-04-30T19:29:20.0365723Z'
  ERROR: Build asset version error: assets/scripts/mainmenu.cs in SourceAssetDB has modification time of '2025-04-30T19:29:19.2731904Z' while content on disk has modification time of '2025-04-30T19:29:20.0365723Z'
Number of updated asset objects reloaded before import = 0Number of asset objects unloaded after import = 0

========================================================================
Received Import Request.
  Time since last request: 0.000023 seconds.
  path: Assets/Scripts/MainMenu.cs
  artifactKey: Guid(bec661b304bf33645abee6d5b105ce53) Importer(815301076,1909f56bfc062723c751e8b465ee728b)
Start importing Assets/Scripts/MainMenu.cs using Guid(bec661b304bf33645abee6d5b105ce53) Importer(815301076,1909f56bfc062723c751e8b465ee728b) (PreviewImporter) -> (artifact id: '00000000000000000000000000000000') in 0.0005365 seconds
Import Error Code:(4)
Message: Build asset version error: assets/scripts/mainmenu.cs in SourceAssetDB has modification time of '2025-04-30T19:29:19.2731904Z' while content on disk has modification time of '2025-04-30T19:29:20.0365723Z'
  ERROR: Build asset version error: assets/scripts/mainmenu.cs in SourceAssetDB has modification time of '2025-04-30T19:29:19.2731904Z' while content on disk has modification time of '2025-04-30T19:29:20.0365723Z'
Number of updated asset objects reloaded before import = 0Number of asset objects unloaded after import = 0

========================================================================
Received Import Request.
  Time since last request: 0.000032 seconds.
  path: Assets/Scripts/MainMenu.cs
  artifactKey: Guid(bec661b304bf33645abee6d5b105ce53) Importer(815301076,1909f56bfc062723c751e8b465ee728b)
Start importing Assets/Scripts/MainMenu.cs using Guid(bec661b304bf33645abee6d5b105ce53) Importer(815301076,1909f56bfc062723c751e8b465ee728b) (PreviewImporter) -> (artifact id: '00000000000000000000000000000000') in 0.0005282 seconds
Import Error Code:(4)
Message: Build asset version error: assets/scripts/mainmenu.cs in SourceAssetDB has modification time of '2025-04-30T19:29:19.2731904Z' while content on disk has modification time of '2025-04-30T19:29:20.0365723Z'
  ERROR: Build asset version error: assets/scripts/mainmenu.cs in SourceAssetDB has modification time of '2025-04-30T19:29:19.2731904Z' while content on disk has modification time of '2025-04-30T19:29:20.0365723Z'
Number of updated asset objects reloaded before import = 0Number of asset objects unloaded after import = 0

========================================================================
Received Import Request.
  Time since last request: 0.000016 seconds.
  path: Assets/Scripts/MainMenu.cs
  artifactKey: Guid(bec661b304bf33645abee6d5b105ce53) Importer(815301076,1909f56bfc062723c751e8b465ee728b)
Start importing Assets/Scripts/MainMenu.cs using Guid(bec661b304bf33645abee6d5b105ce53) Importer(815301076,1909f56bfc062723c751e8b465ee728b) (PreviewImporter) -> (artifact id: '00000000000000000000000000000000') in 0.000568 seconds
Import Error Code:(4)
Message: Build asset version error: assets/scripts/mainmenu.cs in SourceAssetDB has modification time of '2025-04-30T19:29:19.2731904Z' while content on disk has modification time of '2025-04-30T19:29:20.0365723Z'
  ERROR: Build asset version error: assets/scripts/mainmenu.cs in SourceAssetDB has modification time of '2025-04-30T19:29:19.2731904Z' while content on disk has modification time of '2025-04-30T19:29:20.0365723Z'
Number of updated asset objects reloaded before import = 0Number of asset objects unloaded after import = 0

========================================================================
Received Import Request.
  Time since last request: 0.000018 seconds.
  path: Assets/Scripts/MainMenu.cs
  artifactKey: Guid(bec661b304bf33645abee6d5b105ce53) Importer(815301076,1909f56bfc062723c751e8b465ee728b)
Start importing Assets/Scripts/MainMenu.cs using Guid(bec661b304bf33645abee6d5b105ce53) Importer(815301076,1909f56bfc062723c751e8b465ee728b) (PreviewImporter) -> (artifact id: '00000000000000000000000000000000') in 0.0004589 seconds
Import Error Code:(4)
Message: Build asset version error: assets/scripts/mainmenu.cs in SourceAssetDB has modification time of '2025-04-30T19:29:19.2731904Z' while content on disk has modification time of '2025-04-30T19:29:20.0365723Z'
  ERROR: Build asset version error: assets/scripts/mainmenu.cs in SourceAssetDB has modification time of '2025-04-30T19:29:19.2731904Z' while content on disk has modification time of '2025-04-30T19:29:20.0365723Z'
Number of updated asset objects reloaded before import = 0Number of asset objects unloaded after import = 0

========================================================================
Received Import Request.
  Time since last request: 0.000018 seconds.
  path: Assets/Scripts/MainMenu.cs
  artifactKey: Guid(bec661b304bf33645abee6d5b105ce53) Importer(815301076,1909f56bfc062723c751e8b465ee728b)
Start importing Assets/Scripts/MainMenu.cs using Guid(bec661b304bf33645abee6d5b105ce53) Importer(815301076,1909f56bfc062723c751e8b465ee728b) (PreviewImporter) -> (artifact id: '00000000000000000000000000000000') in 0.0004965 seconds
Import Error Code:(4)
Message: Build asset version error: assets/scripts/mainmenu.cs in SourceAssetDB has modification time of '2025-04-30T19:29:19.2731904Z' while content on disk has modification time of '2025-04-30T19:29:20.0365723Z'
  ERROR: Build asset version error: assets/scripts/mainmenu.cs in SourceAssetDB has modification time of '2025-04-30T19:29:19.2731904Z' while content on disk has modification time of '2025-04-30T19:29:20.0365723Z'
Number of updated asset objects reloaded before import = 0Number of asset objects unloaded after import = 0

========================================================================
Received Import Request.
  Time since last request: 0.000015 seconds.
  path: Assets/Scripts/MainMenu.cs
  artifactKey: Guid(bec661b304bf33645abee6d5b105ce53) Importer(815301076,1909f56bfc062723c751e8b465ee728b)
Start importing Assets/Scripts/MainMenu.cs using Guid(bec661b304bf33645abee6d5b105ce53) Importer(815301076,1909f56bfc062723c751e8b465ee728b) (PreviewImporter) -> (artifact id: '00000000000000000000000000000000') in 0.0004433 seconds
Import Error Code:(4)
Message: Build asset version error: assets/scripts/mainmenu.cs in SourceAssetDB has modification time of '2025-04-30T19:29:19.2731904Z' while content on disk has modification time of '2025-04-30T19:29:20.0365723Z'
  ERROR: Build asset version error: assets/scripts/mainmenu.cs in SourceAssetDB has modification time of '2025-04-30T19:29:19.2731904Z' while content on disk has modification time of '2025-04-30T19:29:20.0365723Z'
Number of updated asset objects reloaded before import = 0Number of asset objects unloaded after import = 0

========================================================================
Received Import Request.
  Time since last request: 0.000013 seconds.
  path: Assets/Scripts/MainMenu.cs
  artifactKey: Guid(bec661b304bf33645abee6d5b105ce53) Importer(815301076,1909f56bfc062723c751e8b465ee728b)
Start importing Assets/Scripts/MainMenu.cs using Guid(bec661b304bf33645abee6d5b105ce53) Importer(815301076,1909f56bfc062723c751e8b465ee728b) (PreviewImporter) -> (artifact id: '00000000000000000000000000000000') in 0.0004724 seconds
Import Error Code:(4)
Message: Build asset version error: assets/scripts/mainmenu.cs in SourceAssetDB has modification time of '2025-04-30T19:29:19.2731904Z' while content on disk has modification time of '2025-04-30T19:29:20.0365723Z'
  ERROR: Build asset version error: assets/scripts/mainmenu.cs in SourceAssetDB has modification time of '2025-04-30T19:29:19.2731904Z' while content on disk has modification time of '2025-04-30T19:29:20.0365723Z'
Number of updated asset objects reloaded before import = 0Number of asset objects unloaded after import = 0

========================================================================
Received Import Request.
  Time since last request: 0.000013 seconds.
  path: Assets/Scripts/MainMenu.cs
  artifactKey: Guid(bec661b304bf33645abee6d5b105ce53) Importer(815301076,1909f56bfc062723c751e8b465ee728b)
Start importing Assets/Scripts/MainMenu.cs using Guid(bec661b304bf33645abee6d5b105ce53) Importer(815301076,1909f56bfc062723c751e8b465ee728b) (PreviewImporter) -> (artifact id: '00000000000000000000000000000000') in 0.0004096 seconds
Import Error Code:(4)
Message: Build asset version error: assets/scripts/mainmenu.cs in SourceAssetDB has modification time of '2025-04-30T19:29:19.2731904Z' while content on disk has modification time of '2025-04-30T19:29:20.0365723Z'
  ERROR: Build asset version error: assets/scripts/mainmenu.cs in SourceAssetDB has modification time of '2025-04-30T19:29:19.2731904Z' while content on disk has modification time of '2025-04-30T19:29:20.0365723Z'
Number of updated asset objects reloaded before import = 0Number of asset objects unloaded after import = 0

========================================================================
Received Import Request.
  Time since last request: 0.000016 seconds.
  path: Assets/Scripts/MainMenu.cs
  artifactKey: Guid(bec661b304bf33645abee6d5b105ce53) Importer(815301076,1909f56bfc062723c751e8b465ee728b)
Start importing Assets/Scripts/MainMenu.cs using Guid(bec661b304bf33645abee6d5b105ce53) Importer(815301076,1909f56bfc062723c751e8b465ee728b) (PreviewImporter) -> (artifact id: '00000000000000000000000000000000') in 0.0004999 seconds
Import Error Code:(4)
Message: Build asset version error: assets/scripts/mainmenu.cs in SourceAssetDB has modification time of '2025-04-30T19:29:19.2731904Z' while content on disk has modification time of '2025-04-30T19:29:20.0365723Z'
  ERROR: Build asset version error: assets/scripts/mainmenu.cs in SourceAssetDB has modification time of '2025-04-30T19:29:19.2731904Z' while content on disk has modification time of '2025-04-30T19:29:20.0365723Z'
Number of updated asset objects reloaded before import = 0Number of asset objects unloaded after import = 0

========================================================================
Received Import Request.
  Time since last request: 0.000016 seconds.
  path: Assets/Scripts/MainMenu.cs
  artifactKey: Guid(bec661b304bf33645abee6d5b105ce53) Importer(815301076,1909f56bfc062723c751e8b465ee728b)
Start importing Assets/Scripts/MainMenu.cs using Guid(bec661b304bf33645abee6d5b105ce53) Importer(815301076,1909f56bfc062723c751e8b465ee728b) (PreviewImporter) -> (artifact id: '00000000000000000000000000000000') in 0.0005071 seconds
Import Error Code:(4)
Message: Build asset version error: assets/scripts/mainmenu.cs in SourceAssetDB has modification time of '2025-04-30T19:29:19.2731904Z' while content on disk has modification time of '2025-04-30T19:29:20.0365723Z'
  ERROR: Build asset version error: assets/scripts/mainmenu.cs in SourceAssetDB has modification time of '2025-04-30T19:29:19.2731904Z' while content on disk has modification time of '2025-04-30T19:29:20.0365723Z'
Number of updated asset objects reloaded before import = 0Number of asset objects unloaded after import = 0

========================================================================
Received Import Request.
  Time since last request: 0.000018 seconds.
  path: Assets/Scripts/MainMenu.cs
  artifactKey: Guid(bec661b304bf33645abee6d5b105ce53) Importer(815301076,1909f56bfc062723c751e8b465ee728b)
Start importing Assets/Scripts/MainMenu.cs using Guid(bec661b304bf33645abee6d5b105ce53) Importer(815301076,1909f56bfc062723c751e8b465ee728b) (PreviewImporter) -> (artifact id: '00000000000000000000000000000000') in 0.0005362 seconds
Import Error Code:(4)
Message: Build asset version error: assets/scripts/mainmenu.cs in SourceAssetDB has modification time of '2025-04-30T19:29:19.2731904Z' while content on disk has modification time of '2025-04-30T19:29:20.0365723Z'
  ERROR: Build asset version error: assets/scripts/mainmenu.cs in SourceAssetDB has modification time of '2025-04-30T19:29:19.2731904Z' while content on disk has modification time of '2025-04-30T19:29:20.0365723Z'
Number of updated asset objects reloaded before import = 0Number of asset objects unloaded after import = 0

========================================================================
Received Import Request.
  Time since last request: 0.000027 seconds.
  path: Assets/Scripts/MainMenu.cs
  artifactKey: Guid(bec661b304bf33645abee6d5b105ce53) Importer(815301076,1909f56bfc062723c751e8b465ee728b)
Start importing Assets/Scripts/MainMenu.cs using Guid(bec661b304bf33645abee6d5b105ce53) Importer(815301076,1909f56bfc062723c751e8b465ee728b) (PreviewImporter) -> (artifact id: '00000000000000000000000000000000') in 0.0005407 seconds
Import Error Code:(4)
Message: Build asset version error: assets/scripts/mainmenu.cs in SourceAssetDB has modification time of '2025-04-30T19:29:19.2731904Z' while content on disk has modification time of '2025-04-30T19:29:20.0365723Z'
  ERROR: Build asset version error: assets/scripts/mainmenu.cs in SourceAssetDB has modification time of '2025-04-30T19:29:19.2731904Z' while content on disk has modification time of '2025-04-30T19:29:20.0365723Z'
Number of updated asset objects reloaded before import = 0Number of asset objects unloaded after import = 0

========================================================================
Received Import Request.
  Time since last request: 0.000016 seconds.
  path: Assets/Scripts/MainMenu.cs
  artifactKey: Guid(bec661b304bf33645abee6d5b105ce53) Importer(815301076,1909f56bfc062723c751e8b465ee728b)
Start importing Assets/Scripts/MainMenu.cs using Guid(bec661b304bf33645abee6d5b105ce53) Importer(815301076,1909f56bfc062723c751e8b465ee728b) (PreviewImporter) -> (artifact id: '00000000000000000000000000000000') in 0.0005224 seconds
Import Error Code:(4)
Message: Build asset version error: assets/scripts/mainmenu.cs in SourceAssetDB has modification time of '2025-04-30T19:29:19.2731904Z' while content on disk has modification time of '2025-04-30T19:29:20.0365723Z'
  ERROR: Build asset version error: assets/scripts/mainmenu.cs in SourceAssetDB has modification time of '2025-04-30T19:29:19.2731904Z' while content on disk has modification time of '2025-04-30T19:29:20.0365723Z'
Number of updated asset objects reloaded before import = 0Number of asset objects unloaded after import = 0

========================================================================
Received Import Request.
  Time since last request: 0.000016 seconds.
  path: Assets/Scripts/MainMenu.cs
  artifactKey: Guid(bec661b304bf33645abee6d5b105ce53) Importer(815301076,1909f56bfc062723c751e8b465ee728b)
Start importing Assets/Scripts/MainMenu.cs using Guid(bec661b304bf33645abee6d5b105ce53) Importer(815301076,1909f56bfc062723c751e8b465ee728b) (PreviewImporter) -> (artifact id: '00000000000000000000000000000000') in 0.000522 seconds
Import Error Code:(4)
Message: Build asset version error: assets/scripts/mainmenu.cs in SourceAssetDB has modification time of '2025-04-30T19:29:19.2731904Z' while content on disk has modification time of '2025-04-30T19:29:20.0365723Z'
  ERROR: Build asset version error: assets/scripts/mainmenu.cs in SourceAssetDB has modification time of '2025-04-30T19:29:19.2731904Z' while content on disk has modification time of '2025-04-30T19:29:20.0365723Z'
Number of updated asset objects reloaded before import = 0Number of asset objects unloaded after import = 0

========================================================================
Received Import Request.
  Time since last request: 0.000015 seconds.
  path: Assets/Scripts/MainMenu.cs
  artifactKey: Guid(bec661b304bf33645abee6d5b105ce53) Importer(815301076,1909f56bfc062723c751e8b465ee728b)
Start importing Assets/Scripts/MainMenu.cs using Guid(bec661b304bf33645abee6d5b105ce53) Importer(815301076,1909f56bfc062723c751e8b465ee728b) (PreviewImporter) -> (artifact id: '00000000000000000000000000000000') in 0.0005142 seconds
Import Error Code:(4)
Message: Build asset version error: assets/scripts/mainmenu.cs in SourceAssetDB has modification time of '2025-04-30T19:29:19.2731904Z' while content on disk has modification time of '2025-04-30T19:29:20.0365723Z'
  ERROR: Build asset version error: assets/scripts/mainmenu.cs in SourceAssetDB has modification time of '2025-04-30T19:29:19.2731904Z' while content on disk has modification time of '2025-04-30T19:29:20.0365723Z'
Number of updated asset objects reloaded before import = 0Number of asset objects unloaded after import = 0

========================================================================
Received Import Request.
  Time since last request: 0.000016 seconds.
  path: Assets/Scripts/MainMenu.cs
  artifactKey: Guid(bec661b304bf33645abee6d5b105ce53) Importer(815301076,1909f56bfc062723c751e8b465ee728b)
Start importing Assets/Scripts/MainMenu.cs using Guid(bec661b304bf33645abee6d5b105ce53) Importer(815301076,1909f56bfc062723c751e8b465ee728b) (PreviewImporter) -> (artifact id: '00000000000000000000000000000000') in 0.000577 seconds
Import Error Code:(4)
Message: Build asset version error: assets/scripts/mainmenu.cs in SourceAssetDB has modification time of '2025-04-30T19:29:19.2731904Z' while content on disk has modification time of '2025-04-30T19:29:20.0365723Z'
  ERROR: Build asset version error: assets/scripts/mainmenu.cs in SourceAssetDB has modification time of '2025-04-30T19:29:19.2731904Z' while content on disk has modification time of '2025-04-30T19:29:20.0365723Z'
Number of updated asset objects reloaded before import = 0Number of asset objects unloaded after import = 0

========================================================================
Received Import Request.
  Time since last request: 0.000021 seconds.
  path: Assets/Scripts/MainMenu.cs
  artifactKey: Guid(bec661b304bf33645abee6d5b105ce53) Importer(815301076,1909f56bfc062723c751e8b465ee728b)
Start importing Assets/Scripts/MainMenu.cs using Guid(bec661b304bf33645abee6d5b105ce53) Importer(815301076,1909f56bfc062723c751e8b465ee728b) (PreviewImporter) -> (artifact id: '00000000000000000000000000000000') in 0.0005367 seconds
Import Error Code:(4)
Message: Build asset version error: assets/scripts/mainmenu.cs in SourceAssetDB has modification time of '2025-04-30T19:29:19.2731904Z' while content on disk has modification time of '2025-04-30T19:29:20.0365723Z'
  ERROR: Build asset version error: assets/scripts/mainmenu.cs in SourceAssetDB has modification time of '2025-04-30T19:29:19.2731904Z' while content on disk has modification time of '2025-04-30T19:29:20.0365723Z'
Number of updated asset objects reloaded before import = 0Number of asset objects unloaded after import = 0

========================================================================
Received Import Request.
  Time since last request: 0.000017 seconds.
  path: Assets/Scripts/MainMenu.cs
  artifactKey: Guid(bec661b304bf33645abee6d5b105ce53) Importer(815301076,1909f56bfc062723c751e8b465ee728b)
Start importing Assets/Scripts/MainMenu.cs using Guid(bec661b304bf33645abee6d5b105ce53) Importer(815301076,1909f56bfc062723c751e8b465ee728b) (PreviewImporter) -> (artifact id: '00000000000000000000000000000000') in 0.0005198 seconds
Import Error Code:(4)
Message: Build asset version error: assets/scripts/mainmenu.cs in SourceAssetDB has modification time of '2025-04-30T19:29:19.2731904Z' while content on disk has modification time of '2025-04-30T19:29:20.0365723Z'
  ERROR: Build asset version error: assets/scripts/mainmenu.cs in SourceAssetDB has modification time of '2025-04-30T19:29:19.2731904Z' while content on disk has modification time of '2025-04-30T19:29:20.0365723Z'
Number of updated asset objects reloaded before import = 0Number of asset objects unloaded after import = 0

========================================================================
Received Import Request.
  Time since last request: 0.000017 seconds.
  path: Assets/Scripts/MainMenu.cs
  artifactKey: Guid(bec661b304bf33645abee6d5b105ce53) Importer(815301076,1909f56bfc062723c751e8b465ee728b)
Start importing Assets/Scripts/MainMenu.cs using Guid(bec661b304bf33645abee6d5b105ce53) Importer(815301076,1909f56bfc062723c751e8b465ee728b) (PreviewImporter) -> (artifact id: '00000000000000000000000000000000') in 0.0006343 seconds
Import Error Code:(4)
Message: Build asset version error: assets/scripts/mainmenu.cs in SourceAssetDB has modification time of '2025-04-30T19:29:19.2731904Z' while content on disk has modification time of '2025-04-30T19:29:20.0365723Z'
  ERROR: Build asset version error: assets/scripts/mainmenu.cs in SourceAssetDB has modification time of '2025-04-30T19:29:19.2731904Z' while content on disk has modification time of '2025-04-30T19:29:20.0365723Z'
Number of updated asset objects reloaded before import = 0Number of asset objects unloaded after import = 0

========================================================================
Received Import Request.
  Time since last request: 0.000021 seconds.
  path: Assets/Scripts/MainMenu.cs
  artifactKey: Guid(bec661b304bf33645abee6d5b105ce53) Importer(815301076,1909f56bfc062723c751e8b465ee728b)
Start importing Assets/Scripts/MainMenu.cs using Guid(bec661b304bf33645abee6d5b105ce53) Importer(815301076,1909f56bfc062723c751e8b465ee728b) (PreviewImporter) -> (artifact id: '00000000000000000000000000000000') in 0.0004447 seconds
Import Error Code:(4)
Message: Build asset version error: assets/scripts/mainmenu.cs in SourceAssetDB has modification time of '2025-04-30T19:29:19.2731904Z' while content on disk has modification time of '2025-04-30T19:29:20.0365723Z'
  ERROR: Build asset version error: assets/scripts/mainmenu.cs in SourceAssetDB has modification time of '2025-04-30T19:29:19.2731904Z' while content on disk has modification time of '2025-04-30T19:29:20.0365723Z'
Number of updated asset objects reloaded before import = 0Number of asset objects unloaded after import = 0

========================================================================
Received Import Request.
  Time since last request: 0.000025 seconds.
  path: Assets/Scripts/MainMenu.cs
  artifactKey: Guid(bec661b304bf33645abee6d5b105ce53) Importer(815301076,1909f56bfc062723c751e8b465ee728b)
Start importing Assets/Scripts/MainMenu.cs using Guid(bec661b304bf33645abee6d5b105ce53) Importer(815301076,1909f56bfc062723c751e8b465ee728b) (PreviewImporter) -> (artifact id: '00000000000000000000000000000000') in 0.0005574 seconds
Import Error Code:(4)
Message: Build asset version error: assets/scripts/mainmenu.cs in SourceAssetDB has modification time of '2025-04-30T19:29:19.2731904Z' while content on disk has modification time of '2025-04-30T19:29:20.0365723Z'
  ERROR: Build asset version error: assets/scripts/mainmenu.cs in SourceAssetDB has modification time of '2025-04-30T19:29:19.2731904Z' while content on disk has modification time of '2025-04-30T19:29:20.0365723Z'
Number of updated asset objects reloaded before import = 0Number of asset objects unloaded after import = 0

========================================================================
Received Import Request.
  Time since last request: 0.000016 seconds.
  path: Assets/Scripts/MainMenu.cs
  artifactKey: Guid(bec661b304bf33645abee6d5b105ce53) Importer(815301076,1909f56bfc062723c751e8b465ee728b)
Start importing Assets/Scripts/MainMenu.cs using Guid(bec661b304bf33645abee6d5b105ce53) Importer(815301076,1909f56bfc062723c751e8b465ee728b) (PreviewImporter) -> (artifact id: '00000000000000000000000000000000') in 0.0005136 seconds
Import Error Code:(4)
Message: Build asset version error: assets/scripts/mainmenu.cs in SourceAssetDB has modification time of '2025-04-30T19:29:19.2731904Z' while content on disk has modification time of '2025-04-30T19:29:20.0365723Z'
  ERROR: Build asset version error: assets/scripts/mainmenu.cs in SourceAssetDB has modification time of '2025-04-30T19:29:19.2731904Z' while content on disk has modification time of '2025-04-30T19:29:20.0365723Z'
Number of updated asset objects reloaded before import = 0Number of asset objects unloaded after import = 0

========================================================================
Received Import Request.
  Time since last request: 0.000016 seconds.
  path: Assets/Scripts/MainMenu.cs
  artifactKey: Guid(bec661b304bf33645abee6d5b105ce53) Importer(815301076,1909f56bfc062723c751e8b465ee728b)
Start importing Assets/Scripts/MainMenu.cs using Guid(bec661b304bf33645abee6d5b105ce53) Importer(815301076,1909f56bfc062723c751e8b465ee728b) (PreviewImporter) -> (artifact id: '00000000000000000000000000000000') in 0.0005524 seconds
Import Error Code:(4)
Message: Build asset version error: assets/scripts/mainmenu.cs in SourceAssetDB has modification time of '2025-04-30T19:29:19.2731904Z' while content on disk has modification time of '2025-04-30T19:29:20.0365723Z'
  ERROR: Build asset version error: assets/scripts/mainmenu.cs in SourceAssetDB has modification time of '2025-04-30T19:29:19.2731904Z' while content on disk has modification time of '2025-04-30T19:29:20.0365723Z'
Number of updated asset objects reloaded before import = 0Number of asset objects unloaded after import = 0

========================================================================
Received Import Request.
  Time since last request: 0.000076 seconds.
  path: Assets/Scripts/MainMenu.cs
  artifactKey: Guid(bec661b304bf33645abee6d5b105ce53) Importer(815301076,1909f56bfc062723c751e8b465ee728b)
Start importing Assets/Scripts/MainMenu.cs using Guid(bec661b304bf33645abee6d5b105ce53) Importer(815301076,1909f56bfc062723c751e8b465ee728b) (PreviewImporter) -> (artifact id: '00000000000000000000000000000000') in 0.0005049 seconds
Import Error Code:(4)
Message: Build asset version error: assets/scripts/mainmenu.cs in SourceAssetDB has modification time of '2025-04-30T19:29:19.2731904Z' while content on disk has modification time of '2025-04-30T19:29:20.0365723Z'
  ERROR: Build asset version error: assets/scripts/mainmenu.cs in SourceAssetDB has modification time of '2025-04-30T19:29:19.2731904Z' while content on disk has modification time of '2025-04-30T19:29:20.0365723Z'
Number of updated asset objects reloaded before import = 0Number of asset objects unloaded after import = 0

========================================================================
Received Import Request.
  Time since last request: 0.000016 seconds.
  path: Assets/Scripts/MainMenu.cs
  artifactKey: Guid(bec661b304bf33645abee6d5b105ce53) Importer(815301076,1909f56bfc062723c751e8b465ee728b)
Start importing Assets/Scripts/MainMenu.cs using Guid(bec661b304bf33645abee6d5b105ce53) Importer(815301076,1909f56bfc062723c751e8b465ee728b) (PreviewImporter) -> (artifact id: '00000000000000000000000000000000') in 0.0005051 seconds
Import Error Code:(4)
Message: Build asset version error: assets/scripts/mainmenu.cs in SourceAssetDB has modification time of '2025-04-30T19:29:19.2731904Z' while content on disk has modification time of '2025-04-30T19:29:20.0365723Z'
  ERROR: Build asset version error: assets/scripts/mainmenu.cs in SourceAssetDB has modification time of '2025-04-30T19:29:19.2731904Z' while content on disk has modification time of '2025-04-30T19:29:20.0365723Z'
Number of updated asset objects reloaded before import = 0Number of asset objects unloaded after import = 0

========================================================================
Received Import Request.
  Time since last request: 0.000016 seconds.
  path: Assets/Scripts/MainMenu.cs
  artifactKey: Guid(bec661b304bf33645abee6d5b105ce53) Importer(815301076,1909f56bfc062723c751e8b465ee728b)
Start importing Assets/Scripts/MainMenu.cs using Guid(bec661b304bf33645abee6d5b105ce53) Importer(815301076,1909f56bfc062723c751e8b465ee728b) (PreviewImporter) -> (artifact id: '00000000000000000000000000000000') in 0.0005528 seconds
Import Error Code:(4)
Message: Build asset version error: assets/scripts/mainmenu.cs in SourceAssetDB has modification time of '2025-04-30T19:29:19.2731904Z' while content on disk has modification time of '2025-04-30T19:29:20.0365723Z'
  ERROR: Build asset version error: assets/scripts/mainmenu.cs in SourceAssetDB has modification time of '2025-04-30T19:29:19.2731904Z' while content on disk has modification time of '2025-04-30T19:29:20.0365723Z'
Number of updated asset objects reloaded before import = 0Number of asset objects unloaded after import = 0

========================================================================
Received Import Request.
  Time since last request: 0.000014 seconds.
  path: Assets/Scripts/MainMenu.cs
  artifactKey: Guid(bec661b304bf33645abee6d5b105ce53) Importer(815301076,1909f56bfc062723c751e8b465ee728b)
Start importing Assets/Scripts/MainMenu.cs using Guid(bec661b304bf33645abee6d5b105ce53) Importer(815301076,1909f56bfc062723c751e8b465ee728b) (PreviewImporter) -> (artifact id: '00000000000000000000000000000000') in 0.0004304 seconds
Import Error Code:(4)
Message: Build asset version error: assets/scripts/mainmenu.cs in SourceAssetDB has modification time of '2025-04-30T19:29:19.2731904Z' while content on disk has modification time of '2025-04-30T19:29:20.0365723Z'
  ERROR: Build asset version error: assets/scripts/mainmenu.cs in SourceAssetDB has modification time of '2025-04-30T19:29:19.2731904Z' while content on disk has modification time of '2025-04-30T19:29:20.0365723Z'
Number of updated asset objects reloaded before import = 0Number of asset objects unloaded after import = 0

========================================================================
Received Import Request.
  Time since last request: 0.000013 seconds.
  path: Assets/Scripts/MainMenu.cs
  artifactKey: Guid(bec661b304bf33645abee6d5b105ce53) Importer(815301076,1909f56bfc062723c751e8b465ee728b)
Start importing Assets/Scripts/MainMenu.cs using Guid(bec661b304bf33645abee6d5b105ce53) Importer(815301076,1909f56bfc062723c751e8b465ee728b) (PreviewImporter) -> (artifact id: '00000000000000000000000000000000') in 0.0004878 seconds
Import Error Code:(4)
Message: Build asset version error: assets/scripts/mainmenu.cs in SourceAssetDB has modification time of '2025-04-30T19:29:19.2731904Z' while content on disk has modification time of '2025-04-30T19:29:20.0365723Z'
  ERROR: Build asset version error: assets/scripts/mainmenu.cs in SourceAssetDB has modification time of '2025-04-30T19:29:19.2731904Z' while content on disk has modification time of '2025-04-30T19:29:20.0365723Z'
Number of updated asset objects reloaded before import = 0Number of asset objects unloaded after import = 0

========================================================================
Received Import Request.
  Time since last request: 0.000013 seconds.
  path: Assets/Scripts/MainMenu.cs
  artifactKey: Guid(bec661b304bf33645abee6d5b105ce53) Importer(815301076,1909f56bfc062723c751e8b465ee728b)
Start importing Assets/Scripts/MainMenu.cs using Guid(bec661b304bf33645abee6d5b105ce53) Importer(815301076,1909f56bfc062723c751e8b465ee728b) (PreviewImporter) -> (artifact id: '00000000000000000000000000000000') in 0.0004383 seconds
Import Error Code:(4)
Message: Build asset version error: assets/scripts/mainmenu.cs in SourceAssetDB has modification time of '2025-04-30T19:29:19.2731904Z' while content on disk has modification time of '2025-04-30T19:29:20.0365723Z'
  ERROR: Build asset version error: assets/scripts/mainmenu.cs in SourceAssetDB has modification time of '2025-04-30T19:29:19.2731904Z' while content on disk has modification time of '2025-04-30T19:29:20.0365723Z'
Number of updated asset objects reloaded before import = 0Number of asset objects unloaded after import = 0

========================================================================
Received Import Request.
  Time since last request: 0.000019 seconds.
  path: Assets/Scripts/MainMenu.cs
  artifactKey: Guid(bec661b304bf33645abee6d5b105ce53) Importer(815301076,1909f56bfc062723c751e8b465ee728b)
Start importing Assets/Scripts/MainMenu.cs using Guid(bec661b304bf33645abee6d5b105ce53) Importer(815301076,1909f56bfc062723c751e8b465ee728b) (PreviewImporter) -> (artifact id: '00000000000000000000000000000000') in 0.0004488 seconds
Import Error Code:(4)
Message: Build asset version error: assets/scripts/mainmenu.cs in SourceAssetDB has modification time of '2025-04-30T19:29:19.2731904Z' while content on disk has modification time of '2025-04-30T19:29:20.0365723Z'
  ERROR: Build asset version error: assets/scripts/mainmenu.cs in SourceAssetDB has modification time of '2025-04-30T19:29:19.2731904Z' while content on disk has modification time of '2025-04-30T19:29:20.0365723Z'
Number of updated asset objects reloaded before import = 0Number of asset objects unloaded after import = 0

========================================================================
Received Import Request.
  Time since last request: 0.000025 seconds.
  path: Assets/Scripts/MainMenu.cs
  artifactKey: Guid(bec661b304bf33645abee6d5b105ce53) Importer(815301076,1909f56bfc062723c751e8b465ee728b)
Start importing Assets/Scripts/MainMenu.cs using Guid(bec661b304bf33645abee6d5b105ce53) Importer(815301076,1909f56bfc062723c751e8b465ee728b) (PreviewImporter) -> (artifact id: '00000000000000000000000000000000') in 0.0006156 seconds
Import Error Code:(4)
Message: Build asset version error: assets/scripts/mainmenu.cs in SourceAssetDB has modification time of '2025-04-30T19:29:19.2731904Z' while content on disk has modification time of '2025-04-30T19:29:20.0365723Z'
  ERROR: Build asset version error: assets/scripts/mainmenu.cs in SourceAssetDB has modification time of '2025-04-30T19:29:19.2731904Z' while content on disk has modification time of '2025-04-30T19:29:20.0365723Z'
Number of updated asset objects reloaded before import = 0Number of asset objects unloaded after import = 0

========================================================================
Received Import Request.
  Time since last request: 0.000016 seconds.
  path: Assets/Scripts/MainMenu.cs
  artifactKey: Guid(bec661b304bf33645abee6d5b105ce53) Importer(815301076,1909f56bfc062723c751e8b465ee728b)
Start importing Assets/Scripts/MainMenu.cs using Guid(bec661b304bf33645abee6d5b105ce53) Importer(815301076,1909f56bfc062723c751e8b465ee728b) (PreviewImporter) -> (artifact id: '00000000000000000000000000000000') in 0.0007217 seconds
Import Error Code:(4)
Message: Build asset version error: assets/scripts/mainmenu.cs in SourceAssetDB has modification time of '2025-04-30T19:29:19.2731904Z' while content on disk has modification time of '2025-04-30T19:29:20.0365723Z'
  ERROR: Build asset version error: assets/scripts/mainmenu.cs in SourceAssetDB has modification time of '2025-04-30T19:29:19.2731904Z' while content on disk has modification time of '2025-04-30T19:29:20.0365723Z'
Number of updated asset objects reloaded before import = 0Number of asset objects unloaded after import = 0

========================================================================
Received Import Request.
  Time since last request: 0.000016 seconds.
  path: Assets/Scripts/MainMenu.cs
  artifactKey: Guid(bec661b304bf33645abee6d5b105ce53) Importer(815301076,1909f56bfc062723c751e8b465ee728b)
Start importing Assets/Scripts/MainMenu.cs using Guid(bec661b304bf33645abee6d5b105ce53) Importer(815301076,1909f56bfc062723c751e8b465ee728b) (PreviewImporter) -> (artifact id: '00000000000000000000000000000000') in 0.0005163 seconds
Import Error Code:(4)
Message: Build asset version error: assets/scripts/mainmenu.cs in SourceAssetDB has modification time of '2025-04-30T19:29:19.2731904Z' while content on disk has modification time of '2025-04-30T19:29:20.0365723Z'
  ERROR: Build asset version error: assets/scripts/mainmenu.cs in SourceAssetDB has modification time of '2025-04-30T19:29:19.2731904Z' while content on disk has modification time of '2025-04-30T19:29:20.0365723Z'
Number of updated asset objects reloaded before import = 0Number of asset objects unloaded after import = 0

========================================================================
Received Import Request.
  Time since last request: 0.000016 seconds.
  path: Assets/Scripts/MainMenu.cs
  artifactKey: Guid(bec661b304bf33645abee6d5b105ce53) Importer(815301076,1909f56bfc062723c751e8b465ee728b)
Start importing Assets/Scripts/MainMenu.cs using Guid(bec661b304bf33645abee6d5b105ce53) Importer(815301076,1909f56bfc062723c751e8b465ee728b) (PreviewImporter) -> (artifact id: '00000000000000000000000000000000') in 0.0005141 seconds
Import Error Code:(4)
Message: Build asset version error: assets/scripts/mainmenu.cs in SourceAssetDB has modification time of '2025-04-30T19:29:19.2731904Z' while content on disk has modification time of '2025-04-30T19:29:20.0365723Z'
  ERROR: Build asset version error: assets/scripts/mainmenu.cs in SourceAssetDB has modification time of '2025-04-30T19:29:19.2731904Z' while content on disk has modification time of '2025-04-30T19:29:20.0365723Z'
Number of updated asset objects reloaded before import = 0Number of asset objects unloaded after import = 0

========================================================================
Received Import Request.
  Time since last request: 0.000012 seconds.
  path: Assets/Scripts/MainMenu.cs
  artifactKey: Guid(bec661b304bf33645abee6d5b105ce53) Importer(815301076,1909f56bfc062723c751e8b465ee728b)
Start importing Assets/Scripts/MainMenu.cs using Guid(bec661b304bf33645abee6d5b105ce53) Importer(815301076,1909f56bfc062723c751e8b465ee728b) (PreviewImporter) -> (artifact id: '00000000000000000000000000000000') in 0.0004707 seconds
Import Error Code:(4)
Message: Build asset version error: assets/scripts/mainmenu.cs in SourceAssetDB has modification time of '2025-04-30T19:29:19.2731904Z' while content on disk has modification time of '2025-04-30T19:29:20.0365723Z'
  ERROR: Build asset version error: assets/scripts/mainmenu.cs in SourceAssetDB has modification time of '2025-04-30T19:29:19.2731904Z' while content on disk has modification time of '2025-04-30T19:29:20.0365723Z'
Number of updated asset objects reloaded before import = 0Number of asset objects unloaded after import = 0

========================================================================
Received Import Request.
  Time since last request: 0.000012 seconds.
  path: Assets/Scripts/MainMenu.cs
  artifactKey: Guid(bec661b304bf33645abee6d5b105ce53) Importer(815301076,1909f56bfc062723c751e8b465ee728b)
Start importing Assets/Scripts/MainMenu.cs using Guid(bec661b304bf33645abee6d5b105ce53) Importer(815301076,1909f56bfc062723c751e8b465ee728b) (PreviewImporter) -> (artifact id: '00000000000000000000000000000000') in 0.0004206 seconds
Import Error Code:(4)
Message: Build asset version error: assets/scripts/mainmenu.cs in SourceAssetDB has modification time of '2025-04-30T19:29:19.2731904Z' while content on disk has modification time of '2025-04-30T19:29:20.0365723Z'
  ERROR: Build asset version error: assets/scripts/mainmenu.cs in SourceAssetDB has modification time of '2025-04-30T19:29:19.2731904Z' while content on disk has modification time of '2025-04-30T19:29:20.0365723Z'
Number of updated asset objects reloaded before import = 0Number of asset objects unloaded after import = 0

========================================================================
Received Import Request.
  Time since last request: 0.000043 seconds.
  path: Assets/Scripts/MainMenu.cs
  artifactKey: Guid(bec661b304bf33645abee6d5b105ce53) Importer(815301076,1909f56bfc062723c751e8b465ee728b)
Start importing Assets/Scripts/MainMenu.cs using Guid(bec661b304bf33645abee6d5b105ce53) Importer(815301076,1909f56bfc062723c751e8b465ee728b) (PreviewImporter) -> (artifact id: '00000000000000000000000000000000') in 0.0004371 seconds
Import Error Code:(4)
Message: Build asset version error: assets/scripts/mainmenu.cs in SourceAssetDB has modification time of '2025-04-30T19:29:19.2731904Z' while content on disk has modification time of '2025-04-30T19:29:20.0365723Z'
  ERROR: Build asset version error: assets/scripts/mainmenu.cs in SourceAssetDB has modification time of '2025-04-30T19:29:19.2731904Z' while content on disk has modification time of '2025-04-30T19:29:20.0365723Z'
Number of updated asset objects reloaded before import = 0Number of asset objects unloaded after import = 0

========================================================================
Received Import Request.
  Time since last request: 0.000012 seconds.
  path: Assets/Scripts/MainMenu.cs
  artifactKey: Guid(bec661b304bf33645abee6d5b105ce53) Importer(815301076,1909f56bfc062723c751e8b465ee728b)
Start importing Assets/Scripts/MainMenu.cs using Guid(bec661b304bf33645abee6d5b105ce53) Importer(815301076,1909f56bfc062723c751e8b465ee728b) (PreviewImporter) -> (artifact id: '00000000000000000000000000000000') in 0.0004313 seconds
Import Error Code:(4)
Message: Build asset version error: assets/scripts/mainmenu.cs in SourceAssetDB has modification time of '2025-04-30T19:29:19.2731904Z' while content on disk has modification time of '2025-04-30T19:29:20.0365723Z'
  ERROR: Build asset version error: assets/scripts/mainmenu.cs in SourceAssetDB has modification time of '2025-04-30T19:29:19.2731904Z' while content on disk has modification time of '2025-04-30T19:29:20.0365723Z'
Number of updated asset objects reloaded before import = 0Number of asset objects unloaded after import = 0

========================================================================
Received Import Request.
  Time since last request: 0.000013 seconds.
  path: Assets/Scripts/MainMenu.cs
  artifactKey: Guid(bec661b304bf33645abee6d5b105ce53) Importer(815301076,1909f56bfc062723c751e8b465ee728b)
Start importing Assets/Scripts/MainMenu.cs using Guid(bec661b304bf33645abee6d5b105ce53) Importer(815301076,1909f56bfc062723c751e8b465ee728b) (PreviewImporter) -> (artifact id: '00000000000000000000000000000000') in 0.0004542 seconds
Import Error Code:(4)
Message: Build asset version error: assets/scripts/mainmenu.cs in SourceAssetDB has modification time of '2025-04-30T19:29:19.2731904Z' while content on disk has modification time of '2025-04-30T19:29:20.0365723Z'
  ERROR: Build asset version error: assets/scripts/mainmenu.cs in SourceAssetDB has modification time of '2025-04-30T19:29:19.2731904Z' while content on disk has modification time of '2025-04-30T19:29:20.0365723Z'
Number of updated asset objects reloaded before import = 0Number of asset objects unloaded after import = 0

========================================================================
Received Import Request.
  Time since last request: 0.000014 seconds.
  path: Assets/Scripts/MainMenu.cs
  artifactKey: Guid(bec661b304bf33645abee6d5b105ce53) Importer(815301076,1909f56bfc062723c751e8b465ee728b)
Start importing Assets/Scripts/MainMenu.cs using Guid(bec661b304bf33645abee6d5b105ce53) Importer(815301076,1909f56bfc062723c751e8b465ee728b) (PreviewImporter) -> (artifact id: '00000000000000000000000000000000') in 0.0007807 seconds
Import Error Code:(4)
Message: Build asset version error: assets/scripts/mainmenu.cs in SourceAssetDB has modification time of '2025-04-30T19:29:19.2731904Z' while content on disk has modification time of '2025-04-30T19:29:20.0365723Z'
  ERROR: Build asset version error: assets/scripts/mainmenu.cs in SourceAssetDB has modification time of '2025-04-30T19:29:19.2731904Z' while content on disk has modification time of '2025-04-30T19:29:20.0365723Z'
Number of updated asset objects reloaded before import = 0Number of asset objects unloaded after import = 0

========================================================================
Received Import Request.
  Time since last request: 0.000015 seconds.
  path: Assets/Scripts/MainMenu.cs
  artifactKey: Guid(bec661b304bf33645abee6d5b105ce53) Importer(815301076,1909f56bfc062723c751e8b465ee728b)
Start importing Assets/Scripts/MainMenu.cs using Guid(bec661b304bf33645abee6d5b105ce53) Importer(815301076,1909f56bfc062723c751e8b465ee728b) (PreviewImporter) -> (artifact id: '00000000000000000000000000000000') in 0.0004635 seconds
Import Error Code:(4)
Message: Build asset version error: assets/scripts/mainmenu.cs in SourceAssetDB has modification time of '2025-04-30T19:29:19.2731904Z' while content on disk has modification time of '2025-04-30T19:29:20.0365723Z'
  ERROR: Build asset version error: assets/scripts/mainmenu.cs in SourceAssetDB has modification time of '2025-04-30T19:29:19.2731904Z' while content on disk has modification time of '2025-04-30T19:29:20.0365723Z'
Number of updated asset objects reloaded before import = 0Number of asset objects unloaded after import = 0

========================================================================
Received Import Request.
  Time since last request: 0.000021 seconds.
  path: Assets/Scripts/MainMenu.cs
  artifactKey: Guid(bec661b304bf33645abee6d5b105ce53) Importer(815301076,1909f56bfc062723c751e8b465ee728b)
Start importing Assets/Scripts/MainMenu.cs using Guid(bec661b304bf33645abee6d5b105ce53) Importer(815301076,1909f56bfc062723c751e8b465ee728b) (PreviewImporter) -> (artifact id: '00000000000000000000000000000000') in 0.0008368 seconds
Import Error Code:(4)
Message: Build asset version error: assets/scripts/mainmenu.cs in SourceAssetDB has modification time of '2025-04-30T19:29:19.2731904Z' while content on disk has modification time of '2025-04-30T19:29:20.0365723Z'
  ERROR: Build asset version error: assets/scripts/mainmenu.cs in SourceAssetDB has modification time of '2025-04-30T19:29:19.2731904Z' while content on disk has modification time of '2025-04-30T19:29:20.0365723Z'
Number of updated asset objects reloaded before import = 0Number of asset objects unloaded after import = 0

========================================================================
Received Import Request.
  Time since last request: 0.000015 seconds.
  path: Assets/Scripts/MainMenu.cs
  artifactKey: Guid(bec661b304bf33645abee6d5b105ce53) Importer(815301076,1909f56bfc062723c751e8b465ee728b)
Start importing Assets/Scripts/MainMenu.cs using Guid(bec661b304bf33645abee6d5b105ce53) Importer(815301076,1909f56bfc062723c751e8b465ee728b) (PreviewImporter) -> (artifact id: '00000000000000000000000000000000') in 0.0007422 seconds
Import Error Code:(4)
Message: Build asset version error: assets/scripts/mainmenu.cs in SourceAssetDB has modification time of '2025-04-30T19:29:19.2731904Z' while content on disk has modification time of '2025-04-30T19:29:20.0365723Z'
  ERROR: Build asset version error: assets/scripts/mainmenu.cs in SourceAssetDB has modification time of '2025-04-30T19:29:19.2731904Z' while content on disk has modification time of '2025-04-30T19:29:20.0365723Z'
Number of updated asset objects reloaded before import = 0Number of asset objects unloaded after import = 0

========================================================================
Received Import Request.
  Time since last request: 0.000013 seconds.
  path: Assets/Scripts/MainMenu.cs
  artifactKey: Guid(bec661b304bf33645abee6d5b105ce53) Importer(815301076,1909f56bfc062723c751e8b465ee728b)
Start importing Assets/Scripts/MainMenu.cs using Guid(bec661b304bf33645abee6d5b105ce53) Importer(815301076,1909f56bfc062723c751e8b465ee728b) (PreviewImporter) -> (artifact id: '00000000000000000000000000000000') in 0.0004601 seconds
Import Error Code:(4)
Message: Build asset version error: assets/scripts/mainmenu.cs in SourceAssetDB has modification time of '2025-04-30T19:29:19.2731904Z' while content on disk has modification time of '2025-04-30T19:29:20.0365723Z'
  ERROR: Build asset version error: assets/scripts/mainmenu.cs in SourceAssetDB has modification time of '2025-04-30T19:29:19.2731904Z' while content on disk has modification time of '2025-04-30T19:29:20.0365723Z'
Number of updated asset objects reloaded before import = 0Number of asset objects unloaded after import = 0

========================================================================
Received Import Request.
  Time since last request: 0.000016 seconds.
  path: Assets/Scripts/MainMenu.cs
  artifactKey: Guid(bec661b304bf33645abee6d5b105ce53) Importer(815301076,1909f56bfc062723c751e8b465ee728b)
Start importing Assets/Scripts/MainMenu.cs using Guid(bec661b304bf33645abee6d5b105ce53) Importer(815301076,1909f56bfc062723c751e8b465ee728b) (PreviewImporter) -> (artifact id: '00000000000000000000000000000000') in 0.0005153 seconds
Import Error Code:(4)
Message: Build asset version error: assets/scripts/mainmenu.cs in SourceAssetDB has modification time of '2025-04-30T19:29:19.2731904Z' while content on disk has modification time of '2025-04-30T19:29:20.0365723Z'
  ERROR: Build asset version error: assets/scripts/mainmenu.cs in SourceAssetDB has modification time of '2025-04-30T19:29:19.2731904Z' while content on disk has modification time of '2025-04-30T19:29:20.0365723Z'
Number of updated asset objects reloaded before import = 0Number of asset objects unloaded after import = 0

========================================================================
Received Import Request.
  Time since last request: 0.000016 seconds.
  path: Assets/Scripts/MainMenu.cs
  artifactKey: Guid(bec661b304bf33645abee6d5b105ce53) Importer(815301076,1909f56bfc062723c751e8b465ee728b)
Start importing Assets/Scripts/MainMenu.cs using Guid(bec661b304bf33645abee6d5b105ce53) Importer(815301076,1909f56bfc062723c751e8b465ee728b) (PreviewImporter) -> (artifact id: '00000000000000000000000000000000') in 0.0005383 seconds
Import Error Code:(4)
Message: Build asset version error: assets/scripts/mainmenu.cs in SourceAssetDB has modification time of '2025-04-30T19:29:19.2731904Z' while content on disk has modification time of '2025-04-30T19:29:20.0365723Z'
  ERROR: Build asset version error: assets/scripts/mainmenu.cs in SourceAssetDB has modification time of '2025-04-30T19:29:19.2731904Z' while content on disk has modification time of '2025-04-30T19:29:20.0365723Z'
Number of updated asset objects reloaded before import = 0Number of asset objects unloaded after import = 0

========================================================================
Received Import Request.
  Time since last request: 0.000016 seconds.
  path: Assets/Scripts/MainMenu.cs
  artifactKey: Guid(bec661b304bf33645abee6d5b105ce53) Importer(815301076,1909f56bfc062723c751e8b465ee728b)
Start importing Assets/Scripts/MainMenu.cs using Guid(bec661b304bf33645abee6d5b105ce53) Importer(815301076,1909f56bfc062723c751e8b465ee728b) (PreviewImporter) -> (artifact id: '00000000000000000000000000000000') in 0.0005172 seconds
Import Error Code:(4)
Message: Build asset version error: assets/scripts/mainmenu.cs in SourceAssetDB has modification time of '2025-04-30T19:29:19.2731904Z' while content on disk has modification time of '2025-04-30T19:29:20.0365723Z'
  ERROR: Build asset version error: assets/scripts/mainmenu.cs in SourceAssetDB has modification time of '2025-04-30T19:29:19.2731904Z' while content on disk has modification time of '2025-04-30T19:29:20.0365723Z'
Number of updated asset objects reloaded before import = 0Number of asset objects unloaded after import = 0

========================================================================
Received Import Request.
  Time since last request: 0.000013 seconds.
  path: Assets/Scripts/MainMenu.cs
  artifactKey: Guid(bec661b304bf33645abee6d5b105ce53) Importer(815301076,1909f56bfc062723c751e8b465ee728b)
Start importing Assets/Scripts/MainMenu.cs using Guid(bec661b304bf33645abee6d5b105ce53) Importer(815301076,1909f56bfc062723c751e8b465ee728b) (PreviewImporter) -> (artifact id: '00000000000000000000000000000000') in 0.0004432 seconds
Import Error Code:(4)
Message: Build asset version error: assets/scripts/mainmenu.cs in SourceAssetDB has modification time of '2025-04-30T19:29:19.2731904Z' while content on disk has modification time of '2025-04-30T19:29:20.0365723Z'
  ERROR: Build asset version error: assets/scripts/mainmenu.cs in SourceAssetDB has modification time of '2025-04-30T19:29:19.2731904Z' while content on disk has modification time of '2025-04-30T19:29:20.0365723Z'
Number of updated asset objects reloaded before import = 0Number of asset objects unloaded after import = 0

========================================================================
Received Import Request.
  Time since last request: 0.000042 seconds.
  path: Assets/Scripts/MainMenu.cs
  artifactKey: Guid(bec661b304bf33645abee6d5b105ce53) Importer(815301076,1909f56bfc062723c751e8b465ee728b)
Start importing Assets/Scripts/MainMenu.cs using Guid(bec661b304bf33645abee6d5b105ce53) Importer(815301076,1909f56bfc062723c751e8b465ee728b) (PreviewImporter) -> (artifact id: '00000000000000000000000000000000') in 0.0004602 seconds
Import Error Code:(4)
Message: Build asset version error: assets/scripts/mainmenu.cs in SourceAssetDB has modification time of '2025-04-30T19:29:19.2731904Z' while content on disk has modification time of '2025-04-30T19:29:20.0365723Z'
  ERROR: Build asset version error: assets/scripts/mainmenu.cs in SourceAssetDB has modification time of '2025-04-30T19:29:19.2731904Z' while content on disk has modification time of '2025-04-30T19:29:20.0365723Z'
Number of updated asset objects reloaded before import = 0Number of asset objects unloaded after import = 0

========================================================================
Received Import Request.
  Time since last request: 0.000014 seconds.
  path: Assets/Scripts/MainMenu.cs
  artifactKey: Guid(bec661b304bf33645abee6d5b105ce53) Importer(815301076,1909f56bfc062723c751e8b465ee728b)
Start importing Assets/Scripts/MainMenu.cs using Guid(bec661b304bf33645abee6d5b105ce53) Importer(815301076,1909f56bfc062723c751e8b465ee728b) (PreviewImporter) -> (artifact id: '00000000000000000000000000000000') in 0.0004336 seconds
Import Error Code:(4)
Message: Build asset version error: assets/scripts/mainmenu.cs in SourceAssetDB has modification time of '2025-04-30T19:29:19.2731904Z' while content on disk has modification time of '2025-04-30T19:29:20.0365723Z'
  ERROR: Build asset version error: assets/scripts/mainmenu.cs in SourceAssetDB has modification time of '2025-04-30T19:29:19.2731904Z' while content on disk has modification time of '2025-04-30T19:29:20.0365723Z'
Number of updated asset objects reloaded before import = 0Number of asset objects unloaded after import = 0

========================================================================
Received Import Request.
  Time since last request: 0.000016 seconds.
  path: Assets/Scripts/MainMenu.cs
  artifactKey: Guid(bec661b304bf33645abee6d5b105ce53) Importer(815301076,1909f56bfc062723c751e8b465ee728b)
Start importing Assets/Scripts/MainMenu.cs using Guid(bec661b304bf33645abee6d5b105ce53) Importer(815301076,1909f56bfc062723c751e8b465ee728b) (PreviewImporter) -> (artifact id: '00000000000000000000000000000000') in 0.0005192 seconds
Import Error Code:(4)
Message: Build asset version error: assets/scripts/mainmenu.cs in SourceAssetDB has modification time of '2025-04-30T19:29:19.2731904Z' while content on disk has modification time of '2025-04-30T19:29:20.0365723Z'
  ERROR: Build asset version error: assets/scripts/mainmenu.cs in SourceAssetDB has modification time of '2025-04-30T19:29:19.2731904Z' while content on disk has modification time of '2025-04-30T19:29:20.0365723Z'
Number of updated asset objects reloaded before import = 0Number of asset objects unloaded after import = 0

========================================================================
Received Import Request.
  Time since last request: 0.000022 seconds.
  path: Assets/Scripts/MainMenu.cs
  artifactKey: Guid(bec661b304bf33645abee6d5b105ce53) Importer(815301076,1909f56bfc062723c751e8b465ee728b)
Start importing Assets/Scripts/MainMenu.cs using Guid(bec661b304bf33645abee6d5b105ce53) Importer(815301076,1909f56bfc062723c751e8b465ee728b) (PreviewImporter) -> (artifact id: '00000000000000000000000000000000') in 0.0004595 seconds
Import Error Code:(4)
Message: Build asset version error: assets/scripts/mainmenu.cs in SourceAssetDB has modification time of '2025-04-30T19:29:19.2731904Z' while content on disk has modification time of '2025-04-30T19:29:20.0365723Z'
  ERROR: Build asset version error: assets/scripts/mainmenu.cs in SourceAssetDB has modification time of '2025-04-30T19:29:19.2731904Z' while content on disk has modification time of '2025-04-30T19:29:20.0365723Z'
Number of updated asset objects reloaded before import = 0Number of asset objects unloaded after import = 0

========================================================================
Received Import Request.
  Time since last request: 0.000035 seconds.
  path: Assets/Scripts/MainMenu.cs
  artifactKey: Guid(bec661b304bf33645abee6d5b105ce53) Importer(815301076,1909f56bfc062723c751e8b465ee728b)
Start importing Assets/Scripts/MainMenu.cs using Guid(bec661b304bf33645abee6d5b105ce53) Importer(815301076,1909f56bfc062723c751e8b465ee728b) (PreviewImporter) -> (artifact id: '00000000000000000000000000000000') in 0.0005639 seconds
Import Error Code:(4)
Message: Build asset version error: assets/scripts/mainmenu.cs in SourceAssetDB has modification time of '2025-04-30T19:29:19.2731904Z' while content on disk has modification time of '2025-04-30T19:29:20.0365723Z'
  ERROR: Build asset version error: assets/scripts/mainmenu.cs in SourceAssetDB has modification time of '2025-04-30T19:29:19.2731904Z' while content on disk has modification time of '2025-04-30T19:29:20.0365723Z'
Number of updated asset objects reloaded before import = 0Number of asset objects unloaded after import = 0

========================================================================
Received Import Request.
  Time since last request: 0.000018 seconds.
  path: Assets/Scripts/MainMenu.cs
  artifactKey: Guid(bec661b304bf33645abee6d5b105ce53) Importer(815301076,1909f56bfc062723c751e8b465ee728b)
Start importing Assets/Scripts/MainMenu.cs using Guid(bec661b304bf33645abee6d5b105ce53) Importer(815301076,1909f56bfc062723c751e8b465ee728b) (PreviewImporter) -> (artifact id: '00000000000000000000000000000000') in 0.0006161 seconds
Import Error Code:(4)
Message: Build asset version error: assets/scripts/mainmenu.cs in SourceAssetDB has modification time of '2025-04-30T19:29:19.2731904Z' while content on disk has modification time of '2025-04-30T19:29:20.0365723Z'
  ERROR: Build asset version error: assets/scripts/mainmenu.cs in SourceAssetDB has modification time of '2025-04-30T19:29:19.2731904Z' while content on disk has modification time of '2025-04-30T19:29:20.0365723Z'
Number of updated asset objects reloaded before import = 0Number of asset objects unloaded after import = 0

========================================================================
Received Import Request.
  Time since last request: 0.000017 seconds.
  path: Assets/Scripts/MainMenu.cs
  artifactKey: Guid(bec661b304bf33645abee6d5b105ce53) Importer(815301076,1909f56bfc062723c751e8b465ee728b)
Start importing Assets/Scripts/MainMenu.cs using Guid(bec661b304bf33645abee6d5b105ce53) Importer(815301076,1909f56bfc062723c751e8b465ee728b) (PreviewImporter) -> (artifact id: '00000000000000000000000000000000') in 0.0005467 seconds
Import Error Code:(4)
Message: Build asset version error: assets/scripts/mainmenu.cs in SourceAssetDB has modification time of '2025-04-30T19:29:19.2731904Z' while content on disk has modification time of '2025-04-30T19:29:20.0365723Z'
  ERROR: Build asset version error: assets/scripts/mainmenu.cs in SourceAssetDB has modification time of '2025-04-30T19:29:19.2731904Z' while content on disk has modification time of '2025-04-30T19:29:20.0365723Z'
Number of updated asset objects reloaded before import = 0Number of asset objects unloaded after import = 0

========================================================================
Received Import Request.
  Time since last request: 0.000016 seconds.
  path: Assets/Scripts/MainMenu.cs
  artifactKey: Guid(bec661b304bf33645abee6d5b105ce53) Importer(815301076,1909f56bfc062723c751e8b465ee728b)
Start importing Assets/Scripts/MainMenu.cs using Guid(bec661b304bf33645abee6d5b105ce53) Importer(815301076,1909f56bfc062723c751e8b465ee728b) (PreviewImporter) -> (artifact id: '00000000000000000000000000000000') in 0.0005209 seconds
Import Error Code:(4)
Message: Build asset version error: assets/scripts/mainmenu.cs in SourceAssetDB has modification time of '2025-04-30T19:29:19.2731904Z' while content on disk has modification time of '2025-04-30T19:29:20.0365723Z'
  ERROR: Build asset version error: assets/scripts/mainmenu.cs in SourceAssetDB has modification time of '2025-04-30T19:29:19.2731904Z' while content on disk has modification time of '2025-04-30T19:29:20.0365723Z'
Number of updated asset objects reloaded before import = 0Number of asset objects unloaded after import = 0

========================================================================
Received Import Request.
  Time since last request: 0.000016 seconds.
  path: Assets/Scripts/MainMenu.cs
  artifactKey: Guid(bec661b304bf33645abee6d5b105ce53) Importer(815301076,1909f56bfc062723c751e8b465ee728b)
Start importing Assets/Scripts/MainMenu.cs using Guid(bec661b304bf33645abee6d5b105ce53) Importer(815301076,1909f56bfc062723c751e8b465ee728b) (PreviewImporter) -> (artifact id: '00000000000000000000000000000000') in 0.0005004 seconds
Import Error Code:(4)
Message: Build asset version error: assets/scripts/mainmenu.cs in SourceAssetDB has modification time of '2025-04-30T19:29:19.2731904Z' while content on disk has modification time of '2025-04-30T19:29:20.0365723Z'
  ERROR: Build asset version error: assets/scripts/mainmenu.cs in SourceAssetDB has modification time of '2025-04-30T19:29:19.2731904Z' while content on disk has modification time of '2025-04-30T19:29:20.0365723Z'
Number of updated asset objects reloaded before import = 0Number of asset objects unloaded after import = 0

========================================================================
Received Import Request.
  Time since last request: 0.000016 seconds.
  path: Assets/Scripts/MainMenu.cs
  artifactKey: Guid(bec661b304bf33645abee6d5b105ce53) Importer(815301076,1909f56bfc062723c751e8b465ee728b)
Start importing Assets/Scripts/MainMenu.cs using Guid(bec661b304bf33645abee6d5b105ce53) Importer(815301076,1909f56bfc062723c751e8b465ee728b) (PreviewImporter) -> (artifact id: '00000000000000000000000000000000') in 0.0005066 seconds
Import Error Code:(4)
Message: Build asset version error: assets/scripts/mainmenu.cs in SourceAssetDB has modification time of '2025-04-30T19:29:19.2731904Z' while content on disk has modification time of '2025-04-30T19:29:20.0365723Z'
  ERROR: Build asset version error: assets/scripts/mainmenu.cs in SourceAssetDB has modification time of '2025-04-30T19:29:19.2731904Z' while content on disk has modification time of '2025-04-30T19:29:20.0365723Z'
Number of updated asset objects reloaded before import = 0Number of asset objects unloaded after import = 0

========================================================================
Received Import Request.
  Time since last request: 0.000015 seconds.
  path: Assets/Scripts/MainMenu.cs
  artifactKey: Guid(bec661b304bf33645abee6d5b105ce53) Importer(815301076,1909f56bfc062723c751e8b465ee728b)
Start importing Assets/Scripts/MainMenu.cs using Guid(bec661b304bf33645abee6d5b105ce53) Importer(815301076,1909f56bfc062723c751e8b465ee728b) (PreviewImporter) -> (artifact id: '00000000000000000000000000000000') in 0.0005268 seconds
Import Error Code:(4)
Message: Build asset version error: assets/scripts/mainmenu.cs in SourceAssetDB has modification time of '2025-04-30T19:29:19.2731904Z' while content on disk has modification time of '2025-04-30T19:29:20.0365723Z'
  ERROR: Build asset version error: assets/scripts/mainmenu.cs in SourceAssetDB has modification time of '2025-04-30T19:29:19.2731904Z' while content on disk has modification time of '2025-04-30T19:29:20.0365723Z'
Number of updated asset objects reloaded before import = 0Number of asset objects unloaded after import = 0

========================================================================
Received Import Request.
  Time since last request: 0.000018 seconds.
  path: Assets/Scripts/MainMenu.cs
  artifactKey: Guid(bec661b304bf33645abee6d5b105ce53) Importer(815301076,1909f56bfc062723c751e8b465ee728b)
Start importing Assets/Scripts/MainMenu.cs using Guid(bec661b304bf33645abee6d5b105ce53) Importer(815301076,1909f56bfc062723c751e8b465ee728b) (PreviewImporter) -> (artifact id: '00000000000000000000000000000000') in 0.0005129 seconds
Import Error Code:(4)
Message: Build asset version error: assets/scripts/mainmenu.cs in SourceAssetDB has modification time of '2025-04-30T19:29:19.2731904Z' while content on disk has modification time of '2025-04-30T19:29:20.0365723Z'
  ERROR: Build asset version error: assets/scripts/mainmenu.cs in SourceAssetDB has modification time of '2025-04-30T19:29:19.2731904Z' while content on disk has modification time of '2025-04-30T19:29:20.0365723Z'
Number of updated asset objects reloaded before import = 0Number of asset objects unloaded after import = 0

========================================================================
Received Import Request.
  Time since last request: 0.000026 seconds.
  path: Assets/Scripts/MainMenu.cs
  artifactKey: Guid(bec661b304bf33645abee6d5b105ce53) Importer(815301076,1909f56bfc062723c751e8b465ee728b)
Start importing Assets/Scripts/MainMenu.cs using Guid(bec661b304bf33645abee6d5b105ce53) Importer(815301076,1909f56bfc062723c751e8b465ee728b) (PreviewImporter) -> (artifact id: '00000000000000000000000000000000') in 0.0004592 seconds
Import Error Code:(4)
Message: Build asset version error: assets/scripts/mainmenu.cs in SourceAssetDB has modification time of '2025-04-30T19:29:19.2731904Z' while content on disk has modification time of '2025-04-30T19:29:20.0365723Z'
  ERROR: Build asset version error: assets/scripts/mainmenu.cs in SourceAssetDB has modification time of '2025-04-30T19:29:19.2731904Z' while content on disk has modification time of '2025-04-30T19:29:20.0365723Z'
Number of updated asset objects reloaded before import = 0Number of asset objects unloaded after import = 0

========================================================================
Received Import Request.
  Time since last request: 0.000016 seconds.
  path: Assets/Scripts/MainMenu.cs
  artifactKey: Guid(bec661b304bf33645abee6d5b105ce53) Importer(815301076,1909f56bfc062723c751e8b465ee728b)
Start importing Assets/Scripts/MainMenu.cs using Guid(bec661b304bf33645abee6d5b105ce53) Importer(815301076,1909f56bfc062723c751e8b465ee728b) (PreviewImporter) -> (artifact id: '00000000000000000000000000000000') in 0.0005211 seconds
Import Error Code:(4)
Message: Build asset version error: assets/scripts/mainmenu.cs in SourceAssetDB has modification time of '2025-04-30T19:29:19.2731904Z' while content on disk has modification time of '2025-04-30T19:29:20.0365723Z'
  ERROR: Build asset version error: assets/scripts/mainmenu.cs in SourceAssetDB has modification time of '2025-04-30T19:29:19.2731904Z' while content on disk has modification time of '2025-04-30T19:29:20.0365723Z'
Number of updated asset objects reloaded before import = 0Number of asset objects unloaded after import = 0

========================================================================
Received Import Request.
  Time since last request: 0.000013 seconds.
  path: Assets/Scripts/MainMenu.cs
  artifactKey: Guid(bec661b304bf33645abee6d5b105ce53) Importer(815301076,1909f56bfc062723c751e8b465ee728b)
Start importing Assets/Scripts/MainMenu.cs using Guid(bec661b304bf33645abee6d5b105ce53) Importer(815301076,1909f56bfc062723c751e8b465ee728b) (PreviewImporter) -> (artifact id: '00000000000000000000000000000000') in 0.0005107 seconds
Import Error Code:(4)
Message: Build asset version error: assets/scripts/mainmenu.cs in SourceAssetDB has modification time of '2025-04-30T19:29:19.2731904Z' while content on disk has modification time of '2025-04-30T19:29:20.0365723Z'
  ERROR: Build asset version error: assets/scripts/mainmenu.cs in SourceAssetDB has modification time of '2025-04-30T19:29:19.2731904Z' while content on disk has modification time of '2025-04-30T19:29:20.0365723Z'
Number of updated asset objects reloaded before import = 0Number of asset objects unloaded after import = 0

========================================================================
Received Import Request.
  Time since last request: 0.000016 seconds.
  path: Assets/Scripts/MainMenu.cs
  artifactKey: Guid(bec661b304bf33645abee6d5b105ce53) Importer(815301076,1909f56bfc062723c751e8b465ee728b)
Start importing Assets/Scripts/MainMenu.cs using Guid(bec661b304bf33645abee6d5b105ce53) Importer(815301076,1909f56bfc062723c751e8b465ee728b) (PreviewImporter) -> (artifact id: '00000000000000000000000000000000') in 0.0005627 seconds
Import Error Code:(4)
Message: Build asset version error: assets/scripts/mainmenu.cs in SourceAssetDB has modification time of '2025-04-30T19:29:19.2731904Z' while content on disk has modification time of '2025-04-30T19:29:20.0365723Z'
  ERROR: Build asset version error: assets/scripts/mainmenu.cs in SourceAssetDB has modification time of '2025-04-30T19:29:19.2731904Z' while content on disk has modification time of '2025-04-30T19:29:20.0365723Z'
Number of updated asset objects reloaded before import = 0Number of asset objects unloaded after import = 0

========================================================================
Received Import Request.
  Time since last request: 0.000015 seconds.
  path: Assets/Scripts/MainMenu.cs
  artifactKey: Guid(bec661b304bf33645abee6d5b105ce53) Importer(815301076,1909f56bfc062723c751e8b465ee728b)
Start importing Assets/Scripts/MainMenu.cs using Guid(bec661b304bf33645abee6d5b105ce53) Importer(815301076,1909f56bfc062723c751e8b465ee728b) (PreviewImporter) -> (artifact id: '00000000000000000000000000000000') in 0.0005157 seconds
Import Error Code:(4)
Message: Build asset version error: assets/scripts/mainmenu.cs in SourceAssetDB has modification time of '2025-04-30T19:29:19.2731904Z' while content on disk has modification time of '2025-04-30T19:29:20.0365723Z'
  ERROR: Build asset version error: assets/scripts/mainmenu.cs in SourceAssetDB has modification time of '2025-04-30T19:29:19.2731904Z' while content on disk has modification time of '2025-04-30T19:29:20.0365723Z'
Number of updated asset objects reloaded before import = 0Number of asset objects unloaded after import = 0

========================================================================
Received Import Request.
  Time since last request: 0.000016 seconds.
  path: Assets/Scripts/MainMenu.cs
  artifactKey: Guid(bec661b304bf33645abee6d5b105ce53) Importer(815301076,1909f56bfc062723c751e8b465ee728b)
Start importing Assets/Scripts/MainMenu.cs using Guid(bec661b304bf33645abee6d5b105ce53) Importer(815301076,1909f56bfc062723c751e8b465ee728b) (PreviewImporter) -> (artifact id: '00000000000000000000000000000000') in 0.0005533 seconds
Import Error Code:(4)
Message: Build asset version error: assets/scripts/mainmenu.cs in SourceAssetDB has modification time of '2025-04-30T19:29:19.2731904Z' while content on disk has modification time of '2025-04-30T19:29:20.0365723Z'
  ERROR: Build asset version error: assets/scripts/mainmenu.cs in SourceAssetDB has modification time of '2025-04-30T19:29:19.2731904Z' while content on disk has modification time of '2025-04-30T19:29:20.0365723Z'
Number of updated asset objects reloaded before import = 0Number of asset objects unloaded after import = 0

========================================================================
Received Import Request.
  Time since last request: 0.000017 seconds.
  path: Assets/Scripts/MainMenu.cs
  artifactKey: Guid(bec661b304bf33645abee6d5b105ce53) Importer(815301076,1909f56bfc062723c751e8b465ee728b)
Start importing Assets/Scripts/MainMenu.cs using Guid(bec661b304bf33645abee6d5b105ce53) Importer(815301076,1909f56bfc062723c751e8b465ee728b) (PreviewImporter) -> (artifact id: '00000000000000000000000000000000') in 0.0005883 seconds
Import Error Code:(4)
Message: Build asset version error: assets/scripts/mainmenu.cs in SourceAssetDB has modification time of '2025-04-30T19:29:19.2731904Z' while content on disk has modification time of '2025-04-30T19:29:20.0365723Z'
  ERROR: Build asset version error: assets/scripts/mainmenu.cs in SourceAssetDB has modification time of '2025-04-30T19:29:19.2731904Z' while content on disk has modification time of '2025-04-30T19:29:20.0365723Z'
Number of updated asset objects reloaded before import = 0Number of asset objects unloaded after import = 0

========================================================================
Received Import Request.
  Time since last request: 0.000016 seconds.
  path: Assets/Scripts/MainMenu.cs
  artifactKey: Guid(bec661b304bf33645abee6d5b105ce53) Importer(815301076,1909f56bfc062723c751e8b465ee728b)
Start importing Assets/Scripts/MainMenu.cs using Guid(bec661b304bf33645abee6d5b105ce53) Importer(815301076,1909f56bfc062723c751e8b465ee728b) (PreviewImporter) -> (artifact id: '00000000000000000000000000000000') in 0.0005382 seconds
Import Error Code:(4)
Message: Build asset version error: assets/scripts/mainmenu.cs in SourceAssetDB has modification time of '2025-04-30T19:29:19.2731904Z' while content on disk has modification time of '2025-04-30T19:29:20.0365723Z'
  ERROR: Build asset version error: assets/scripts/mainmenu.cs in SourceAssetDB has modification time of '2025-04-30T19:29:19.2731904Z' while content on disk has modification time of '2025-04-30T19:29:20.0365723Z'
Number of updated asset objects reloaded before import = 0Number of asset objects unloaded after import = 0

========================================================================
Received Import Request.
  Time since last request: 0.000026 seconds.
  path: Assets/Scripts/MainMenu.cs
  artifactKey: Guid(bec661b304bf33645abee6d5b105ce53) Importer(815301076,1909f56bfc062723c751e8b465ee728b)
Start importing Assets/Scripts/MainMenu.cs using Guid(bec661b304bf33645abee6d5b105ce53) Importer(815301076,1909f56bfc062723c751e8b465ee728b) (PreviewImporter) -> (artifact id: '00000000000000000000000000000000') in 0.0005169 seconds
Import Error Code:(4)
Message: Build asset version error: assets/scripts/mainmenu.cs in SourceAssetDB has modification time of '2025-04-30T19:29:19.2731904Z' while content on disk has modification time of '2025-04-30T19:29:20.0365723Z'
  ERROR: Build asset version error: assets/scripts/mainmenu.cs in SourceAssetDB has modification time of '2025-04-30T19:29:19.2731904Z' while content on disk has modification time of '2025-04-30T19:29:20.0365723Z'
Number of updated asset objects reloaded before import = 0Number of asset objects unloaded after import = 0

========================================================================
Received Import Request.
  Time since last request: 0.000018 seconds.
  path: Assets/Scripts/MainMenu.cs
  artifactKey: Guid(bec661b304bf33645abee6d5b105ce53) Importer(815301076,1909f56bfc062723c751e8b465ee728b)
Start importing Assets/Scripts/MainMenu.cs using Guid(bec661b304bf33645abee6d5b105ce53) Importer(815301076,1909f56bfc062723c751e8b465ee728b) (PreviewImporter) -> (artifact id: '00000000000000000000000000000000') in 0.000613 seconds
Import Error Code:(4)
Message: Build asset version error: assets/scripts/mainmenu.cs in SourceAssetDB has modification time of '2025-04-30T19:29:19.2731904Z' while content on disk has modification time of '2025-04-30T19:29:20.0365723Z'
  ERROR: Build asset version error: assets/scripts/mainmenu.cs in SourceAssetDB has modification time of '2025-04-30T19:29:19.2731904Z' while content on disk has modification time of '2025-04-30T19:29:20.0365723Z'
Number of updated asset objects reloaded before import = 0Number of asset objects unloaded after import = 0

========================================================================
Received Import Request.
  Time since last request: 0.000027 seconds.
  path: Assets/Scripts/MainMenu.cs
  artifactKey: Guid(bec661b304bf33645abee6d5b105ce53) Importer(815301076,1909f56bfc062723c751e8b465ee728b)
Start importing Assets/Scripts/MainMenu.cs using Guid(bec661b304bf33645abee6d5b105ce53) Importer(815301076,1909f56bfc062723c751e8b465ee728b) (PreviewImporter) -> (artifact id: '00000000000000000000000000000000') in 0.000548 seconds
Import Error Code:(4)
Message: Build asset version error: assets/scripts/mainmenu.cs in SourceAssetDB has modification time of '2025-04-30T19:29:19.2731904Z' while content on disk has modification time of '2025-04-30T19:29:20.0365723Z'
  ERROR: Build asset version error: assets/scripts/mainmenu.cs in SourceAssetDB has modification time of '2025-04-30T19:29:19.2731904Z' while content on disk has modification time of '2025-04-30T19:29:20.0365723Z'
Number of updated asset objects reloaded before import = 0Number of asset objects unloaded after import = 0

========================================================================
Received Import Request.
  Time since last request: 0.000016 seconds.
  path: Assets/Scripts/MainMenu.cs
  artifactKey: Guid(bec661b304bf33645abee6d5b105ce53) Importer(815301076,1909f56bfc062723c751e8b465ee728b)
Start importing Assets/Scripts/MainMenu.cs using Guid(bec661b304bf33645abee6d5b105ce53) Importer(815301076,1909f56bfc062723c751e8b465ee728b) (PreviewImporter) -> (artifact id: '00000000000000000000000000000000') in 0.0005276 seconds
Import Error Code:(4)
Message: Build asset version error: assets/scripts/mainmenu.cs in SourceAssetDB has modification time of '2025-04-30T19:29:19.2731904Z' while content on disk has modification time of '2025-04-30T19:29:20.0365723Z'
  ERROR: Build asset version error: assets/scripts/mainmenu.cs in SourceAssetDB has modification time of '2025-04-30T19:29:19.2731904Z' while content on disk has modification time of '2025-04-30T19:29:20.0365723Z'
Number of updated asset objects reloaded before import = 0Number of asset objects unloaded after import = 0

========================================================================
Received Import Request.
  Time since last request: 0.000014 seconds.
  path: Assets/Scripts/MainMenu.cs
  artifactKey: Guid(bec661b304bf33645abee6d5b105ce53) Importer(815301076,1909f56bfc062723c751e8b465ee728b)
Start importing Assets/Scripts/MainMenu.cs using Guid(bec661b304bf33645abee6d5b105ce53) Importer(815301076,1909f56bfc062723c751e8b465ee728b) (PreviewImporter) -> (artifact id: '00000000000000000000000000000000') in 0.0005364 seconds
Import Error Code:(4)
Message: Build asset version error: assets/scripts/mainmenu.cs in SourceAssetDB has modification time of '2025-04-30T19:29:19.2731904Z' while content on disk has modification time of '2025-04-30T19:29:20.0365723Z'
  ERROR: Build asset version error: assets/scripts/mainmenu.cs in SourceAssetDB has modification time of '2025-04-30T19:29:19.2731904Z' while content on disk has modification time of '2025-04-30T19:29:20.0365723Z'
Number of updated asset objects reloaded before import = 0Number of asset objects unloaded after import = 0

========================================================================
Received Import Request.
  Time since last request: 0.000016 seconds.
  path: Assets/Scripts/MainMenu.cs
  artifactKey: Guid(bec661b304bf33645abee6d5b105ce53) Importer(815301076,1909f56bfc062723c751e8b465ee728b)
Start importing Assets/Scripts/MainMenu.cs using Guid(bec661b304bf33645abee6d5b105ce53) Importer(815301076,1909f56bfc062723c751e8b465ee728b) (PreviewImporter) -> (artifact id: '00000000000000000000000000000000') in 0.0004706 seconds
Import Error Code:(4)
Message: Build asset version error: assets/scripts/mainmenu.cs in SourceAssetDB has modification time of '2025-04-30T19:29:19.2731904Z' while content on disk has modification time of '2025-04-30T19:29:20.0365723Z'
  ERROR: Build asset version error: assets/scripts/mainmenu.cs in SourceAssetDB has modification time of '2025-04-30T19:29:19.2731904Z' while content on disk has modification time of '2025-04-30T19:29:20.0365723Z'
Number of updated asset objects reloaded before import = 0Number of asset objects unloaded after import = 0

========================================================================
Received Import Request.
  Time since last request: 0.000034 seconds.
  path: Assets/Scripts/MainMenu.cs
  artifactKey: Guid(bec661b304bf33645abee6d5b105ce53) Importer(815301076,1909f56bfc062723c751e8b465ee728b)
Start importing Assets/Scripts/MainMenu.cs using Guid(bec661b304bf33645abee6d5b105ce53) Importer(815301076,1909f56bfc062723c751e8b465ee728b) (PreviewImporter) -> (artifact id: '00000000000000000000000000000000') in 0.0004187 seconds
Import Error Code:(4)
Message: Build asset version error: assets/scripts/mainmenu.cs in SourceAssetDB has modification time of '2025-04-30T19:29:19.2731904Z' while content on disk has modification time of '2025-04-30T19:29:20.0365723Z'
  ERROR: Build asset version error: assets/scripts/mainmenu.cs in SourceAssetDB has modification time of '2025-04-30T19:29:19.2731904Z' while content on disk has modification time of '2025-04-30T19:29:20.0365723Z'
Number of updated asset objects reloaded before import = 0Number of asset objects unloaded after import = 0

========================================================================
Received Import Request.
  Time since last request: 0.000012 seconds.
  path: Assets/Scripts/MainMenu.cs
  artifactKey: Guid(bec661b304bf33645abee6d5b105ce53) Importer(815301076,1909f56bfc062723c751e8b465ee728b)
Start importing Assets/Scripts/MainMenu.cs using Guid(bec661b304bf33645abee6d5b105ce53) Importer(815301076,1909f56bfc062723c751e8b465ee728b) (PreviewImporter) -> (artifact id: '00000000000000000000000000000000') in 0.0004378 seconds
Import Error Code:(4)
Message: Build asset version error: assets/scripts/mainmenu.cs in SourceAssetDB has modification time of '2025-04-30T19:29:19.2731904Z' while content on disk has modification time of '2025-04-30T19:29:20.0365723Z'
  ERROR: Build asset version error: assets/scripts/mainmenu.cs in SourceAssetDB has modification time of '2025-04-30T19:29:19.2731904Z' while content on disk has modification time of '2025-04-30T19:29:20.0365723Z'
Number of updated asset objects reloaded before import = 0Number of asset objects unloaded after import = 0

========================================================================
Received Import Request.
  Time since last request: 0.000013 seconds.
  path: Assets/Scripts/MainMenu.cs
  artifactKey: Guid(bec661b304bf33645abee6d5b105ce53) Importer(815301076,1909f56bfc062723c751e8b465ee728b)
Start importing Assets/Scripts/MainMenu.cs using Guid(bec661b304bf33645abee6d5b105ce53) Importer(815301076,1909f56bfc062723c751e8b465ee728b) (PreviewImporter) -> (artifact id: '00000000000000000000000000000000') in 0.0004802 seconds
Import Error Code:(4)
Message: Build asset version error: assets/scripts/mainmenu.cs in SourceAssetDB has modification time of '2025-04-30T19:29:19.2731904Z' while content on disk has modification time of '2025-04-30T19:29:20.0365723Z'
  ERROR: Build asset version error: assets/scripts/mainmenu.cs in SourceAssetDB has modification time of '2025-04-30T19:29:19.2731904Z' while content on disk has modification time of '2025-04-30T19:29:20.0365723Z'
Number of updated asset objects reloaded before import = 0Number of asset objects unloaded after import = 0

========================================================================
Received Import Request.
  Time since last request: 0.000013 seconds.
  path: Assets/Scripts/MainMenu.cs
  artifactKey: Guid(bec661b304bf33645abee6d5b105ce53) Importer(815301076,1909f56bfc062723c751e8b465ee728b)
Start importing Assets/Scripts/MainMenu.cs using Guid(bec661b304bf33645abee6d5b105ce53) Importer(815301076,1909f56bfc062723c751e8b465ee728b) (PreviewImporter) -> (artifact id: '00000000000000000000000000000000') in 0.0005958 seconds
Import Error Code:(4)
Message: Build asset version error: assets/scripts/mainmenu.cs in SourceAssetDB has modification time of '2025-04-30T19:29:19.2731904Z' while content on disk has modification time of '2025-04-30T19:29:20.0365723Z'
  ERROR: Build asset version error: assets/scripts/mainmenu.cs in SourceAssetDB has modification time of '2025-04-30T19:29:19.2731904Z' while content on disk has modification time of '2025-04-30T19:29:20.0365723Z'
Number of updated asset objects reloaded before import = 0Number of asset objects unloaded after import = 0

========================================================================
Received Import Request.
  Time since last request: 0.000012 seconds.
  path: Assets/Scripts/MainMenu.cs
  artifactKey: Guid(bec661b304bf33645abee6d5b105ce53) Importer(815301076,1909f56bfc062723c751e8b465ee728b)
Start importing Assets/Scripts/MainMenu.cs using Guid(bec661b304bf33645abee6d5b105ce53) Importer(815301076,1909f56bfc062723c751e8b465ee728b) (PreviewImporter) -> (artifact id: '00000000000000000000000000000000') in 0.0004803 seconds
Import Error Code:(4)
Message: Build asset version error: assets/scripts/mainmenu.cs in SourceAssetDB has modification time of '2025-04-30T19:29:19.2731904Z' while content on disk has modification time of '2025-04-30T19:29:20.0365723Z'
  ERROR: Build asset version error: assets/scripts/mainmenu.cs in SourceAssetDB has modification time of '2025-04-30T19:29:19.2731904Z' while content on disk has modification time of '2025-04-30T19:29:20.0365723Z'
Number of updated asset objects reloaded before import = 0Number of asset objects unloaded after import = 0

========================================================================
Received Import Request.
  Time since last request: 0.000017 seconds.
  path: Assets/Scripts/MainMenu.cs
  artifactKey: Guid(bec661b304bf33645abee6d5b105ce53) Importer(815301076,1909f56bfc062723c751e8b465ee728b)
Start importing Assets/Scripts/MainMenu.cs using Guid(bec661b304bf33645abee6d5b105ce53) Importer(815301076,1909f56bfc062723c751e8b465ee728b) (PreviewImporter) -> (artifact id: '00000000000000000000000000000000') in 0.0005241 seconds
Import Error Code:(4)
Message: Build asset version error: assets/scripts/mainmenu.cs in SourceAssetDB has modification time of '2025-04-30T19:29:19.2731904Z' while content on disk has modification time of '2025-04-30T19:29:20.0365723Z'
  ERROR: Build asset version error: assets/scripts/mainmenu.cs in SourceAssetDB has modification time of '2025-04-30T19:29:19.2731904Z' while content on disk has modification time of '2025-04-30T19:29:20.0365723Z'
Number of updated asset objects reloaded before import = 0Number of asset objects unloaded after import = 0

========================================================================
Received Import Request.
  Time since last request: 0.000015 seconds.
  path: Assets/Scripts/MainMenu.cs
  artifactKey: Guid(bec661b304bf33645abee6d5b105ce53) Importer(815301076,1909f56bfc062723c751e8b465ee728b)
Start importing Assets/Scripts/MainMenu.cs using Guid(bec661b304bf33645abee6d5b105ce53) Importer(815301076,1909f56bfc062723c751e8b465ee728b) (PreviewImporter) -> (artifact id: '00000000000000000000000000000000') in 0.0005311 seconds
Import Error Code:(4)
Message: Build asset version error: assets/scripts/mainmenu.cs in SourceAssetDB has modification time of '2025-04-30T19:29:19.2731904Z' while content on disk has modification time of '2025-04-30T19:29:20.0365723Z'
  ERROR: Build asset version error: assets/scripts/mainmenu.cs in SourceAssetDB has modification time of '2025-04-30T19:29:19.2731904Z' while content on disk has modification time of '2025-04-30T19:29:20.0365723Z'
Number of updated asset objects reloaded before import = 0Number of asset objects unloaded after import = 0

========================================================================
Received Import Request.
  Time since last request: 0.000028 seconds.
  path: Assets/Scripts/MainMenu.cs
  artifactKey: Guid(bec661b304bf33645abee6d5b105ce53) Importer(815301076,1909f56bfc062723c751e8b465ee728b)
Start importing Assets/Scripts/MainMenu.cs using Guid(bec661b304bf33645abee6d5b105ce53) Importer(815301076,1909f56bfc062723c751e8b465ee728b) (PreviewImporter) -> (artifact id: '00000000000000000000000000000000') in 0.000691 seconds
Import Error Code:(4)
Message: Build asset version error: assets/scripts/mainmenu.cs in SourceAssetDB has modification time of '2025-04-30T19:29:19.2731904Z' while content on disk has modification time of '2025-04-30T19:29:20.0365723Z'
  ERROR: Build asset version error: assets/scripts/mainmenu.cs in SourceAssetDB has modification time of '2025-04-30T19:29:19.2731904Z' while content on disk has modification time of '2025-04-30T19:29:20.0365723Z'
Number of updated asset objects reloaded before import = 0Number of asset objects unloaded after import = 0

========================================================================
Received Import Request.
  Time since last request: 0.000017 seconds.
  path: Assets/Scripts/MainMenu.cs
  artifactKey: Guid(bec661b304bf33645abee6d5b105ce53) Importer(815301076,1909f56bfc062723c751e8b465ee728b)
Start importing Assets/Scripts/MainMenu.cs using Guid(bec661b304bf33645abee6d5b105ce53) Importer(815301076,1909f56bfc062723c751e8b465ee728b) (PreviewImporter) -> (artifact id: '00000000000000000000000000000000') in 0.0004688 seconds
Import Error Code:(4)
Message: Build asset version error: assets/scripts/mainmenu.cs in SourceAssetDB has modification time of '2025-04-30T19:29:19.2731904Z' while content on disk has modification time of '2025-04-30T19:29:20.0365723Z'
  ERROR: Build asset version error: assets/scripts/mainmenu.cs in SourceAssetDB has modification time of '2025-04-30T19:29:19.2731904Z' while content on disk has modification time of '2025-04-30T19:29:20.0365723Z'
Number of updated asset objects reloaded before import = 0Number of asset objects unloaded after import = 0

========================================================================
Received Import Request.
  Time since last request: 0.000012 seconds.
  path: Assets/Scripts/MainMenu.cs
  artifactKey: Guid(bec661b304bf33645abee6d5b105ce53) Importer(815301076,1909f56bfc062723c751e8b465ee728b)
Start importing Assets/Scripts/MainMenu.cs using Guid(bec661b304bf33645abee6d5b105ce53) Importer(815301076,1909f56bfc062723c751e8b465ee728b) (PreviewImporter) -> (artifact id: '00000000000000000000000000000000') in 0.0004427 seconds
Import Error Code:(4)
Message: Build asset version error: assets/scripts/mainmenu.cs in SourceAssetDB has modification time of '2025-04-30T19:29:19.2731904Z' while content on disk has modification time of '2025-04-30T19:29:20.0365723Z'
  ERROR: Build asset version error: assets/scripts/mainmenu.cs in SourceAssetDB has modification time of '2025-04-30T19:29:19.2731904Z' while content on disk has modification time of '2025-04-30T19:29:20.0365723Z'
Number of updated asset objects reloaded before import = 0Number of asset objects unloaded after import = 0

========================================================================
Received Import Request.
  Time since last request: 0.000012 seconds.
  path: Assets/Scripts/MainMenu.cs
  artifactKey: Guid(bec661b304bf33645abee6d5b105ce53) Importer(815301076,1909f56bfc062723c751e8b465ee728b)
Start importing Assets/Scripts/MainMenu.cs using Guid(bec661b304bf33645abee6d5b105ce53) Importer(815301076,1909f56bfc062723c751e8b465ee728b) (PreviewImporter) -> (artifact id: '00000000000000000000000000000000') in 0.0004441 seconds
Import Error Code:(4)
Message: Build asset version error: assets/scripts/mainmenu.cs in SourceAssetDB has modification time of '2025-04-30T19:29:19.2731904Z' while content on disk has modification time of '2025-04-30T19:29:20.0365723Z'
  ERROR: Build asset version error: assets/scripts/mainmenu.cs in SourceAssetDB has modification time of '2025-04-30T19:29:19.2731904Z' while content on disk has modification time of '2025-04-30T19:29:20.0365723Z'
Number of updated asset objects reloaded before import = 0Number of asset objects unloaded after import = 0

========================================================================
Received Import Request.
  Time since last request: 0.000014 seconds.
  path: Assets/Scripts/MainMenu.cs
  artifactKey: Guid(bec661b304bf33645abee6d5b105ce53) Importer(815301076,1909f56bfc062723c751e8b465ee728b)
Start importing Assets/Scripts/MainMenu.cs using Guid(bec661b304bf33645abee6d5b105ce53) Importer(815301076,1909f56bfc062723c751e8b465ee728b) (PreviewImporter) -> (artifact id: '00000000000000000000000000000000') in 0.0006922 seconds
Import Error Code:(4)
Message: Build asset version error: assets/scripts/mainmenu.cs in SourceAssetDB has modification time of '2025-04-30T19:29:19.2731904Z' while content on disk has modification time of '2025-04-30T19:29:20.0365723Z'
  ERROR: Build asset version error: assets/scripts/mainmenu.cs in SourceAssetDB has modification time of '2025-04-30T19:29:19.2731904Z' while content on disk has modification time of '2025-04-30T19:29:20.0365723Z'
Number of updated asset objects reloaded before import = 0Number of asset objects unloaded after import = 0

========================================================================
Received Import Request.
  Time since last request: 0.000013 seconds.
  path: Assets/Scripts/MainMenu.cs
  artifactKey: Guid(bec661b304bf33645abee6d5b105ce53) Importer(815301076,1909f56bfc062723c751e8b465ee728b)
Start importing Assets/Scripts/MainMenu.cs using Guid(bec661b304bf33645abee6d5b105ce53) Importer(815301076,1909f56bfc062723c751e8b465ee728b) (PreviewImporter) -> (artifact id: '00000000000000000000000000000000') in 0.0004402 seconds
Import Error Code:(4)
Message: Build asset version error: assets/scripts/mainmenu.cs in SourceAssetDB has modification time of '2025-04-30T19:29:19.2731904Z' while content on disk has modification time of '2025-04-30T19:29:20.0365723Z'
  ERROR: Build asset version error: assets/scripts/mainmenu.cs in SourceAssetDB has modification time of '2025-04-30T19:29:19.2731904Z' while content on disk has modification time of '2025-04-30T19:29:20.0365723Z'
Number of updated asset objects reloaded before import = 0Number of asset objects unloaded after import = 0

========================================================================
Received Import Request.
  Time since last request: 0.000018 seconds.
  path: Assets/Scripts/MainMenu.cs
  artifactKey: Guid(bec661b304bf33645abee6d5b105ce53) Importer(815301076,1909f56bfc062723c751e8b465ee728b)
Start importing Assets/Scripts/MainMenu.cs using Guid(bec661b304bf33645abee6d5b105ce53) Importer(815301076,1909f56bfc062723c751e8b465ee728b) (PreviewImporter) -> (artifact id: '00000000000000000000000000000000') in 0.000525 seconds
Import Error Code:(4)
Message: Build asset version error: assets/scripts/mainmenu.cs in SourceAssetDB has modification time of '2025-04-30T19:29:19.2731904Z' while content on disk has modification time of '2025-04-30T19:29:20.0365723Z'
  ERROR: Build asset version error: assets/scripts/mainmenu.cs in SourceAssetDB has modification time of '2025-04-30T19:29:19.2731904Z' while content on disk has modification time of '2025-04-30T19:29:20.0365723Z'
Number of updated asset objects reloaded before import = 0Number of asset objects unloaded after import = 0

========================================================================
Received Import Request.
  Time since last request: 0.000018 seconds.
  path: Assets/Scripts/MainMenu.cs
  artifactKey: Guid(bec661b304bf33645abee6d5b105ce53) Importer(815301076,1909f56bfc062723c751e8b465ee728b)
Start importing Assets/Scripts/MainMenu.cs using Guid(bec661b304bf33645abee6d5b105ce53) Importer(815301076,1909f56bfc062723c751e8b465ee728b) (PreviewImporter) -> (artifact id: '00000000000000000000000000000000') in 0.0005282 seconds
Import Error Code:(4)
Message: Build asset version error: assets/scripts/mainmenu.cs in SourceAssetDB has modification time of '2025-04-30T19:29:19.2731904Z' while content on disk has modification time of '2025-04-30T19:29:20.0365723Z'
  ERROR: Build asset version error: assets/scripts/mainmenu.cs in SourceAssetDB has modification time of '2025-04-30T19:29:19.2731904Z' while content on disk has modification time of '2025-04-30T19:29:20.0365723Z'
Number of updated asset objects reloaded before import = 0Number of asset objects unloaded after import = 0

========================================================================
Received Import Request.
  Time since last request: 0.000015 seconds.
  path: Assets/Scripts/MainMenu.cs
  artifactKey: Guid(bec661b304bf33645abee6d5b105ce53) Importer(815301076,1909f56bfc062723c751e8b465ee728b)
Start importing Assets/Scripts/MainMenu.cs using Guid(bec661b304bf33645abee6d5b105ce53) Importer(815301076,1909f56bfc062723c751e8b465ee728b) (PreviewImporter) -> (artifact id: '00000000000000000000000000000000') in 0.0005457 seconds
Import Error Code:(4)
Message: Build asset version error: assets/scripts/mainmenu.cs in SourceAssetDB has modification time of '2025-04-30T19:29:19.2731904Z' while content on disk has modification time of '2025-04-30T19:29:20.0365723Z'
  ERROR: Build asset version error: assets/scripts/mainmenu.cs in SourceAssetDB has modification time of '2025-04-30T19:29:19.2731904Z' while content on disk has modification time of '2025-04-30T19:29:20.0365723Z'
Number of updated asset objects reloaded before import = 0Number of asset objects unloaded after import = 0

========================================================================
Received Import Request.
  Time since last request: 0.000018 seconds.
  path: Assets/Scripts/MainMenu.cs
  artifactKey: Guid(bec661b304bf33645abee6d5b105ce53) Importer(815301076,1909f56bfc062723c751e8b465ee728b)
Start importing Assets/Scripts/MainMenu.cs using Guid(bec661b304bf33645abee6d5b105ce53) Importer(815301076,1909f56bfc062723c751e8b465ee728b) (PreviewImporter) -> (artifact id: '00000000000000000000000000000000') in 0.0005299 seconds
Import Error Code:(4)
Message: Build asset version error: assets/scripts/mainmenu.cs in SourceAssetDB has modification time of '2025-04-30T19:29:19.2731904Z' while content on disk has modification time of '2025-04-30T19:29:20.0365723Z'
  ERROR: Build asset version error: assets/scripts/mainmenu.cs in SourceAssetDB has modification time of '2025-04-30T19:29:19.2731904Z' while content on disk has modification time of '2025-04-30T19:29:20.0365723Z'
Number of updated asset objects reloaded before import = 0Number of asset objects unloaded after import = 0

========================================================================
Received Import Request.
  Time since last request: 0.000025 seconds.
  path: Assets/Scripts/MainMenu.cs
  artifactKey: Guid(bec661b304bf33645abee6d5b105ce53) Importer(815301076,1909f56bfc062723c751e8b465ee728b)
Start importing Assets/Scripts/MainMenu.cs using Guid(bec661b304bf33645abee6d5b105ce53) Importer(815301076,1909f56bfc062723c751e8b465ee728b) (PreviewImporter) -> (artifact id: '00000000000000000000000000000000') in 0.0005056 seconds
Import Error Code:(4)
Message: Build asset version error: assets/scripts/mainmenu.cs in SourceAssetDB has modification time of '2025-04-30T19:29:19.2731904Z' while content on disk has modification time of '2025-04-30T19:29:20.0365723Z'
  ERROR: Build asset version error: assets/scripts/mainmenu.cs in SourceAssetDB has modification time of '2025-04-30T19:29:19.2731904Z' while content on disk has modification time of '2025-04-30T19:29:20.0365723Z'
Number of updated asset objects reloaded before import = 0Number of asset objects unloaded after import = 0

========================================================================
Received Import Request.
  Time since last request: 0.000016 seconds.
  path: Assets/Scripts/MainMenu.cs
  artifactKey: Guid(bec661b304bf33645abee6d5b105ce53) Importer(815301076,1909f56bfc062723c751e8b465ee728b)
Start importing Assets/Scripts/MainMenu.cs using Guid(bec661b304bf33645abee6d5b105ce53) Importer(815301076,1909f56bfc062723c751e8b465ee728b) (PreviewImporter) -> (artifact id: '00000000000000000000000000000000') in 0.0005074 seconds
Import Error Code:(4)
Message: Build asset version error: assets/scripts/mainmenu.cs in SourceAssetDB has modification time of '2025-04-30T19:29:19.2731904Z' while content on disk has modification time of '2025-04-30T19:29:20.0365723Z'
  ERROR: Build asset version error: assets/scripts/mainmenu.cs in SourceAssetDB has modification time of '2025-04-30T19:29:19.2731904Z' while content on disk has modification time of '2025-04-30T19:29:20.0365723Z'
Number of updated asset objects reloaded before import = 0Number of asset objects unloaded after import = 0

========================================================================
Received Import Request.
  Time since last request: 0.000017 seconds.
  path: Assets/Scripts/MainMenu.cs
  artifactKey: Guid(bec661b304bf33645abee6d5b105ce53) Importer(815301076,1909f56bfc062723c751e8b465ee728b)
Start importing Assets/Scripts/MainMenu.cs using Guid(bec661b304bf33645abee6d5b105ce53) Importer(815301076,1909f56bfc062723c751e8b465ee728b) (PreviewImporter) -> (artifact id: '00000000000000000000000000000000') in 0.0005004 seconds
Import Error Code:(4)
Message: Build asset version error: assets/scripts/mainmenu.cs in SourceAssetDB has modification time of '2025-04-30T19:29:19.2731904Z' while content on disk has modification time of '2025-04-30T19:29:20.0365723Z'
  ERROR: Build asset version error: assets/scripts/mainmenu.cs in SourceAssetDB has modification time of '2025-04-30T19:29:19.2731904Z' while content on disk has modification time of '2025-04-30T19:29:20.0365723Z'
Number of updated asset objects reloaded before import = 0Number of asset objects unloaded after import = 0

========================================================================
Received Import Request.
  Time since last request: 0.000012 seconds.
  path: Assets/Scripts/MainMenu.cs
  artifactKey: Guid(bec661b304bf33645abee6d5b105ce53) Importer(815301076,1909f56bfc062723c751e8b465ee728b)
Start importing Assets/Scripts/MainMenu.cs using Guid(bec661b304bf33645abee6d5b105ce53) Importer(815301076,1909f56bfc062723c751e8b465ee728b) (PreviewImporter) -> (artifact id: '00000000000000000000000000000000') in 0.0005298 seconds
Import Error Code:(4)
Message: Build asset version error: assets/scripts/mainmenu.cs in SourceAssetDB has modification time of '2025-04-30T19:29:19.2731904Z' while content on disk has modification time of '2025-04-30T19:29:20.0365723Z'
  ERROR: Build asset version error: assets/scripts/mainmenu.cs in SourceAssetDB has modification time of '2025-04-30T19:29:19.2731904Z' while content on disk has modification time of '2025-04-30T19:29:20.0365723Z'
Number of updated asset objects reloaded before import = 0Number of asset objects unloaded after import = 0

========================================================================
Received Import Request.
  Time since last request: 0.000014 seconds.
  path: Assets/Scripts/MainMenu.cs
  artifactKey: Guid(bec661b304bf33645abee6d5b105ce53) Importer(815301076,1909f56bfc062723c751e8b465ee728b)
Start importing Assets/Scripts/MainMenu.cs using Guid(bec661b304bf33645abee6d5b105ce53) Importer(815301076,1909f56bfc062723c751e8b465ee728b) (PreviewImporter) -> (artifact id: '00000000000000000000000000000000') in 0.0005188 seconds
Import Error Code:(4)
Message: Build asset version error: assets/scripts/mainmenu.cs in SourceAssetDB has modification time of '2025-04-30T19:29:19.2731904Z' while content on disk has modification time of '2025-04-30T19:29:20.0365723Z'
  ERROR: Build asset version error: assets/scripts/mainmenu.cs in SourceAssetDB has modification time of '2025-04-30T19:29:19.2731904Z' while content on disk has modification time of '2025-04-30T19:29:20.0365723Z'
Number of updated asset objects reloaded before import = 0Number of asset objects unloaded after import = 0

========================================================================
Received Import Request.
  Time since last request: 0.000013 seconds.
  path: Assets/Scripts/MainMenu.cs
  artifactKey: Guid(bec661b304bf33645abee6d5b105ce53) Importer(815301076,1909f56bfc062723c751e8b465ee728b)
Start importing Assets/Scripts/MainMenu.cs using Guid(bec661b304bf33645abee6d5b105ce53) Importer(815301076,1909f56bfc062723c751e8b465ee728b) (PreviewImporter) -> (artifact id: '00000000000000000000000000000000') in 0.0006714 seconds
Import Error Code:(4)
Message: Build asset version error: assets/scripts/mainmenu.cs in SourceAssetDB has modification time of '2025-04-30T19:29:19.2731904Z' while content on disk has modification time of '2025-04-30T19:29:20.0365723Z'
  ERROR: Build asset version error: assets/scripts/mainmenu.cs in SourceAssetDB has modification time of '2025-04-30T19:29:19.2731904Z' while content on disk has modification time of '2025-04-30T19:29:20.0365723Z'
Number of updated asset objects reloaded before import = 0Number of asset objects unloaded after import = 0

========================================================================
Received Import Request.
  Time since last request: 0.000021 seconds.
  path: Assets/Scripts/MainMenu.cs
  artifactKey: Guid(bec661b304bf33645abee6d5b105ce53) Importer(815301076,1909f56bfc062723c751e8b465ee728b)
Start importing Assets/Scripts/MainMenu.cs using Guid(bec661b304bf33645abee6d5b105ce53) Importer(815301076,1909f56bfc062723c751e8b465ee728b) (PreviewImporter) -> (artifact id: '00000000000000000000000000000000') in 0.0004705 seconds
Import Error Code:(4)
Message: Build asset version error: assets/scripts/mainmenu.cs in SourceAssetDB has modification time of '2025-04-30T19:29:19.2731904Z' while content on disk has modification time of '2025-04-30T19:29:20.0365723Z'
  ERROR: Build asset version error: assets/scripts/mainmenu.cs in SourceAssetDB has modification time of '2025-04-30T19:29:19.2731904Z' while content on disk has modification time of '2025-04-30T19:29:20.0365723Z'
Number of updated asset objects reloaded before import = 0Number of asset objects unloaded after import = 0

========================================================================
Received Import Request.
  Time since last request: 0.000013 seconds.
  path: Assets/Scripts/MainMenu.cs
  artifactKey: Guid(bec661b304bf33645abee6d5b105ce53) Importer(815301076,1909f56bfc062723c751e8b465ee728b)
Start importing Assets/Scripts/MainMenu.cs using Guid(bec661b304bf33645abee6d5b105ce53) Importer(815301076,1909f56bfc062723c751e8b465ee728b) (PreviewImporter) -> (artifact id: '00000000000000000000000000000000') in 0.0004569 seconds
Import Error Code:(4)
Message: Build asset version error: assets/scripts/mainmenu.cs in SourceAssetDB has modification time of '2025-04-30T19:29:19.2731904Z' while content on disk has modification time of '2025-04-30T19:29:20.0365723Z'
  ERROR: Build asset version error: assets/scripts/mainmenu.cs in SourceAssetDB has modification time of '2025-04-30T19:29:19.2731904Z' while content on disk has modification time of '2025-04-30T19:29:20.0365723Z'
Number of updated asset objects reloaded before import = 0Number of asset objects unloaded after import = 0

========================================================================
Received Import Request.
  Time since last request: 0.000017 seconds.
  path: Assets/Scripts/MainMenu.cs
  artifactKey: Guid(bec661b304bf33645abee6d5b105ce53) Importer(815301076,1909f56bfc062723c751e8b465ee728b)
Start importing Assets/Scripts/MainMenu.cs using Guid(bec661b304bf33645abee6d5b105ce53) Importer(815301076,1909f56bfc062723c751e8b465ee728b) (PreviewImporter) -> (artifact id: '00000000000000000000000000000000') in 0.0005113 seconds
Import Error Code:(4)
Message: Build asset version error: assets/scripts/mainmenu.cs in SourceAssetDB has modification time of '2025-04-30T19:29:19.2731904Z' while content on disk has modification time of '2025-04-30T19:29:20.0365723Z'
  ERROR: Build asset version error: assets/scripts/mainmenu.cs in SourceAssetDB has modification time of '2025-04-30T19:29:19.2731904Z' while content on disk has modification time of '2025-04-30T19:29:20.0365723Z'
Number of updated asset objects reloaded before import = 0Number of asset objects unloaded after import = 0

========================================================================
Received Import Request.
  Time since last request: 0.000016 seconds.
  path: Assets/Scripts/MainMenu.cs
  artifactKey: Guid(bec661b304bf33645abee6d5b105ce53) Importer(815301076,1909f56bfc062723c751e8b465ee728b)
Start importing Assets/Scripts/MainMenu.cs using Guid(bec661b304bf33645abee6d5b105ce53) Importer(815301076,1909f56bfc062723c751e8b465ee728b) (PreviewImporter) -> (artifact id: '00000000000000000000000000000000') in 0.0006906 seconds
Import Error Code:(4)
Message: Build asset version error: assets/scripts/mainmenu.cs in SourceAssetDB has modification time of '2025-04-30T19:29:19.2731904Z' while content on disk has modification time of '2025-04-30T19:29:20.0365723Z'
  ERROR: Build asset version error: assets/scripts/mainmenu.cs in SourceAssetDB has modification time of '2025-04-30T19:29:19.2731904Z' while content on disk has modification time of '2025-04-30T19:29:20.0365723Z'
Number of updated asset objects reloaded before import = 0Number of asset objects unloaded after import = 0

========================================================================
Received Import Request.
  Time since last request: 0.000018 seconds.
  path: Assets/Scripts/MainMenu.cs
  artifactKey: Guid(bec661b304bf33645abee6d5b105ce53) Importer(815301076,1909f56bfc062723c751e8b465ee728b)
Start importing Assets/Scripts/MainMenu.cs using Guid(bec661b304bf33645abee6d5b105ce53) Importer(815301076,1909f56bfc062723c751e8b465ee728b) (PreviewImporter) -> (artifact id: '00000000000000000000000000000000') in 0.000507 seconds
Import Error Code:(4)
Message: Build asset version error: assets/scripts/mainmenu.cs in SourceAssetDB has modification time of '2025-04-30T19:29:19.2731904Z' while content on disk has modification time of '2025-04-30T19:29:20.0365723Z'
  ERROR: Build asset version error: assets/scripts/mainmenu.cs in SourceAssetDB has modification time of '2025-04-30T19:29:19.2731904Z' while content on disk has modification time of '2025-04-30T19:29:20.0365723Z'
Number of updated asset objects reloaded before import = 0Number of asset objects unloaded after import = 0

========================================================================
Received Import Request.
  Time since last request: 0.000022 seconds.
  path: Assets/Scripts/MainMenu.cs
  artifactKey: Guid(bec661b304bf33645abee6d5b105ce53) Importer(815301076,1909f56bfc062723c751e8b465ee728b)
Start importing Assets/Scripts/MainMenu.cs using Guid(bec661b304bf33645abee6d5b105ce53) Importer(815301076,1909f56bfc062723c751e8b465ee728b) (PreviewImporter) -> (artifact id: '00000000000000000000000000000000') in 0.000514 seconds
Import Error Code:(4)
Message: Build asset version error: assets/scripts/mainmenu.cs in SourceAssetDB has modification time of '2025-04-30T19:29:19.2731904Z' while content on disk has modification time of '2025-04-30T19:29:20.0365723Z'
  ERROR: Build asset version error: assets/scripts/mainmenu.cs in SourceAssetDB has modification time of '2025-04-30T19:29:19.2731904Z' while content on disk has modification time of '2025-04-30T19:29:20.0365723Z'
Number of updated asset objects reloaded before import = 0Number of asset objects unloaded after import = 0

========================================================================
Received Import Request.
  Time since last request: 0.000022 seconds.
  path: Assets/Scripts/MainMenu.cs
  artifactKey: Guid(bec661b304bf33645abee6d5b105ce53) Importer(815301076,1909f56bfc062723c751e8b465ee728b)
Start importing Assets/Scripts/MainMenu.cs using Guid(bec661b304bf33645abee6d5b105ce53) Importer(815301076,1909f56bfc062723c751e8b465ee728b) (PreviewImporter) -> (artifact id: '00000000000000000000000000000000') in 0.0004447 seconds
Import Error Code:(4)
Message: Build asset version error: assets/scripts/mainmenu.cs in SourceAssetDB has modification time of '2025-04-30T19:29:19.2731904Z' while content on disk has modification time of '2025-04-30T19:29:20.0365723Z'
  ERROR: Build asset version error: assets/scripts/mainmenu.cs in SourceAssetDB has modification time of '2025-04-30T19:29:19.2731904Z' while content on disk has modification time of '2025-04-30T19:29:20.0365723Z'
Number of updated asset objects reloaded before import = 0Number of asset objects unloaded after import = 0

========================================================================
Received Import Request.
  Time since last request: 0.000014 seconds.
  path: Assets/Scripts/MainMenu.cs
  artifactKey: Guid(bec661b304bf33645abee6d5b105ce53) Importer(815301076,1909f56bfc062723c751e8b465ee728b)
Start importing Assets/Scripts/MainMenu.cs using Guid(bec661b304bf33645abee6d5b105ce53) Importer(815301076,1909f56bfc062723c751e8b465ee728b) (PreviewImporter) -> (artifact id: '00000000000000000000000000000000') in 0.0005153 seconds
Import Error Code:(4)
Message: Build asset version error: assets/scripts/mainmenu.cs in SourceAssetDB has modification time of '2025-04-30T19:29:19.2731904Z' while content on disk has modification time of '2025-04-30T19:29:20.0365723Z'
  ERROR: Build asset version error: assets/scripts/mainmenu.cs in SourceAssetDB has modification time of '2025-04-30T19:29:19.2731904Z' while content on disk has modification time of '2025-04-30T19:29:20.0365723Z'
Number of updated asset objects reloaded before import = 0Number of asset objects unloaded after import = 0

========================================================================
Received Import Request.
  Time since last request: 0.000013 seconds.
  path: Assets/Scripts/MainMenu.cs
  artifactKey: Guid(bec661b304bf33645abee6d5b105ce53) Importer(815301076,1909f56bfc062723c751e8b465ee728b)
Start importing Assets/Scripts/MainMenu.cs using Guid(bec661b304bf33645abee6d5b105ce53) Importer(815301076,1909f56bfc062723c751e8b465ee728b) (PreviewImporter) -> (artifact id: '00000000000000000000000000000000') in 0.0004628 seconds
Import Error Code:(4)
Message: Build asset version error: assets/scripts/mainmenu.cs in SourceAssetDB has modification time of '2025-04-30T19:29:19.2731904Z' while content on disk has modification time of '2025-04-30T19:29:20.0365723Z'
  ERROR: Build asset version error: assets/scripts/mainmenu.cs in SourceAssetDB has modification time of '2025-04-30T19:29:19.2731904Z' while content on disk has modification time of '2025-04-30T19:29:20.0365723Z'
Number of updated asset objects reloaded before import = 0Number of asset objects unloaded after import = 0

========================================================================
Received Import Request.
  Time since last request: 0.000016 seconds.
  path: Assets/Scripts/MainMenu.cs
  artifactKey: Guid(bec661b304bf33645abee6d5b105ce53) Importer(815301076,1909f56bfc062723c751e8b465ee728b)
Start importing Assets/Scripts/MainMenu.cs using Guid(bec661b304bf33645abee6d5b105ce53) Importer(815301076,1909f56bfc062723c751e8b465ee728b) (PreviewImporter) -> (artifact id: '00000000000000000000000000000000') in 0.000795 seconds
Import Error Code:(4)
Message: Build asset version error: assets/scripts/mainmenu.cs in SourceAssetDB has modification time of '2025-04-30T19:29:19.2731904Z' while content on disk has modification time of '2025-04-30T19:29:20.0365723Z'
  ERROR: Build asset version error: assets/scripts/mainmenu.cs in SourceAssetDB has modification time of '2025-04-30T19:29:19.2731904Z' while content on disk has modification time of '2025-04-30T19:29:20.0365723Z'
Number of updated asset objects reloaded before import = 0Number of asset objects unloaded after import = 0

========================================================================
Received Import Request.
  Time since last request: 0.000012 seconds.
  path: Assets/Scripts/MainMenu.cs
  artifactKey: Guid(bec661b304bf33645abee6d5b105ce53) Importer(815301076,1909f56bfc062723c751e8b465ee728b)
Start importing Assets/Scripts/MainMenu.cs using Guid(bec661b304bf33645abee6d5b105ce53) Importer(815301076,1909f56bfc062723c751e8b465ee728b) (PreviewImporter) -> (artifact id: '00000000000000000000000000000000') in 0.0004595 seconds
Import Error Code:(4)
Message: Build asset version error: assets/scripts/mainmenu.cs in SourceAssetDB has modification time of '2025-04-30T19:29:19.2731904Z' while content on disk has modification time of '2025-04-30T19:29:20.0365723Z'
  ERROR: Build asset version error: assets/scripts/mainmenu.cs in SourceAssetDB has modification time of '2025-04-30T19:29:19.2731904Z' while content on disk has modification time of '2025-04-30T19:29:20.0365723Z'
Number of updated asset objects reloaded before import = 0Number of asset objects unloaded after import = 0

========================================================================
Received Import Request.
  Time since last request: 0.000013 seconds.
  path: Assets/Scripts/MainMenu.cs
  artifactKey: Guid(bec661b304bf33645abee6d5b105ce53) Importer(815301076,1909f56bfc062723c751e8b465ee728b)
Start importing Assets/Scripts/MainMenu.cs using Guid(bec661b304bf33645abee6d5b105ce53) Importer(815301076,1909f56bfc062723c751e8b465ee728b) (PreviewImporter) -> (artifact id: '00000000000000000000000000000000') in 0.0004601 seconds
Import Error Code:(4)
Message: Build asset version error: assets/scripts/mainmenu.cs in SourceAssetDB has modification time of '2025-04-30T19:29:19.2731904Z' while content on disk has modification time of '2025-04-30T19:29:20.0365723Z'
  ERROR: Build asset version error: assets/scripts/mainmenu.cs in SourceAssetDB has modification time of '2025-04-30T19:29:19.2731904Z' while content on disk has modification time of '2025-04-30T19:29:20.0365723Z'
Number of updated asset objects reloaded before import = 0Number of asset objects unloaded after import = 0

========================================================================
Received Import Request.
  Time since last request: 0.000012 seconds.
  path: Assets/Scripts/MainMenu.cs
  artifactKey: Guid(bec661b304bf33645abee6d5b105ce53) Importer(815301076,1909f56bfc062723c751e8b465ee728b)
Start importing Assets/Scripts/MainMenu.cs using Guid(bec661b304bf33645abee6d5b105ce53) Importer(815301076,1909f56bfc062723c751e8b465ee728b) (PreviewImporter) -> (artifact id: '00000000000000000000000000000000') in 0.0005242 seconds
Import Error Code:(4)
Message: Build asset version error: assets/scripts/mainmenu.cs in SourceAssetDB has modification time of '2025-04-30T19:29:19.2731904Z' while content on disk has modification time of '2025-04-30T19:29:20.0365723Z'
  ERROR: Build asset version error: assets/scripts/mainmenu.cs in SourceAssetDB has modification time of '2025-04-30T19:29:19.2731904Z' while content on disk has modification time of '2025-04-30T19:29:20.0365723Z'
Number of updated asset objects reloaded before import = 0Number of asset objects unloaded after import = 0

========================================================================
Received Import Request.
  Time since last request: 0.000022 seconds.
  path: Assets/Scripts/MainMenu.cs
  artifactKey: Guid(bec661b304bf33645abee6d5b105ce53) Importer(815301076,1909f56bfc062723c751e8b465ee728b)
Start importing Assets/Scripts/MainMenu.cs using Guid(bec661b304bf33645abee6d5b105ce53) Importer(815301076,1909f56bfc062723c751e8b465ee728b) (PreviewImporter) -> (artifact id: '00000000000000000000000000000000') in 0.0005274 seconds
Import Error Code:(4)
Message: Build asset version error: assets/scripts/mainmenu.cs in SourceAssetDB has modification time of '2025-04-30T19:29:19.2731904Z' while content on disk has modification time of '2025-04-30T19:29:20.0365723Z'
  ERROR: Build asset version error: assets/scripts/mainmenu.cs in SourceAssetDB has modification time of '2025-04-30T19:29:19.2731904Z' while content on disk has modification time of '2025-04-30T19:29:20.0365723Z'
Number of updated asset objects reloaded before import = 0Number of asset objects unloaded after import = 0

========================================================================
Received Import Request.
  Time since last request: 0.000016 seconds.
  path: Assets/Scripts/MainMenu.cs
  artifactKey: Guid(bec661b304bf33645abee6d5b105ce53) Importer(815301076,1909f56bfc062723c751e8b465ee728b)
Start importing Assets/Scripts/MainMenu.cs using Guid(bec661b304bf33645abee6d5b105ce53) Importer(815301076,1909f56bfc062723c751e8b465ee728b) (PreviewImporter) -> (artifact id: '00000000000000000000000000000000') in 0.0004935 seconds
Import Error Code:(4)
Message: Build asset version error: assets/scripts/mainmenu.cs in SourceAssetDB has modification time of '2025-04-30T19:29:19.2731904Z' while content on disk has modification time of '2025-04-30T19:29:20.0365723Z'
  ERROR: Build asset version error: assets/scripts/mainmenu.cs in SourceAssetDB has modification time of '2025-04-30T19:29:19.2731904Z' while content on disk has modification time of '2025-04-30T19:29:20.0365723Z'
Number of updated asset objects reloaded before import = 0Number of asset objects unloaded after import = 0

========================================================================
Received Import Request.
  Time since last request: 0.000019 seconds.
  path: Assets/Scripts/MainMenu.cs
  artifactKey: Guid(bec661b304bf33645abee6d5b105ce53) Importer(815301076,1909f56bfc062723c751e8b465ee728b)
Start importing Assets/Scripts/MainMenu.cs using Guid(bec661b304bf33645abee6d5b105ce53) Importer(815301076,1909f56bfc062723c751e8b465ee728b) (PreviewImporter) -> (artifact id: '00000000000000000000000000000000') in 0.0005243 seconds
Import Error Code:(4)
Message: Build asset version error: assets/scripts/mainmenu.cs in SourceAssetDB has modification time of '2025-04-30T19:29:19.2731904Z' while content on disk has modification time of '2025-04-30T19:29:20.0365723Z'
  ERROR: Build asset version error: assets/scripts/mainmenu.cs in SourceAssetDB has modification time of '2025-04-30T19:29:19.2731904Z' while content on disk has modification time of '2025-04-30T19:29:20.0365723Z'
Number of updated asset objects reloaded before import = 0Number of asset objects unloaded after import = 0

========================================================================
Received Import Request.
  Time since last request: 0.000027 seconds.
  path: Assets/Scripts/MainMenu.cs
  artifactKey: Guid(bec661b304bf33645abee6d5b105ce53) Importer(815301076,1909f56bfc062723c751e8b465ee728b)
Start importing Assets/Scripts/MainMenu.cs using Guid(bec661b304bf33645abee6d5b105ce53) Importer(815301076,1909f56bfc062723c751e8b465ee728b) (PreviewImporter) -> (artifact id: '00000000000000000000000000000000') in 0.00051 seconds
Import Error Code:(4)
Message: Build asset version error: assets/scripts/mainmenu.cs in SourceAssetDB has modification time of '2025-04-30T19:29:19.2731904Z' while content on disk has modification time of '2025-04-30T19:29:20.0365723Z'
  ERROR: Build asset version error: assets/scripts/mainmenu.cs in SourceAssetDB has modification time of '2025-04-30T19:29:19.2731904Z' while content on disk has modification time of '2025-04-30T19:29:20.0365723Z'
Number of updated asset objects reloaded before import = 0Number of asset objects unloaded after import = 0

========================================================================
Received Import Request.
  Time since last request: 0.000016 seconds.
  path: Assets/Scripts/MainMenu.cs
  artifactKey: Guid(bec661b304bf33645abee6d5b105ce53) Importer(815301076,1909f56bfc062723c751e8b465ee728b)
Start importing Assets/Scripts/MainMenu.cs using Guid(bec661b304bf33645abee6d5b105ce53) Importer(815301076,1909f56bfc062723c751e8b465ee728b) (PreviewImporter) -> (artifact id: '00000000000000000000000000000000') in 0.0004548 seconds
Import Error Code:(4)
Message: Build asset version error: assets/scripts/mainmenu.cs in SourceAssetDB has modification time of '2025-04-30T19:29:19.2731904Z' while content on disk has modification time of '2025-04-30T19:29:20.0365723Z'
  ERROR: Build asset version error: assets/scripts/mainmenu.cs in SourceAssetDB has modification time of '2025-04-30T19:29:19.2731904Z' while content on disk has modification time of '2025-04-30T19:29:20.0365723Z'
Number of updated asset objects reloaded before import = 0Number of asset objects unloaded after import = 0

========================================================================
Received Import Request.
  Time since last request: 0.000012 seconds.
  path: Assets/Scripts/MainMenu.cs
  artifactKey: Guid(bec661b304bf33645abee6d5b105ce53) Importer(815301076,1909f56bfc062723c751e8b465ee728b)
Start importing Assets/Scripts/MainMenu.cs using Guid(bec661b304bf33645abee6d5b105ce53) Importer(815301076,1909f56bfc062723c751e8b465ee728b) (PreviewImporter) -> (artifact id: '00000000000000000000000000000000') in 0.0005051 seconds
Import Error Code:(4)
Message: Build asset version error: assets/scripts/mainmenu.cs in SourceAssetDB has modification time of '2025-04-30T19:29:19.2731904Z' while content on disk has modification time of '2025-04-30T19:29:20.0365723Z'
  ERROR: Build asset version error: assets/scripts/mainmenu.cs in SourceAssetDB has modification time of '2025-04-30T19:29:19.2731904Z' while content on disk has modification time of '2025-04-30T19:29:20.0365723Z'
Number of updated asset objects reloaded before import = 0Number of asset objects unloaded after import = 0

========================================================================
Received Import Request.
  Time since last request: 0.000011 seconds.
  path: Assets/Scripts/MainMenu.cs
  artifactKey: Guid(bec661b304bf33645abee6d5b105ce53) Importer(815301076,1909f56bfc062723c751e8b465ee728b)
Start importing Assets/Scripts/MainMenu.cs using Guid(bec661b304bf33645abee6d5b105ce53) Importer(815301076,1909f56bfc062723c751e8b465ee728b) (PreviewImporter) -> (artifact id: '00000000000000000000000000000000') in 0.0004836 seconds
Import Error Code:(4)
Message: Build asset version error: assets/scripts/mainmenu.cs in SourceAssetDB has modification time of '2025-04-30T19:29:19.2731904Z' while content on disk has modification time of '2025-04-30T19:29:20.0365723Z'
  ERROR: Build asset version error: assets/scripts/mainmenu.cs in SourceAssetDB has modification time of '2025-04-30T19:29:19.2731904Z' while content on disk has modification time of '2025-04-30T19:29:20.0365723Z'
Number of updated asset objects reloaded before import = 0Number of asset objects unloaded after import = 0

========================================================================
Received Import Request.
  Time since last request: 0.000013 seconds.
  path: Assets/Scripts/MainMenu.cs
  artifactKey: Guid(bec661b304bf33645abee6d5b105ce53) Importer(815301076,1909f56bfc062723c751e8b465ee728b)
Start importing Assets/Scripts/MainMenu.cs using Guid(bec661b304bf33645abee6d5b105ce53) Importer(815301076,1909f56bfc062723c751e8b465ee728b) (PreviewImporter) -> (artifact id: '00000000000000000000000000000000') in 0.0006606 seconds
Import Error Code:(4)
Message: Build asset version error: assets/scripts/mainmenu.cs in SourceAssetDB has modification time of '2025-04-30T19:29:19.2731904Z' while content on disk has modification time of '2025-04-30T19:29:20.0365723Z'
  ERROR: Build asset version error: assets/scripts/mainmenu.cs in SourceAssetDB has modification time of '2025-04-30T19:29:19.2731904Z' while content on disk has modification time of '2025-04-30T19:29:20.0365723Z'
Number of updated asset objects reloaded before import = 0Number of asset objects unloaded after import = 0

========================================================================
Received Import Request.
  Time since last request: 0.000013 seconds.
  path: Assets/Scripts/MainMenu.cs
  artifactKey: Guid(bec661b304bf33645abee6d5b105ce53) Importer(815301076,1909f56bfc062723c751e8b465ee728b)
Start importing Assets/Scripts/MainMenu.cs using Guid(bec661b304bf33645abee6d5b105ce53) Importer(815301076,1909f56bfc062723c751e8b465ee728b) (PreviewImporter) -> (artifact id: '00000000000000000000000000000000') in 0.0004754 seconds
Import Error Code:(4)
Message: Build asset version error: assets/scripts/mainmenu.cs in SourceAssetDB has modification time of '2025-04-30T19:29:19.2731904Z' while content on disk has modification time of '2025-04-30T19:29:20.0365723Z'
  ERROR: Build asset version error: assets/scripts/mainmenu.cs in SourceAssetDB has modification time of '2025-04-30T19:29:19.2731904Z' while content on disk has modification time of '2025-04-30T19:29:20.0365723Z'
Number of updated asset objects reloaded before import = 0Number of asset objects unloaded after import = 0

========================================================================
Received Import Request.
  Time since last request: 0.000013 seconds.
  path: Assets/Scripts/MainMenu.cs
  artifactKey: Guid(bec661b304bf33645abee6d5b105ce53) Importer(815301076,1909f56bfc062723c751e8b465ee728b)
Start importing Assets/Scripts/MainMenu.cs using Guid(bec661b304bf33645abee6d5b105ce53) Importer(815301076,1909f56bfc062723c751e8b465ee728b) (PreviewImporter) -> (artifact id: '00000000000000000000000000000000') in 0.0004292 seconds
Import Error Code:(4)
Message: Build asset version error: assets/scripts/mainmenu.cs in SourceAssetDB has modification time of '2025-04-30T19:29:19.2731904Z' while content on disk has modification time of '2025-04-30T19:29:20.0365723Z'
  ERROR: Build asset version error: assets/scripts/mainmenu.cs in SourceAssetDB has modification time of '2025-04-30T19:29:19.2731904Z' while content on disk has modification time of '2025-04-30T19:29:20.0365723Z'
Number of updated asset objects reloaded before import = 0Number of asset objects unloaded after import = 0

========================================================================
Received Import Request.
  Time since last request: 0.000024 seconds.
  path: Assets/Scripts/MainMenu.cs
  artifactKey: Guid(bec661b304bf33645abee6d5b105ce53) Importer(815301076,1909f56bfc062723c751e8b465ee728b)
Start importing Assets/Scripts/MainMenu.cs using Guid(bec661b304bf33645abee6d5b105ce53) Importer(815301076,1909f56bfc062723c751e8b465ee728b) (PreviewImporter) -> (artifact id: '00000000000000000000000000000000') in 0.0005182 seconds
Import Error Code:(4)
Message: Build asset version error: assets/scripts/mainmenu.cs in SourceAssetDB has modification time of '2025-04-30T19:29:19.2731904Z' while content on disk has modification time of '2025-04-30T19:29:20.0365723Z'
  ERROR: Build asset version error: assets/scripts/mainmenu.cs in SourceAssetDB has modification time of '2025-04-30T19:29:19.2731904Z' while content on disk has modification time of '2025-04-30T19:29:20.0365723Z'
Number of updated asset objects reloaded before import = 0Number of asset objects unloaded after import = 0

========================================================================
Received Import Request.
  Time since last request: 0.000020 seconds.
  path: Assets/Scripts/MainMenu.cs
  artifactKey: Guid(bec661b304bf33645abee6d5b105ce53) Importer(815301076,1909f56bfc062723c751e8b465ee728b)
Start importing Assets/Scripts/MainMenu.cs using Guid(bec661b304bf33645abee6d5b105ce53) Importer(815301076,1909f56bfc062723c751e8b465ee728b) (PreviewImporter) -> (artifact id: '00000000000000000000000000000000') in 0.0006859 seconds
Import Error Code:(4)
Message: Build asset version error: assets/scripts/mainmenu.cs in SourceAssetDB has modification time of '2025-04-30T19:29:19.2731904Z' while content on disk has modification time of '2025-04-30T19:29:20.0365723Z'
  ERROR: Build asset version error: assets/scripts/mainmenu.cs in SourceAssetDB has modification time of '2025-04-30T19:29:19.2731904Z' while content on disk has modification time of '2025-04-30T19:29:20.0365723Z'
Number of updated asset objects reloaded before import = 0Number of asset objects unloaded after import = 0

========================================================================
Received Import Request.
  Time since last request: 0.000017 seconds.
  path: Assets/Scripts/MainMenu.cs
  artifactKey: Guid(bec661b304bf33645abee6d5b105ce53) Importer(815301076,1909f56bfc062723c751e8b465ee728b)
Start importing Assets/Scripts/MainMenu.cs using Guid(bec661b304bf33645abee6d5b105ce53) Importer(815301076,1909f56bfc062723c751e8b465ee728b) (PreviewImporter) -> (artifact id: '00000000000000000000000000000000') in 0.000533 seconds
Import Error Code:(4)
Message: Build asset version error: assets/scripts/mainmenu.cs in SourceAssetDB has modification time of '2025-04-30T19:29:19.2731904Z' while content on disk has modification time of '2025-04-30T19:29:20.0365723Z'
  ERROR: Build asset version error: assets/scripts/mainmenu.cs in SourceAssetDB has modification time of '2025-04-30T19:29:19.2731904Z' while content on disk has modification time of '2025-04-30T19:29:20.0365723Z'
Number of updated asset objects reloaded before import = 0Number of asset objects unloaded after import = 0

========================================================================
Received Import Request.
  Time since last request: 0.000020 seconds.
  path: Assets/Scripts/MainMenu.cs
  artifactKey: Guid(bec661b304bf33645abee6d5b105ce53) Importer(815301076,1909f56bfc062723c751e8b465ee728b)
Start importing Assets/Scripts/MainMenu.cs using Guid(bec661b304bf33645abee6d5b105ce53) Importer(815301076,1909f56bfc062723c751e8b465ee728b) (PreviewImporter) -> (artifact id: '00000000000000000000000000000000') in 0.0005129 seconds
Import Error Code:(4)
Message: Build asset version error: assets/scripts/mainmenu.cs in SourceAssetDB has modification time of '2025-04-30T19:29:19.2731904Z' while content on disk has modification time of '2025-04-30T19:29:20.0365723Z'
  ERROR: Build asset version error: assets/scripts/mainmenu.cs in SourceAssetDB has modification time of '2025-04-30T19:29:19.2731904Z' while content on disk has modification time of '2025-04-30T19:29:20.0365723Z'
Number of updated asset objects reloaded before import = 0Number of asset objects unloaded after import = 0

========================================================================
Received Import Request.
  Time since last request: 0.000028 seconds.
  path: Assets/Scripts/MainMenu.cs
  artifactKey: Guid(bec661b304bf33645abee6d5b105ce53) Importer(815301076,1909f56bfc062723c751e8b465ee728b)
Start importing Assets/Scripts/MainMenu.cs using Guid(bec661b304bf33645abee6d5b105ce53) Importer(815301076,1909f56bfc062723c751e8b465ee728b) (PreviewImporter) -> (artifact id: '00000000000000000000000000000000') in 0.0004706 seconds
Import Error Code:(4)
Message: Build asset version error: assets/scripts/mainmenu.cs in SourceAssetDB has modification time of '2025-04-30T19:29:19.2731904Z' while content on disk has modification time of '2025-04-30T19:29:20.0365723Z'
  ERROR: Build asset version error: assets/scripts/mainmenu.cs in SourceAssetDB has modification time of '2025-04-30T19:29:19.2731904Z' while content on disk has modification time of '2025-04-30T19:29:20.0365723Z'
Number of updated asset objects reloaded before import = 0Number of asset objects unloaded after import = 0

========================================================================
Received Import Request.
  Time since last request: 0.000013 seconds.
  path: Assets/Scripts/MainMenu.cs
  artifactKey: Guid(bec661b304bf33645abee6d5b105ce53) Importer(815301076,1909f56bfc062723c751e8b465ee728b)
Start importing Assets/Scripts/MainMenu.cs using Guid(bec661b304bf33645abee6d5b105ce53) Importer(815301076,1909f56bfc062723c751e8b465ee728b) (PreviewImporter) -> (artifact id: '00000000000000000000000000000000') in 0.0004209 seconds
Import Error Code:(4)
Message: Build asset version error: assets/scripts/mainmenu.cs in SourceAssetDB has modification time of '2025-04-30T19:29:19.2731904Z' while content on disk has modification time of '2025-04-30T19:29:20.0365723Z'
  ERROR: Build asset version error: assets/scripts/mainmenu.cs in SourceAssetDB has modification time of '2025-04-30T19:29:19.2731904Z' while content on disk has modification time of '2025-04-30T19:29:20.0365723Z'
Number of updated asset objects reloaded before import = 0Number of asset objects unloaded after import = 0

========================================================================
Received Import Request.
  Time since last request: 0.000013 seconds.
  path: Assets/Scripts/MainMenu.cs
  artifactKey: Guid(bec661b304bf33645abee6d5b105ce53) Importer(815301076,1909f56bfc062723c751e8b465ee728b)
Start importing Assets/Scripts/MainMenu.cs using Guid(bec661b304bf33645abee6d5b105ce53) Importer(815301076,1909f56bfc062723c751e8b465ee728b) (PreviewImporter) -> (artifact id: '00000000000000000000000000000000') in 0.000456 seconds
Import Error Code:(4)
Message: Build asset version error: assets/scripts/mainmenu.cs in SourceAssetDB has modification time of '2025-04-30T19:29:19.2731904Z' while content on disk has modification time of '2025-04-30T19:29:20.0365723Z'
  ERROR: Build asset version error: assets/scripts/mainmenu.cs in SourceAssetDB has modification time of '2025-04-30T19:29:19.2731904Z' while content on disk has modification time of '2025-04-30T19:29:20.0365723Z'
Number of updated asset objects reloaded before import = 0Number of asset objects unloaded after import = 0

========================================================================
Received Import Request.
  Time since last request: 0.000019 seconds.
  path: Assets/Scripts/MainMenu.cs
  artifactKey: Guid(bec661b304bf33645abee6d5b105ce53) Importer(815301076,1909f56bfc062723c751e8b465ee728b)
Start importing Assets/Scripts/MainMenu.cs using Guid(bec661b304bf33645abee6d5b105ce53) Importer(815301076,1909f56bfc062723c751e8b465ee728b) (PreviewImporter) -> (artifact id: '00000000000000000000000000000000') in 0.0006431 seconds
Import Error Code:(4)
Message: Build asset version error: assets/scripts/mainmenu.cs in SourceAssetDB has modification time of '2025-04-30T19:29:19.2731904Z' while content on disk has modification time of '2025-04-30T19:29:20.0365723Z'
  ERROR: Build asset version error: assets/scripts/mainmenu.cs in SourceAssetDB has modification time of '2025-04-30T19:29:19.2731904Z' while content on disk has modification time of '2025-04-30T19:29:20.0365723Z'
Number of updated asset objects reloaded before import = 0Number of asset objects unloaded after import = 0

========================================================================
Received Import Request.
  Time since last request: 0.000013 seconds.
  path: Assets/Scripts/MainMenu.cs
  artifactKey: Guid(bec661b304bf33645abee6d5b105ce53) Importer(815301076,1909f56bfc062723c751e8b465ee728b)
Start importing Assets/Scripts/MainMenu.cs using Guid(bec661b304bf33645abee6d5b105ce53) Importer(815301076,1909f56bfc062723c751e8b465ee728b) (PreviewImporter) -> (artifact id: '00000000000000000000000000000000') in 0.0004189 seconds
Import Error Code:(4)
Message: Build asset version error: assets/scripts/mainmenu.cs in SourceAssetDB has modification time of '2025-04-30T19:29:19.2731904Z' while content on disk has modification time of '2025-04-30T19:29:20.0365723Z'
  ERROR: Build asset version error: assets/scripts/mainmenu.cs in SourceAssetDB has modification time of '2025-04-30T19:29:19.2731904Z' while content on disk has modification time of '2025-04-30T19:29:20.0365723Z'
Number of updated asset objects reloaded before import = 0Number of asset objects unloaded after import = 0

========================================================================
Received Import Request.
  Time since last request: 0.000013 seconds.
  path: Assets/Scripts/MainMenu.cs
  artifactKey: Guid(bec661b304bf33645abee6d5b105ce53) Importer(815301076,1909f56bfc062723c751e8b465ee728b)
Start importing Assets/Scripts/MainMenu.cs using Guid(bec661b304bf33645abee6d5b105ce53) Importer(815301076,1909f56bfc062723c751e8b465ee728b) (PreviewImporter) -> (artifact id: '00000000000000000000000000000000') in 0.0004307 seconds
Import Error Code:(4)
Message: Build asset version error: assets/scripts/mainmenu.cs in SourceAssetDB has modification time of '2025-04-30T19:29:19.2731904Z' while content on disk has modification time of '2025-04-30T19:29:20.0365723Z'
  ERROR: Build asset version error: assets/scripts/mainmenu.cs in SourceAssetDB has modification time of '2025-04-30T19:29:19.2731904Z' while content on disk has modification time of '2025-04-30T19:29:20.0365723Z'
Number of updated asset objects reloaded before import = 0Number of asset objects unloaded after import = 0

========================================================================
Received Import Request.
  Time since last request: 0.000042 seconds.
  path: Assets/Scripts/MainMenu.cs
  artifactKey: Guid(bec661b304bf33645abee6d5b105ce53) Importer(815301076,1909f56bfc062723c751e8b465ee728b)
Start importing Assets/Scripts/MainMenu.cs using Guid(bec661b304bf33645abee6d5b105ce53) Importer(815301076,1909f56bfc062723c751e8b465ee728b) (PreviewImporter) -> (artifact id: '00000000000000000000000000000000') in 0.000431 seconds
Import Error Code:(4)
Message: Build asset version error: assets/scripts/mainmenu.cs in SourceAssetDB has modification time of '2025-04-30T19:29:19.2731904Z' while content on disk has modification time of '2025-04-30T19:29:20.0365723Z'
  ERROR: Build asset version error: assets/scripts/mainmenu.cs in SourceAssetDB has modification time of '2025-04-30T19:29:19.2731904Z' while content on disk has modification time of '2025-04-30T19:29:20.0365723Z'
Number of updated asset objects reloaded before import = 0Number of asset objects unloaded after import = 0

========================================================================
Received Import Request.
  Time since last request: 0.000012 seconds.
  path: Assets/Scripts/MainMenu.cs
  artifactKey: Guid(bec661b304bf33645abee6d5b105ce53) Importer(815301076,1909f56bfc062723c751e8b465ee728b)
Start importing Assets/Scripts/MainMenu.cs using Guid(bec661b304bf33645abee6d5b105ce53) Importer(815301076,1909f56bfc062723c751e8b465ee728b) (PreviewImporter) -> (artifact id: '00000000000000000000000000000000') in 0.0004359 seconds
Import Error Code:(4)
Message: Build asset version error: assets/scripts/mainmenu.cs in SourceAssetDB has modification time of '2025-04-30T19:29:19.2731904Z' while content on disk has modification time of '2025-04-30T19:29:20.0365723Z'
  ERROR: Build asset version error: assets/scripts/mainmenu.cs in SourceAssetDB has modification time of '2025-04-30T19:29:19.2731904Z' while content on disk has modification time of '2025-04-30T19:29:20.0365723Z'
Number of updated asset objects reloaded before import = 0Number of asset objects unloaded after import = 0

========================================================================
Received Import Request.
  Time since last request: 0.000023 seconds.
  path: Assets/Scripts/MainMenu.cs
  artifactKey: Guid(bec661b304bf33645abee6d5b105ce53) Importer(815301076,1909f56bfc062723c751e8b465ee728b)
Start importing Assets/Scripts/MainMenu.cs using Guid(bec661b304bf33645abee6d5b105ce53) Importer(815301076,1909f56bfc062723c751e8b465ee728b) (PreviewImporter) -> (artifact id: '00000000000000000000000000000000') in 0.0005158 seconds
Import Error Code:(4)
Message: Build asset version error: assets/scripts/mainmenu.cs in SourceAssetDB has modification time of '2025-04-30T19:29:19.2731904Z' while content on disk has modification time of '2025-04-30T19:29:20.0365723Z'
  ERROR: Build asset version error: assets/scripts/mainmenu.cs in SourceAssetDB has modification time of '2025-04-30T19:29:19.2731904Z' while content on disk has modification time of '2025-04-30T19:29:20.0365723Z'
Number of updated asset objects reloaded before import = 0Number of asset objects unloaded after import = 0

========================================================================
Received Import Request.
  Time since last request: 0.000016 seconds.
  path: Assets/Scripts/MainMenu.cs
  artifactKey: Guid(bec661b304bf33645abee6d5b105ce53) Importer(815301076,1909f56bfc062723c751e8b465ee728b)
Start importing Assets/Scripts/MainMenu.cs using Guid(bec661b304bf33645abee6d5b105ce53) Importer(815301076,1909f56bfc062723c751e8b465ee728b) (PreviewImporter) -> (artifact id: '00000000000000000000000000000000') in 0.0006357 seconds
Import Error Code:(4)
Message: Build asset version error: assets/scripts/mainmenu.cs in SourceAssetDB has modification time of '2025-04-30T19:29:19.2731904Z' while content on disk has modification time of '2025-04-30T19:29:20.0365723Z'
  ERROR: Build asset version error: assets/scripts/mainmenu.cs in SourceAssetDB has modification time of '2025-04-30T19:29:19.2731904Z' while content on disk has modification time of '2025-04-30T19:29:20.0365723Z'
Number of updated asset objects reloaded before import = 0Number of asset objects unloaded after import = 0

========================================================================
Received Import Request.
  Time since last request: 0.000016 seconds.
  path: Assets/Scripts/MainMenu.cs
  artifactKey: Guid(bec661b304bf33645abee6d5b105ce53) Importer(815301076,1909f56bfc062723c751e8b465ee728b)
Start importing Assets/Scripts/MainMenu.cs using Guid(bec661b304bf33645abee6d5b105ce53) Importer(815301076,1909f56bfc062723c751e8b465ee728b) (PreviewImporter) -> (artifact id: '00000000000000000000000000000000') in 0.000526 seconds
Import Error Code:(4)
Message: Build asset version error: assets/scripts/mainmenu.cs in SourceAssetDB has modification time of '2025-04-30T19:29:19.2731904Z' while content on disk has modification time of '2025-04-30T19:29:20.0365723Z'
  ERROR: Build asset version error: assets/scripts/mainmenu.cs in SourceAssetDB has modification time of '2025-04-30T19:29:19.2731904Z' while content on disk has modification time of '2025-04-30T19:29:20.0365723Z'
Number of updated asset objects reloaded before import = 0Number of asset objects unloaded after import = 0

========================================================================
Received Import Request.
  Time since last request: 0.000027 seconds.
  path: Assets/Scripts/MainMenu.cs
  artifactKey: Guid(bec661b304bf33645abee6d5b105ce53) Importer(815301076,1909f56bfc062723c751e8b465ee728b)
Start importing Assets/Scripts/MainMenu.cs using Guid(bec661b304bf33645abee6d5b105ce53) Importer(815301076,1909f56bfc062723c751e8b465ee728b) (PreviewImporter) -> (artifact id: '00000000000000000000000000000000') in 0.0005388 seconds
Import Error Code:(4)
Message: Build asset version error: assets/scripts/mainmenu.cs in SourceAssetDB has modification time of '2025-04-30T19:29:19.2731904Z' while content on disk has modification time of '2025-04-30T19:29:20.0365723Z'
  ERROR: Build asset version error: assets/scripts/mainmenu.cs in SourceAssetDB has modification time of '2025-04-30T19:29:19.2731904Z' while content on disk has modification time of '2025-04-30T19:29:20.0365723Z'
Number of updated asset objects reloaded before import = 0Number of asset objects unloaded after import = 0

========================================================================
Received Import Request.
  Time since last request: 0.000013 seconds.
  path: Assets/Scripts/MainMenu.cs
  artifactKey: Guid(bec661b304bf33645abee6d5b105ce53) Importer(815301076,1909f56bfc062723c751e8b465ee728b)
Start importing Assets/Scripts/MainMenu.cs using Guid(bec661b304bf33645abee6d5b105ce53) Importer(815301076,1909f56bfc062723c751e8b465ee728b) (PreviewImporter) -> (artifact id: '00000000000000000000000000000000') in 0.0004549 seconds
Import Error Code:(4)
Message: Build asset version error: assets/scripts/mainmenu.cs in SourceAssetDB has modification time of '2025-04-30T19:29:19.2731904Z' while content on disk has modification time of '2025-04-30T19:29:20.0365723Z'
  ERROR: Build asset version error: assets/scripts/mainmenu.cs in SourceAssetDB has modification time of '2025-04-30T19:29:19.2731904Z' while content on disk has modification time of '2025-04-30T19:29:20.0365723Z'
Number of updated asset objects reloaded before import = 0Number of asset objects unloaded after import = 0

========================================================================
Received Import Request.
  Time since last request: 0.000023 seconds.
  path: Assets/Scripts/MainMenu.cs
  artifactKey: Guid(bec661b304bf33645abee6d5b105ce53) Importer(815301076,1909f56bfc062723c751e8b465ee728b)
Start importing Assets/Scripts/MainMenu.cs using Guid(bec661b304bf33645abee6d5b105ce53) Importer(815301076,1909f56bfc062723c751e8b465ee728b) (PreviewImporter) -> (artifact id: '00000000000000000000000000000000') in 0.0005089 seconds
Import Error Code:(4)
Message: Build asset version error: assets/scripts/mainmenu.cs in SourceAssetDB has modification time of '2025-04-30T19:29:19.2731904Z' while content on disk has modification time of '2025-04-30T19:29:20.0365723Z'
  ERROR: Build asset version error: assets/scripts/mainmenu.cs in SourceAssetDB has modification time of '2025-04-30T19:29:19.2731904Z' while content on disk has modification time of '2025-04-30T19:29:20.0365723Z'
Number of updated asset objects reloaded before import = 0Number of asset objects unloaded after import = 0

========================================================================
Received Import Request.
  Time since last request: 0.000012 seconds.
  path: Assets/Scripts/MainMenu.cs
  artifactKey: Guid(bec661b304bf33645abee6d5b105ce53) Importer(815301076,1909f56bfc062723c751e8b465ee728b)
Start importing Assets/Scripts/MainMenu.cs using Guid(bec661b304bf33645abee6d5b105ce53) Importer(815301076,1909f56bfc062723c751e8b465ee728b) (PreviewImporter) -> (artifact id: '00000000000000000000000000000000') in 0.0005727 seconds
Import Error Code:(4)
Message: Build asset version error: assets/scripts/mainmenu.cs in SourceAssetDB has modification time of '2025-04-30T19:29:19.2731904Z' while content on disk has modification time of '2025-04-30T19:29:20.0365723Z'
  ERROR: Build asset version error: assets/scripts/mainmenu.cs in SourceAssetDB has modification time of '2025-04-30T19:29:19.2731904Z' while content on disk has modification time of '2025-04-30T19:29:20.0365723Z'
Number of updated asset objects reloaded before import = 0Number of asset objects unloaded after import = 0

========================================================================
Received Import Request.
  Time since last request: 0.000015 seconds.
  path: Assets/Scripts/MainMenu.cs
  artifactKey: Guid(bec661b304bf33645abee6d5b105ce53) Importer(815301076,1909f56bfc062723c751e8b465ee728b)
Start importing Assets/Scripts/MainMenu.cs using Guid(bec661b304bf33645abee6d5b105ce53) Importer(815301076,1909f56bfc062723c751e8b465ee728b) (PreviewImporter) -> (artifact id: '00000000000000000000000000000000') in 0.0004285 seconds
Import Error Code:(4)
Message: Build asset version error: assets/scripts/mainmenu.cs in SourceAssetDB has modification time of '2025-04-30T19:29:19.2731904Z' while content on disk has modification time of '2025-04-30T19:29:20.0365723Z'
  ERROR: Build asset version error: assets/scripts/mainmenu.cs in SourceAssetDB has modification time of '2025-04-30T19:29:19.2731904Z' while content on disk has modification time of '2025-04-30T19:29:20.0365723Z'
Number of updated asset objects reloaded before import = 0Number of asset objects unloaded after import = 0

========================================================================
Received Import Request.
  Time since last request: 0.000026 seconds.
  path: Assets/Scripts/MainMenu.cs
  artifactKey: Guid(bec661b304bf33645abee6d5b105ce53) Importer(815301076,1909f56bfc062723c751e8b465ee728b)
Start importing Assets/Scripts/MainMenu.cs using Guid(bec661b304bf33645abee6d5b105ce53) Importer(815301076,1909f56bfc062723c751e8b465ee728b) (PreviewImporter) -> (artifact id: '00000000000000000000000000000000') in 0.0005317 seconds
Import Error Code:(4)
Message: Build asset version error: assets/scripts/mainmenu.cs in SourceAssetDB has modification time of '2025-04-30T19:29:19.2731904Z' while content on disk has modification time of '2025-04-30T19:29:20.0365723Z'
  ERROR: Build asset version error: assets/scripts/mainmenu.cs in SourceAssetDB has modification time of '2025-04-30T19:29:19.2731904Z' while content on disk has modification time of '2025-04-30T19:29:20.0365723Z'
Number of updated asset objects reloaded before import = 0Number of asset objects unloaded after import = 0

========================================================================
Received Import Request.
  Time since last request: 0.000017 seconds.
  path: Assets/Scripts/MainMenu.cs
  artifactKey: Guid(bec661b304bf33645abee6d5b105ce53) Importer(815301076,1909f56bfc062723c751e8b465ee728b)
Start importing Assets/Scripts/MainMenu.cs using Guid(bec661b304bf33645abee6d5b105ce53) Importer(815301076,1909f56bfc062723c751e8b465ee728b) (PreviewImporter) -> (artifact id: '00000000000000000000000000000000') in 0.0005168 seconds
Import Error Code:(4)
Message: Build asset version error: assets/scripts/mainmenu.cs in SourceAssetDB has modification time of '2025-04-30T19:29:19.2731904Z' while content on disk has modification time of '2025-04-30T19:29:20.0365723Z'
  ERROR: Build asset version error: assets/scripts/mainmenu.cs in SourceAssetDB has modification time of '2025-04-30T19:29:19.2731904Z' while content on disk has modification time of '2025-04-30T19:29:20.0365723Z'
Number of updated asset objects reloaded before import = 0Number of asset objects unloaded after import = 0

========================================================================
Received Import Request.
  Time since last request: 0.000015 seconds.
  path: Assets/Scripts/MainMenu.cs
  artifactKey: Guid(bec661b304bf33645abee6d5b105ce53) Importer(815301076,1909f56bfc062723c751e8b465ee728b)
Start importing Assets/Scripts/MainMenu.cs using Guid(bec661b304bf33645abee6d5b105ce53) Importer(815301076,1909f56bfc062723c751e8b465ee728b) (PreviewImporter) -> (artifact id: '00000000000000000000000000000000') in 0.0005196 seconds
Import Error Code:(4)
Message: Build asset version error: assets/scripts/mainmenu.cs in SourceAssetDB has modification time of '2025-04-30T19:29:19.2731904Z' while content on disk has modification time of '2025-04-30T19:29:20.0365723Z'
  ERROR: Build asset version error: assets/scripts/mainmenu.cs in SourceAssetDB has modification time of '2025-04-30T19:29:19.2731904Z' while content on disk has modification time of '2025-04-30T19:29:20.0365723Z'
Number of updated asset objects reloaded before import = 0Number of asset objects unloaded after import = 0

========================================================================
Received Import Request.
  Time since last request: 0.000017 seconds.
  path: Assets/Scripts/MainMenu.cs
  artifactKey: Guid(bec661b304bf33645abee6d5b105ce53) Importer(815301076,1909f56bfc062723c751e8b465ee728b)
Start importing Assets/Scripts/MainMenu.cs using Guid(bec661b304bf33645abee6d5b105ce53) Importer(815301076,1909f56bfc062723c751e8b465ee728b) (PreviewImporter) -> (artifact id: '00000000000000000000000000000000') in 0.0005166 seconds
Import Error Code:(4)
Message: Build asset version error: assets/scripts/mainmenu.cs in SourceAssetDB has modification time of '2025-04-30T19:29:19.2731904Z' while content on disk has modification time of '2025-04-30T19:29:20.0365723Z'
  ERROR: Build asset version error: assets/scripts/mainmenu.cs in SourceAssetDB has modification time of '2025-04-30T19:29:19.2731904Z' while content on disk has modification time of '2025-04-30T19:29:20.0365723Z'
Number of updated asset objects reloaded before import = 0Number of asset objects unloaded after import = 0

========================================================================
Received Import Request.
  Time since last request: 0.000019 seconds.
  path: Assets/Scripts/MainMenu.cs
  artifactKey: Guid(bec661b304bf33645abee6d5b105ce53) Importer(815301076,1909f56bfc062723c751e8b465ee728b)
Start importing Assets/Scripts/MainMenu.cs using Guid(bec661b304bf33645abee6d5b105ce53) Importer(815301076,1909f56bfc062723c751e8b465ee728b) (PreviewImporter) -> (artifact id: '00000000000000000000000000000000') in 0.0008306 seconds
Import Error Code:(4)
Message: Build asset version error: assets/scripts/mainmenu.cs in SourceAssetDB has modification time of '2025-04-30T19:29:19.2731904Z' while content on disk has modification time of '2025-04-30T19:29:20.0365723Z'
  ERROR: Build asset version error: assets/scripts/mainmenu.cs in SourceAssetDB has modification time of '2025-04-30T19:29:19.2731904Z' while content on disk has modification time of '2025-04-30T19:29:20.0365723Z'
Number of updated asset objects reloaded before import = 0Number of asset objects unloaded after import = 0

========================================================================
Received Import Request.
  Time since last request: 0.000023 seconds.
  path: Assets/Scripts/MainMenu.cs
  artifactKey: Guid(bec661b304bf33645abee6d5b105ce53) Importer(815301076,1909f56bfc062723c751e8b465ee728b)
Start importing Assets/Scripts/MainMenu.cs using Guid(bec661b304bf33645abee6d5b105ce53) Importer(815301076,1909f56bfc062723c751e8b465ee728b) (PreviewImporter) -> (artifact id: '00000000000000000000000000000000') in 0.0006594 seconds
Import Error Code:(4)
Message: Build asset version error: assets/scripts/mainmenu.cs in SourceAssetDB has modification time of '2025-04-30T19:29:19.2731904Z' while content on disk has modification time of '2025-04-30T19:29:20.0365723Z'
  ERROR: Build asset version error: assets/scripts/mainmenu.cs in SourceAssetDB has modification time of '2025-04-30T19:29:19.2731904Z' while content on disk has modification time of '2025-04-30T19:29:20.0365723Z'
Number of updated asset objects reloaded before import = 0Number of asset objects unloaded after import = 0

========================================================================
Received Import Request.
  Time since last request: 0.000021 seconds.
  path: Assets/Scripts/MainMenu.cs
  artifactKey: Guid(bec661b304bf33645abee6d5b105ce53) Importer(815301076,1909f56bfc062723c751e8b465ee728b)
Start importing Assets/Scripts/MainMenu.cs using Guid(bec661b304bf33645abee6d5b105ce53) Importer(815301076,1909f56bfc062723c751e8b465ee728b) (PreviewImporter) -> (artifact id: '00000000000000000000000000000000') in 0.0004558 seconds
Import Error Code:(4)
Message: Build asset version error: assets/scripts/mainmenu.cs in SourceAssetDB has modification time of '2025-04-30T19:29:19.2731904Z' while content on disk has modification time of '2025-04-30T19:29:20.0365723Z'
  ERROR: Build asset version error: assets/scripts/mainmenu.cs in SourceAssetDB has modification time of '2025-04-30T19:29:19.2731904Z' while content on disk has modification time of '2025-04-30T19:29:20.0365723Z'
Number of updated asset objects reloaded before import = 0Number of asset objects unloaded after import = 0

========================================================================
Received Import Request.
  Time since last request: 0.000017 seconds.
  path: Assets/Scripts/MainMenu.cs
  artifactKey: Guid(bec661b304bf33645abee6d5b105ce53) Importer(815301076,1909f56bfc062723c751e8b465ee728b)
Start importing Assets/Scripts/MainMenu.cs using Guid(bec661b304bf33645abee6d5b105ce53) Importer(815301076,1909f56bfc062723c751e8b465ee728b) (PreviewImporter) -> (artifact id: '00000000000000000000000000000000') in 0.0005063 seconds
Import Error Code:(4)
Message: Build asset version error: assets/scripts/mainmenu.cs in SourceAssetDB has modification time of '2025-04-30T19:29:19.2731904Z' while content on disk has modification time of '2025-04-30T19:29:20.0365723Z'
  ERROR: Build asset version error: assets/scripts/mainmenu.cs in SourceAssetDB has modification time of '2025-04-30T19:29:19.2731904Z' while content on disk has modification time of '2025-04-30T19:29:20.0365723Z'
Number of updated asset objects reloaded before import = 0Number of asset objects unloaded after import = 0

========================================================================
Received Import Request.
  Time since last request: 0.000016 seconds.
  path: Assets/Scripts/MainMenu.cs
  artifactKey: Guid(bec661b304bf33645abee6d5b105ce53) Importer(815301076,1909f56bfc062723c751e8b465ee728b)
Start importing Assets/Scripts/MainMenu.cs using Guid(bec661b304bf33645abee6d5b105ce53) Importer(815301076,1909f56bfc062723c751e8b465ee728b) (PreviewImporter) -> (artifact id: '00000000000000000000000000000000') in 0.000498 seconds
Import Error Code:(4)
Message: Build asset version error: assets/scripts/mainmenu.cs in SourceAssetDB has modification time of '2025-04-30T19:29:19.2731904Z' while content on disk has modification time of '2025-04-30T19:29:20.0365723Z'
  ERROR: Build asset version error: assets/scripts/mainmenu.cs in SourceAssetDB has modification time of '2025-04-30T19:29:19.2731904Z' while content on disk has modification time of '2025-04-30T19:29:20.0365723Z'
Number of updated asset objects reloaded before import = 0Number of asset objects unloaded after import = 0

========================================================================
Received Import Request.
  Time since last request: 0.000015 seconds.
  path: Assets/Scripts/MainMenu.cs
  artifactKey: Guid(bec661b304bf33645abee6d5b105ce53) Importer(815301076,1909f56bfc062723c751e8b465ee728b)
Start importing Assets/Scripts/MainMenu.cs using Guid(bec661b304bf33645abee6d5b105ce53) Importer(815301076,1909f56bfc062723c751e8b465ee728b) (PreviewImporter) -> (artifact id: '00000000000000000000000000000000') in 0.0005392 seconds
Import Error Code:(4)
Message: Build asset version error: assets/scripts/mainmenu.cs in SourceAssetDB has modification time of '2025-04-30T19:29:19.2731904Z' while content on disk has modification time of '2025-04-30T19:29:20.0365723Z'
  ERROR: Build asset version error: assets/scripts/mainmenu.cs in SourceAssetDB has modification time of '2025-04-30T19:29:19.2731904Z' while content on disk has modification time of '2025-04-30T19:29:20.0365723Z'
Number of updated asset objects reloaded before import = 0Number of asset objects unloaded after import = 0

========================================================================
Received Import Request.
  Time since last request: 0.000027 seconds.
  path: Assets/Scripts/MainMenu.cs
  artifactKey: Guid(bec661b304bf33645abee6d5b105ce53) Importer(815301076,1909f56bfc062723c751e8b465ee728b)
Start importing Assets/Scripts/MainMenu.cs using Guid(bec661b304bf33645abee6d5b105ce53) Importer(815301076,1909f56bfc062723c751e8b465ee728b) (PreviewImporter) -> (artifact id: '00000000000000000000000000000000') in 0.0005289 seconds
Import Error Code:(4)
Message: Build asset version error: assets/scripts/mainmenu.cs in SourceAssetDB has modification time of '2025-04-30T19:29:19.2731904Z' while content on disk has modification time of '2025-04-30T19:29:20.0365723Z'
  ERROR: Build asset version error: assets/scripts/mainmenu.cs in SourceAssetDB has modification time of '2025-04-30T19:29:19.2731904Z' while content on disk has modification time of '2025-04-30T19:29:20.0365723Z'
Number of updated asset objects reloaded before import = 0Number of asset objects unloaded after import = 0

========================================================================
Received Import Request.
  Time since last request: 0.000013 seconds.
  path: Assets/Scripts/MainMenu.cs
  artifactKey: Guid(bec661b304bf33645abee6d5b105ce53) Importer(815301076,1909f56bfc062723c751e8b465ee728b)
Start importing Assets/Scripts/MainMenu.cs using Guid(bec661b304bf33645abee6d5b105ce53) Importer(815301076,1909f56bfc062723c751e8b465ee728b) (PreviewImporter) -> (artifact id: '00000000000000000000000000000000') in 0.0004374 seconds
Import Error Code:(4)
Message: Build asset version error: assets/scripts/mainmenu.cs in SourceAssetDB has modification time of '2025-04-30T19:29:19.2731904Z' while content on disk has modification time of '2025-04-30T19:29:20.0365723Z'
  ERROR: Build asset version error: assets/scripts/mainmenu.cs in SourceAssetDB has modification time of '2025-04-30T19:29:19.2731904Z' while content on disk has modification time of '2025-04-30T19:29:20.0365723Z'
Number of updated asset objects reloaded before import = 0Number of asset objects unloaded after import = 0

========================================================================
Received Import Request.
  Time since last request: 0.000026 seconds.
  path: Assets/Scripts/MainMenu.cs
  artifactKey: Guid(bec661b304bf33645abee6d5b105ce53) Importer(815301076,1909f56bfc062723c751e8b465ee728b)
Start importing Assets/Scripts/MainMenu.cs using Guid(bec661b304bf33645abee6d5b105ce53) Importer(815301076,1909f56bfc062723c751e8b465ee728b) (PreviewImporter) -> (artifact id: '00000000000000000000000000000000') in 0.0004582 seconds
Import Error Code:(4)
Message: Build asset version error: assets/scripts/mainmenu.cs in SourceAssetDB has modification time of '2025-04-30T19:29:19.2731904Z' while content on disk has modification time of '2025-04-30T19:29:20.0365723Z'
  ERROR: Build asset version error: assets/scripts/mainmenu.cs in SourceAssetDB has modification time of '2025-04-30T19:29:19.2731904Z' while content on disk has modification time of '2025-04-30T19:29:20.0365723Z'
Number of updated asset objects reloaded before import = 0Number of asset objects unloaded after import = 0

========================================================================
Received Import Request.
  Time since last request: 0.000013 seconds.
  path: Assets/Scripts/MainMenu.cs
  artifactKey: Guid(bec661b304bf33645abee6d5b105ce53) Importer(815301076,1909f56bfc062723c751e8b465ee728b)
Start importing Assets/Scripts/MainMenu.cs using Guid(bec661b304bf33645abee6d5b105ce53) Importer(815301076,1909f56bfc062723c751e8b465ee728b) (PreviewImporter) -> (artifact id: '00000000000000000000000000000000') in 0.0004437 seconds
Import Error Code:(4)
Message: Build asset version error: assets/scripts/mainmenu.cs in SourceAssetDB has modification time of '2025-04-30T19:29:19.2731904Z' while content on disk has modification time of '2025-04-30T19:29:20.0365723Z'
  ERROR: Build asset version error: assets/scripts/mainmenu.cs in SourceAssetDB has modification time of '2025-04-30T19:29:19.2731904Z' while content on disk has modification time of '2025-04-30T19:29:20.0365723Z'
Number of updated asset objects reloaded before import = 0Number of asset objects unloaded after import = 0

========================================================================
Received Import Request.
  Time since last request: 0.000015 seconds.
  path: Assets/Scripts/MainMenu.cs
  artifactKey: Guid(bec661b304bf33645abee6d5b105ce53) Importer(815301076,1909f56bfc062723c751e8b465ee728b)
Start importing Assets/Scripts/MainMenu.cs using Guid(bec661b304bf33645abee6d5b105ce53) Importer(815301076,1909f56bfc062723c751e8b465ee728b) (PreviewImporter) -> (artifact id: '00000000000000000000000000000000') in 0.0005219 seconds
Import Error Code:(4)
Message: Build asset version error: assets/scripts/mainmenu.cs in SourceAssetDB has modification time of '2025-04-30T19:29:19.2731904Z' while content on disk has modification time of '2025-04-30T19:29:20.0365723Z'
  ERROR: Build asset version error: assets/scripts/mainmenu.cs in SourceAssetDB has modification time of '2025-04-30T19:29:19.2731904Z' while content on disk has modification time of '2025-04-30T19:29:20.0365723Z'
Number of updated asset objects reloaded before import = 0Number of asset objects unloaded after import = 0

========================================================================
Received Import Request.
  Time since last request: 0.000026 seconds.
  path: Assets/Scripts/MainMenu.cs
  artifactKey: Guid(bec661b304bf33645abee6d5b105ce53) Importer(815301076,1909f56bfc062723c751e8b465ee728b)
Start importing Assets/Scripts/MainMenu.cs using Guid(bec661b304bf33645abee6d5b105ce53) Importer(815301076,1909f56bfc062723c751e8b465ee728b) (PreviewImporter) -> (artifact id: '00000000000000000000000000000000') in 0.0005469 seconds
Import Error Code:(4)
Message: Build asset version error: assets/scripts/mainmenu.cs in SourceAssetDB has modification time of '2025-04-30T19:29:19.2731904Z' while content on disk has modification time of '2025-04-30T19:29:20.0365723Z'
  ERROR: Build asset version error: assets/scripts/mainmenu.cs in SourceAssetDB has modification time of '2025-04-30T19:29:19.2731904Z' while content on disk has modification time of '2025-04-30T19:29:20.0365723Z'
Number of updated asset objects reloaded before import = 0Number of asset objects unloaded after import = 0

========================================================================
Received Import Request.
  Time since last request: 0.000016 seconds.
  path: Assets/Scripts/MainMenu.cs
  artifactKey: Guid(bec661b304bf33645abee6d5b105ce53) Importer(815301076,1909f56bfc062723c751e8b465ee728b)
Start importing Assets/Scripts/MainMenu.cs using Guid(bec661b304bf33645abee6d5b105ce53) Importer(815301076,1909f56bfc062723c751e8b465ee728b) (PreviewImporter) -> (artifact id: '00000000000000000000000000000000') in 0.0007631 seconds
Import Error Code:(4)
Message: Build asset version error: assets/scripts/mainmenu.cs in SourceAssetDB has modification time of '2025-04-30T19:29:19.2731904Z' while content on disk has modification time of '2025-04-30T19:29:20.0365723Z'
  ERROR: Build asset version error: assets/scripts/mainmenu.cs in SourceAssetDB has modification time of '2025-04-30T19:29:19.2731904Z' while content on disk has modification time of '2025-04-30T19:29:20.0365723Z'
Number of updated asset objects reloaded before import = 0Number of asset objects unloaded after import = 0

========================================================================
Received Import Request.
  Time since last request: 0.000016 seconds.
  path: Assets/Scripts/MainMenu.cs
  artifactKey: Guid(bec661b304bf33645abee6d5b105ce53) Importer(815301076,1909f56bfc062723c751e8b465ee728b)
Start importing Assets/Scripts/MainMenu.cs using Guid(bec661b304bf33645abee6d5b105ce53) Importer(815301076,1909f56bfc062723c751e8b465ee728b) (PreviewImporter) -> (artifact id: '00000000000000000000000000000000') in 0.0005388 seconds
Import Error Code:(4)
Message: Build asset version error: assets/scripts/mainmenu.cs in SourceAssetDB has modification time of '2025-04-30T19:29:19.2731904Z' while content on disk has modification time of '2025-04-30T19:29:20.0365723Z'
  ERROR: Build asset version error: assets/scripts/mainmenu.cs in SourceAssetDB has modification time of '2025-04-30T19:29:19.2731904Z' while content on disk has modification time of '2025-04-30T19:29:20.0365723Z'
Number of updated asset objects reloaded before import = 0Number of asset objects unloaded after import = 0

========================================================================
Received Import Request.
  Time since last request: 0.000016 seconds.
  path: Assets/Scripts/MainMenu.cs
  artifactKey: Guid(bec661b304bf33645abee6d5b105ce53) Importer(815301076,1909f56bfc062723c751e8b465ee728b)
Start importing Assets/Scripts/MainMenu.cs using Guid(bec661b304bf33645abee6d5b105ce53) Importer(815301076,1909f56bfc062723c751e8b465ee728b) (PreviewImporter) -> (artifact id: '00000000000000000000000000000000') in 0.0005267 seconds
Import Error Code:(4)
Message: Build asset version error: assets/scripts/mainmenu.cs in SourceAssetDB has modification time of '2025-04-30T19:29:19.2731904Z' while content on disk has modification time of '2025-04-30T19:29:20.0365723Z'
  ERROR: Build asset version error: assets/scripts/mainmenu.cs in SourceAssetDB has modification time of '2025-04-30T19:29:19.2731904Z' while content on disk has modification time of '2025-04-30T19:29:20.0365723Z'
Number of updated asset objects reloaded before import = 0Number of asset objects unloaded after import = 0

========================================================================
Received Import Request.
  Time since last request: 0.000016 seconds.
  path: Assets/Scripts/MainMenu.cs
  artifactKey: Guid(bec661b304bf33645abee6d5b105ce53) Importer(815301076,1909f56bfc062723c751e8b465ee728b)
Start importing Assets/Scripts/MainMenu.cs using Guid(bec661b304bf33645abee6d5b105ce53) Importer(815301076,1909f56bfc062723c751e8b465ee728b) (PreviewImporter) -> (artifact id: '00000000000000000000000000000000') in 0.0005163 seconds
Import Error Code:(4)
Message: Build asset version error: assets/scripts/mainmenu.cs in SourceAssetDB has modification time of '2025-04-30T19:29:19.2731904Z' while content on disk has modification time of '2025-04-30T19:29:20.0365723Z'
  ERROR: Build asset version error: assets/scripts/mainmenu.cs in SourceAssetDB has modification time of '2025-04-30T19:29:19.2731904Z' while content on disk has modification time of '2025-04-30T19:29:20.0365723Z'
Number of updated asset objects reloaded before import = 0Number of asset objects unloaded after import = 0

========================================================================
Received Import Request.
  Time since last request: 0.000012 seconds.
  path: Assets/Scripts/MainMenu.cs
  artifactKey: Guid(bec661b304bf33645abee6d5b105ce53) Importer(815301076,1909f56bfc062723c751e8b465ee728b)
Start importing Assets/Scripts/MainMenu.cs using Guid(bec661b304bf33645abee6d5b105ce53) Importer(815301076,1909f56bfc062723c751e8b465ee728b) (PreviewImporter) -> (artifact id: '00000000000000000000000000000000') in 0.0004727 seconds
Import Error Code:(4)
Message: Build asset version error: assets/scripts/mainmenu.cs in SourceAssetDB has modification time of '2025-04-30T19:29:19.2731904Z' while content on disk has modification time of '2025-04-30T19:29:20.0365723Z'
  ERROR: Build asset version error: assets/scripts/mainmenu.cs in SourceAssetDB has modification time of '2025-04-30T19:29:19.2731904Z' while content on disk has modification time of '2025-04-30T19:29:20.0365723Z'
Number of updated asset objects reloaded before import = 0Number of asset objects unloaded after import = 0

========================================================================
Received Import Request.
  Time since last request: 0.000017 seconds.
  path: Assets/Scripts/MainMenu.cs
  artifactKey: Guid(bec661b304bf33645abee6d5b105ce53) Importer(815301076,1909f56bfc062723c751e8b465ee728b)
Start importing Assets/Scripts/MainMenu.cs using Guid(bec661b304bf33645abee6d5b105ce53) Importer(815301076,1909f56bfc062723c751e8b465ee728b) (PreviewImporter) -> (artifact id: '00000000000000000000000000000000') in 0.0005975 seconds
Import Error Code:(4)
Message: Build asset version error: assets/scripts/mainmenu.cs in SourceAssetDB has modification time of '2025-04-30T19:29:19.2731904Z' while content on disk has modification time of '2025-04-30T19:29:20.0365723Z'
  ERROR: Build asset version error: assets/scripts/mainmenu.cs in SourceAssetDB has modification time of '2025-04-30T19:29:19.2731904Z' while content on disk has modification time of '2025-04-30T19:29:20.0365723Z'
Number of updated asset objects reloaded before import = 0Number of asset objects unloaded after import = 0

========================================================================
Received Import Request.
  Time since last request: 0.000013 seconds.
  path: Assets/Scripts/MainMenu.cs
  artifactKey: Guid(bec661b304bf33645abee6d5b105ce53) Importer(815301076,1909f56bfc062723c751e8b465ee728b)
Start importing Assets/Scripts/MainMenu.cs using Guid(bec661b304bf33645abee6d5b105ce53) Importer(815301076,1909f56bfc062723c751e8b465ee728b) (PreviewImporter) -> (artifact id: '00000000000000000000000000000000') in 0.0004204 seconds
Import Error Code:(4)
Message: Build asset version error: assets/scripts/mainmenu.cs in SourceAssetDB has modification time of '2025-04-30T19:29:19.2731904Z' while content on disk has modification time of '2025-04-30T19:29:20.0365723Z'
  ERROR: Build asset version error: assets/scripts/mainmenu.cs in SourceAssetDB has modification time of '2025-04-30T19:29:19.2731904Z' while content on disk has modification time of '2025-04-30T19:29:20.0365723Z'
Number of updated asset objects reloaded before import = 0Number of asset objects unloaded after import = 0

========================================================================
Received Import Request.
  Time since last request: 0.000013 seconds.
  path: Assets/Scripts/MainMenu.cs
  artifactKey: Guid(bec661b304bf33645abee6d5b105ce53) Importer(815301076,1909f56bfc062723c751e8b465ee728b)
Start importing Assets/Scripts/MainMenu.cs using Guid(bec661b304bf33645abee6d5b105ce53) Importer(815301076,1909f56bfc062723c751e8b465ee728b) (PreviewImporter) -> (artifact id: '00000000000000000000000000000000') in 0.0005042 seconds
Import Error Code:(4)
Message: Build asset version error: assets/scripts/mainmenu.cs in SourceAssetDB has modification time of '2025-04-30T19:29:19.2731904Z' while content on disk has modification time of '2025-04-30T19:29:20.0365723Z'
  ERROR: Build asset version error: assets/scripts/mainmenu.cs in SourceAssetDB has modification time of '2025-04-30T19:29:19.2731904Z' while content on disk has modification time of '2025-04-30T19:29:20.0365723Z'
Number of updated asset objects reloaded before import = 0Number of asset objects unloaded after import = 0

========================================================================
Received Import Request.
  Time since last request: 0.000021 seconds.
  path: Assets/Scripts/MainMenu.cs
  artifactKey: Guid(bec661b304bf33645abee6d5b105ce53) Importer(815301076,1909f56bfc062723c751e8b465ee728b)
Start importing Assets/Scripts/MainMenu.cs using Guid(bec661b304bf33645abee6d5b105ce53) Importer(815301076,1909f56bfc062723c751e8b465ee728b) (PreviewImporter) -> (artifact id: '00000000000000000000000000000000') in 0.000571 seconds
Import Error Code:(4)
Message: Build asset version error: assets/scripts/mainmenu.cs in SourceAssetDB has modification time of '2025-04-30T19:29:19.2731904Z' while content on disk has modification time of '2025-04-30T19:29:20.0365723Z'
  ERROR: Build asset version error: assets/scripts/mainmenu.cs in SourceAssetDB has modification time of '2025-04-30T19:29:19.2731904Z' while content on disk has modification time of '2025-04-30T19:29:20.0365723Z'
Number of updated asset objects reloaded before import = 0Number of asset objects unloaded after import = 0

========================================================================
Received Import Request.
  Time since last request: 0.000026 seconds.
  path: Assets/Scripts/MainMenu.cs
  artifactKey: Guid(bec661b304bf33645abee6d5b105ce53) Importer(815301076,1909f56bfc062723c751e8b465ee728b)
Start importing Assets/Scripts/MainMenu.cs using Guid(bec661b304bf33645abee6d5b105ce53) Importer(815301076,1909f56bfc062723c751e8b465ee728b) (PreviewImporter) -> (artifact id: '00000000000000000000000000000000') in 0.0005157 seconds
Import Error Code:(4)
Message: Build asset version error: assets/scripts/mainmenu.cs in SourceAssetDB has modification time of '2025-04-30T19:29:19.2731904Z' while content on disk has modification time of '2025-04-30T19:29:20.0365723Z'
  ERROR: Build asset version error: assets/scripts/mainmenu.cs in SourceAssetDB has modification time of '2025-04-30T19:29:19.2731904Z' while content on disk has modification time of '2025-04-30T19:29:20.0365723Z'
Number of updated asset objects reloaded before import = 0Number of asset objects unloaded after import = 0

========================================================================
Received Import Request.
  Time since last request: 0.000017 seconds.
  path: Assets/Scripts/MainMenu.cs
  artifactKey: Guid(bec661b304bf33645abee6d5b105ce53) Importer(815301076,1909f56bfc062723c751e8b465ee728b)
Start importing Assets/Scripts/MainMenu.cs using Guid(bec661b304bf33645abee6d5b105ce53) Importer(815301076,1909f56bfc062723c751e8b465ee728b) (PreviewImporter) -> (artifact id: '00000000000000000000000000000000') in 0.0007965 seconds
Import Error Code:(4)
Message: Build asset version error: assets/scripts/mainmenu.cs in SourceAssetDB has modification time of '2025-04-30T19:29:19.2731904Z' while content on disk has modification time of '2025-04-30T19:29:20.0365723Z'
  ERROR: Build asset version error: assets/scripts/mainmenu.cs in SourceAssetDB has modification time of '2025-04-30T19:29:19.2731904Z' while content on disk has modification time of '2025-04-30T19:29:20.0365723Z'
Number of updated asset objects reloaded before import = 0Number of asset objects unloaded after import = 0

========================================================================
Received Import Request.
  Time since last request: 0.000017 seconds.
  path: Assets/Scripts/MainMenu.cs
  artifactKey: Guid(bec661b304bf33645abee6d5b105ce53) Importer(815301076,1909f56bfc062723c751e8b465ee728b)
Start importing Assets/Scripts/MainMenu.cs using Guid(bec661b304bf33645abee6d5b105ce53) Importer(815301076,1909f56bfc062723c751e8b465ee728b) (PreviewImporter) -> (artifact id: '00000000000000000000000000000000') in 0.0005457 seconds
Import Error Code:(4)
Message: Build asset version error: assets/scripts/mainmenu.cs in SourceAssetDB has modification time of '2025-04-30T19:29:19.2731904Z' while content on disk has modification time of '2025-04-30T19:29:20.0365723Z'
  ERROR: Build asset version error: assets/scripts/mainmenu.cs in SourceAssetDB has modification time of '2025-04-30T19:29:19.2731904Z' while content on disk has modification time of '2025-04-30T19:29:20.0365723Z'
Number of updated asset objects reloaded before import = 0Number of asset objects unloaded after import = 0

========================================================================
Received Import Request.
  Time since last request: 0.000019 seconds.
  path: Assets/Scripts/MainMenu.cs
  artifactKey: Guid(bec661b304bf33645abee6d5b105ce53) Importer(815301076,1909f56bfc062723c751e8b465ee728b)
Start importing Assets/Scripts/MainMenu.cs using Guid(bec661b304bf33645abee6d5b105ce53) Importer(815301076,1909f56bfc062723c751e8b465ee728b) (PreviewImporter) -> (artifact id: '00000000000000000000000000000000') in 0.0004505 seconds
Import Error Code:(4)
Message: Build asset version error: assets/scripts/mainmenu.cs in SourceAssetDB has modification time of '2025-04-30T19:29:19.2731904Z' while content on disk has modification time of '2025-04-30T19:29:20.0365723Z'
  ERROR: Build asset version error: assets/scripts/mainmenu.cs in SourceAssetDB has modification time of '2025-04-30T19:29:19.2731904Z' while content on disk has modification time of '2025-04-30T19:29:20.0365723Z'
Number of updated asset objects reloaded before import = 0Number of asset objects unloaded after import = 0

========================================================================
Received Import Request.
  Time since last request: 0.000013 seconds.
  path: Assets/Scripts/MainMenu.cs
  artifactKey: Guid(bec661b304bf33645abee6d5b105ce53) Importer(815301076,1909f56bfc062723c751e8b465ee728b)
Start importing Assets/Scripts/MainMenu.cs using Guid(bec661b304bf33645abee6d5b105ce53) Importer(815301076,1909f56bfc062723c751e8b465ee728b) (PreviewImporter) -> (artifact id: '00000000000000000000000000000000') in 0.0004363 seconds
Import Error Code:(4)
Message: Build asset version error: assets/scripts/mainmenu.cs in SourceAssetDB has modification time of '2025-04-30T19:29:19.2731904Z' while content on disk has modification time of '2025-04-30T19:29:20.0365723Z'
  ERROR: Build asset version error: assets/scripts/mainmenu.cs in SourceAssetDB has modification time of '2025-04-30T19:29:19.2731904Z' while content on disk has modification time of '2025-04-30T19:29:20.0365723Z'
Number of updated asset objects reloaded before import = 0Number of asset objects unloaded after import = 0

========================================================================
Received Import Request.
  Time since last request: 0.000013 seconds.
  path: Assets/Scripts/MainMenu.cs
  artifactKey: Guid(bec661b304bf33645abee6d5b105ce53) Importer(815301076,1909f56bfc062723c751e8b465ee728b)
Start importing Assets/Scripts/MainMenu.cs using Guid(bec661b304bf33645abee6d5b105ce53) Importer(815301076,1909f56bfc062723c751e8b465ee728b) (PreviewImporter) -> (artifact id: '00000000000000000000000000000000') in 0.0005201 seconds
Import Error Code:(4)
Message: Build asset version error: assets/scripts/mainmenu.cs in SourceAssetDB has modification time of '2025-04-30T19:29:19.2731904Z' while content on disk has modification time of '2025-04-30T19:29:20.0365723Z'
  ERROR: Build asset version error: assets/scripts/mainmenu.cs in SourceAssetDB has modification time of '2025-04-30T19:29:19.2731904Z' while content on disk has modification time of '2025-04-30T19:29:20.0365723Z'
Number of updated asset objects reloaded before import = 0Number of asset objects unloaded after import = 0

========================================================================
Received Import Request.
  Time since last request: 0.000021 seconds.
  path: Assets/Scripts/MainMenu.cs
  artifactKey: Guid(bec661b304bf33645abee6d5b105ce53) Importer(815301076,1909f56bfc062723c751e8b465ee728b)
Start importing Assets/Scripts/MainMenu.cs using Guid(bec661b304bf33645abee6d5b105ce53) Importer(815301076,1909f56bfc062723c751e8b465ee728b) (PreviewImporter) -> (artifact id: '00000000000000000000000000000000') in 0.0004264 seconds
Import Error Code:(4)
Message: Build asset version error: assets/scripts/mainmenu.cs in SourceAssetDB has modification time of '2025-04-30T19:29:19.2731904Z' while content on disk has modification time of '2025-04-30T19:29:20.0365723Z'
  ERROR: Build asset version error: assets/scripts/mainmenu.cs in SourceAssetDB has modification time of '2025-04-30T19:29:19.2731904Z' while content on disk has modification time of '2025-04-30T19:29:20.0365723Z'
Number of updated asset objects reloaded before import = 0Number of asset objects unloaded after import = 0

========================================================================
Received Import Request.
  Time since last request: 0.000016 seconds.
  path: Assets/Scripts/MainMenu.cs
  artifactKey: Guid(bec661b304bf33645abee6d5b105ce53) Importer(815301076,1909f56bfc062723c751e8b465ee728b)
Start importing Assets/Scripts/MainMenu.cs using Guid(bec661b304bf33645abee6d5b105ce53) Importer(815301076,1909f56bfc062723c751e8b465ee728b) (PreviewImporter) -> (artifact id: '00000000000000000000000000000000') in 0.0004951 seconds
Import Error Code:(4)
Message: Build asset version error: assets/scripts/mainmenu.cs in SourceAssetDB has modification time of '2025-04-30T19:29:19.2731904Z' while content on disk has modification time of '2025-04-30T19:29:20.0365723Z'
  ERROR: Build asset version error: assets/scripts/mainmenu.cs in SourceAssetDB has modification time of '2025-04-30T19:29:19.2731904Z' while content on disk has modification time of '2025-04-30T19:29:20.0365723Z'
Number of updated asset objects reloaded before import = 0Number of asset objects unloaded after import = 0

========================================================================
Received Import Request.
  Time since last request: 0.000016 seconds.
  path: Assets/Scripts/MainMenu.cs
  artifactKey: Guid(bec661b304bf33645abee6d5b105ce53) Importer(815301076,1909f56bfc062723c751e8b465ee728b)
Start importing Assets/Scripts/MainMenu.cs using Guid(bec661b304bf33645abee6d5b105ce53) Importer(815301076,1909f56bfc062723c751e8b465ee728b) (PreviewImporter) -> (artifact id: '00000000000000000000000000000000') in 0.0005295 seconds
Import Error Code:(4)
Message: Build asset version error: assets/scripts/mainmenu.cs in SourceAssetDB has modification time of '2025-04-30T19:29:19.2731904Z' while content on disk has modification time of '2025-04-30T19:29:20.0365723Z'
  ERROR: Build asset version error: assets/scripts/mainmenu.cs in SourceAssetDB has modification time of '2025-04-30T19:29:19.2731904Z' while content on disk has modification time of '2025-04-30T19:29:20.0365723Z'
Number of updated asset objects reloaded before import = 0Number of asset objects unloaded after import = 0

========================================================================
Received Import Request.
  Time since last request: 0.000018 seconds.
  path: Assets/Scripts/MainMenu.cs
  artifactKey: Guid(bec661b304bf33645abee6d5b105ce53) Importer(815301076,1909f56bfc062723c751e8b465ee728b)
Start importing Assets/Scripts/MainMenu.cs using Guid(bec661b304bf33645abee6d5b105ce53) Importer(815301076,1909f56bfc062723c751e8b465ee728b) (PreviewImporter) -> (artifact id: '00000000000000000000000000000000') in 0.0005513 seconds
Import Error Code:(4)
Message: Build asset version error: assets/scripts/mainmenu.cs in SourceAssetDB has modification time of '2025-04-30T19:29:19.2731904Z' while content on disk has modification time of '2025-04-30T19:29:20.0365723Z'
  ERROR: Build asset version error: assets/scripts/mainmenu.cs in SourceAssetDB has modification time of '2025-04-30T19:29:19.2731904Z' while content on disk has modification time of '2025-04-30T19:29:20.0365723Z'
Number of updated asset objects reloaded before import = 0Number of asset objects unloaded after import = 0

========================================================================
Received Import Request.
  Time since last request: 0.000028 seconds.
  path: Assets/Scripts/MainMenu.cs
  artifactKey: Guid(bec661b304bf33645abee6d5b105ce53) Importer(815301076,1909f56bfc062723c751e8b465ee728b)
Start importing Assets/Scripts/MainMenu.cs using Guid(bec661b304bf33645abee6d5b105ce53) Importer(815301076,1909f56bfc062723c751e8b465ee728b) (PreviewImporter) -> (artifact id: '00000000000000000000000000000000') in 0.000482 seconds
Import Error Code:(4)
Message: Build asset version error: assets/scripts/mainmenu.cs in SourceAssetDB has modification time of '2025-04-30T19:29:19.2731904Z' while content on disk has modification time of '2025-04-30T19:29:20.0365723Z'
  ERROR: Build asset version error: assets/scripts/mainmenu.cs in SourceAssetDB has modification time of '2025-04-30T19:29:19.2731904Z' while content on disk has modification time of '2025-04-30T19:29:20.0365723Z'
Number of updated asset objects reloaded before import = 0Number of asset objects unloaded after import = 0

========================================================================
Received Import Request.
  Time since last request: 0.000021 seconds.
  path: Assets/Scripts/MainMenu.cs
  artifactKey: Guid(bec661b304bf33645abee6d5b105ce53) Importer(815301076,1909f56bfc062723c751e8b465ee728b)
Start importing Assets/Scripts/MainMenu.cs using Guid(bec661b304bf33645abee6d5b105ce53) Importer(815301076,1909f56bfc062723c751e8b465ee728b) (PreviewImporter) -> (artifact id: '00000000000000000000000000000000') in 0.0005474 seconds
Import Error Code:(4)
Message: Build asset version error: assets/scripts/mainmenu.cs in SourceAssetDB has modification time of '2025-04-30T19:29:19.2731904Z' while content on disk has modification time of '2025-04-30T19:29:20.0365723Z'
  ERROR: Build asset version error: assets/scripts/mainmenu.cs in SourceAssetDB has modification time of '2025-04-30T19:29:19.2731904Z' while content on disk has modification time of '2025-04-30T19:29:20.0365723Z'
Number of updated asset objects reloaded before import = 0Number of asset objects unloaded after import = 0

========================================================================
Received Import Request.
  Time since last request: 0.000016 seconds.
  path: Assets/Scripts/MainMenu.cs
  artifactKey: Guid(bec661b304bf33645abee6d5b105ce53) Importer(815301076,1909f56bfc062723c751e8b465ee728b)
Start importing Assets/Scripts/MainMenu.cs using Guid(bec661b304bf33645abee6d5b105ce53) Importer(815301076,1909f56bfc062723c751e8b465ee728b) (PreviewImporter) -> (artifact id: '00000000000000000000000000000000') in 0.0005099 seconds
Import Error Code:(4)
Message: Build asset version error: assets/scripts/mainmenu.cs in SourceAssetDB has modification time of '2025-04-30T19:29:19.2731904Z' while content on disk has modification time of '2025-04-30T19:29:20.0365723Z'
  ERROR: Build asset version error: assets/scripts/mainmenu.cs in SourceAssetDB has modification time of '2025-04-30T19:29:19.2731904Z' while content on disk has modification time of '2025-04-30T19:29:20.0365723Z'
Number of updated asset objects reloaded before import = 0Number of asset objects unloaded after import = 0

========================================================================
Received Import Request.
  Time since last request: 0.000016 seconds.
  path: Assets/Scripts/MainMenu.cs
  artifactKey: Guid(bec661b304bf33645abee6d5b105ce53) Importer(815301076,1909f56bfc062723c751e8b465ee728b)
Start importing Assets/Scripts/MainMenu.cs using Guid(bec661b304bf33645abee6d5b105ce53) Importer(815301076,1909f56bfc062723c751e8b465ee728b) (PreviewImporter) -> (artifact id: '00000000000000000000000000000000') in 0.0005053 seconds
Import Error Code:(4)
Message: Build asset version error: assets/scripts/mainmenu.cs in SourceAssetDB has modification time of '2025-04-30T19:29:19.2731904Z' while content on disk has modification time of '2025-04-30T19:29:20.0365723Z'
  ERROR: Build asset version error: assets/scripts/mainmenu.cs in SourceAssetDB has modification time of '2025-04-30T19:29:19.2731904Z' while content on disk has modification time of '2025-04-30T19:29:20.0365723Z'
Number of updated asset objects reloaded before import = 0Number of asset objects unloaded after import = 0

========================================================================
Received Import Request.
  Time since last request: 0.000016 seconds.
  path: Assets/Scripts/MainMenu.cs
  artifactKey: Guid(bec661b304bf33645abee6d5b105ce53) Importer(815301076,1909f56bfc062723c751e8b465ee728b)
Start importing Assets/Scripts/MainMenu.cs using Guid(bec661b304bf33645abee6d5b105ce53) Importer(815301076,1909f56bfc062723c751e8b465ee728b) (PreviewImporter) -> (artifact id: '00000000000000000000000000000000') in 0.000634 seconds
Import Error Code:(4)
Message: Build asset version error: assets/scripts/mainmenu.cs in SourceAssetDB has modification time of '2025-04-30T19:29:19.2731904Z' while content on disk has modification time of '2025-04-30T19:29:20.0365723Z'
  ERROR: Build asset version error: assets/scripts/mainmenu.cs in SourceAssetDB has modification time of '2025-04-30T19:29:19.2731904Z' while content on disk has modification time of '2025-04-30T19:29:20.0365723Z'
Number of updated asset objects reloaded before import = 0Number of asset objects unloaded after import = 0

========================================================================
Received Import Request.
  Time since last request: 0.000016 seconds.
  path: Assets/Scripts/MainMenu.cs
  artifactKey: Guid(bec661b304bf33645abee6d5b105ce53) Importer(815301076,1909f56bfc062723c751e8b465ee728b)
Start importing Assets/Scripts/MainMenu.cs using Guid(bec661b304bf33645abee6d5b105ce53) Importer(815301076,1909f56bfc062723c751e8b465ee728b) (PreviewImporter) -> (artifact id: '00000000000000000000000000000000') in 0.00078 seconds
Import Error Code:(4)
Message: Build asset version error: assets/scripts/mainmenu.cs in SourceAssetDB has modification time of '2025-04-30T19:29:19.2731904Z' while content on disk has modification time of '2025-04-30T19:29:20.0365723Z'
  ERROR: Build asset version error: assets/scripts/mainmenu.cs in SourceAssetDB has modification time of '2025-04-30T19:29:19.2731904Z' while content on disk has modification time of '2025-04-30T19:29:20.0365723Z'
Number of updated asset objects reloaded before import = 0Number of asset objects unloaded after import = 0

========================================================================
Received Import Request.
  Time since last request: 0.000016 seconds.
  path: Assets/Scripts/MainMenu.cs
  artifactKey: Guid(bec661b304bf33645abee6d5b105ce53) Importer(815301076,1909f56bfc062723c751e8b465ee728b)
Start importing Assets/Scripts/MainMenu.cs using Guid(bec661b304bf33645abee6d5b105ce53) Importer(815301076,1909f56bfc062723c751e8b465ee728b) (PreviewImporter) -> (artifact id: '00000000000000000000000000000000') in 0.0007919 seconds
Import Error Code:(4)
Message: Build asset version error: assets/scripts/mainmenu.cs in SourceAssetDB has modification time of '2025-04-30T19:29:19.2731904Z' while content on disk has modification time of '2025-04-30T19:29:20.0365723Z'
  ERROR: Build asset version error: assets/scripts/mainmenu.cs in SourceAssetDB has modification time of '2025-04-30T19:29:19.2731904Z' while content on disk has modification time of '2025-04-30T19:29:20.0365723Z'
Number of updated asset objects reloaded before import = 0Number of asset objects unloaded after import = 0

========================================================================
Received Import Request.
  Time since last request: 0.000013 seconds.
  path: Assets/Scripts/MainMenu.cs
  artifactKey: Guid(bec661b304bf33645abee6d5b105ce53) Importer(815301076,1909f56bfc062723c751e8b465ee728b)
Start importing Assets/Scripts/MainMenu.cs using Guid(bec661b304bf33645abee6d5b105ce53) Importer(815301076,1909f56bfc062723c751e8b465ee728b) (PreviewImporter) -> (artifact id: '00000000000000000000000000000000') in 0.0004415 seconds
Import Error Code:(4)
Message: Build asset version error: assets/scripts/mainmenu.cs in SourceAssetDB has modification time of '2025-04-30T19:29:19.2731904Z' while content on disk has modification time of '2025-04-30T19:29:20.0365723Z'
  ERROR: Build asset version error: assets/scripts/mainmenu.cs in SourceAssetDB has modification time of '2025-04-30T19:29:19.2731904Z' while content on disk has modification time of '2025-04-30T19:29:20.0365723Z'
Number of updated asset objects reloaded before import = 0Number of asset objects unloaded after import = 0

========================================================================
Received Import Request.
  Time since last request: 0.000013 seconds.
  path: Assets/Scripts/MainMenu.cs
  artifactKey: Guid(bec661b304bf33645abee6d5b105ce53) Importer(815301076,1909f56bfc062723c751e8b465ee728b)
Start importing Assets/Scripts/MainMenu.cs using Guid(bec661b304bf33645abee6d5b105ce53) Importer(815301076,1909f56bfc062723c751e8b465ee728b) (PreviewImporter) -> (artifact id: '00000000000000000000000000000000') in 0.0005508 seconds
Import Error Code:(4)
Message: Build asset version error: assets/scripts/mainmenu.cs in SourceAssetDB has modification time of '2025-04-30T19:29:19.2731904Z' while content on disk has modification time of '2025-04-30T19:29:20.0365723Z'
  ERROR: Build asset version error: assets/scripts/mainmenu.cs in SourceAssetDB has modification time of '2025-04-30T19:29:19.2731904Z' while content on disk has modification time of '2025-04-30T19:29:20.0365723Z'
Number of updated asset objects reloaded before import = 0Number of asset objects unloaded after import = 0

========================================================================
Received Import Request.
  Time since last request: 0.000028 seconds.
  path: Assets/Scripts/MainMenu.cs
  artifactKey: Guid(bec661b304bf33645abee6d5b105ce53) Importer(815301076,1909f56bfc062723c751e8b465ee728b)
Start importing Assets/Scripts/MainMenu.cs using Guid(bec661b304bf33645abee6d5b105ce53) Importer(815301076,1909f56bfc062723c751e8b465ee728b) (PreviewImporter) -> (artifact id: '00000000000000000000000000000000') in 0.0005102 seconds
Import Error Code:(4)
Message: Build asset version error: assets/scripts/mainmenu.cs in SourceAssetDB has modification time of '2025-04-30T19:29:19.2731904Z' while content on disk has modification time of '2025-04-30T19:29:20.0365723Z'
  ERROR: Build asset version error: assets/scripts/mainmenu.cs in SourceAssetDB has modification time of '2025-04-30T19:29:19.2731904Z' while content on disk has modification time of '2025-04-30T19:29:20.0365723Z'
Number of updated asset objects reloaded before import = 0Number of asset objects unloaded after import = 0

========================================================================
Received Import Request.
  Time since last request: 0.000017 seconds.
  path: Assets/Scripts/MainMenu.cs
  artifactKey: Guid(bec661b304bf33645abee6d5b105ce53) Importer(815301076,1909f56bfc062723c751e8b465ee728b)
Start importing Assets/Scripts/MainMenu.cs using Guid(bec661b304bf33645abee6d5b105ce53) Importer(815301076,1909f56bfc062723c751e8b465ee728b) (PreviewImporter) -> (artifact id: '00000000000000000000000000000000') in 0.0005125 seconds
Import Error Code:(4)
Message: Build asset version error: assets/scripts/mainmenu.cs in SourceAssetDB has modification time of '2025-04-30T19:29:19.2731904Z' while content on disk has modification time of '2025-04-30T19:29:20.0365723Z'
  ERROR: Build asset version error: assets/scripts/mainmenu.cs in SourceAssetDB has modification time of '2025-04-30T19:29:19.2731904Z' while content on disk has modification time of '2025-04-30T19:29:20.0365723Z'
Number of updated asset objects reloaded before import = 0Number of asset objects unloaded after import = 0

========================================================================
Received Import Request.
  Time since last request: 0.000015 seconds.
  path: Assets/Scripts/MainMenu.cs
  artifactKey: Guid(bec661b304bf33645abee6d5b105ce53) Importer(815301076,1909f56bfc062723c751e8b465ee728b)
Start importing Assets/Scripts/MainMenu.cs using Guid(bec661b304bf33645abee6d5b105ce53) Importer(815301076,1909f56bfc062723c751e8b465ee728b) (PreviewImporter) -> (artifact id: '00000000000000000000000000000000') in 0.0005965 seconds
Import Error Code:(4)
Message: Build asset version error: assets/scripts/mainmenu.cs in SourceAssetDB has modification time of '2025-04-30T19:29:19.2731904Z' while content on disk has modification time of '2025-04-30T19:29:20.0365723Z'
  ERROR: Build asset version error: assets/scripts/mainmenu.cs in SourceAssetDB has modification time of '2025-04-30T19:29:19.2731904Z' while content on disk has modification time of '2025-04-30T19:29:20.0365723Z'
Number of updated asset objects reloaded before import = 0Number of asset objects unloaded after import = 0

========================================================================
Received Import Request.
  Time since last request: 0.000013 seconds.
  path: Assets/Scripts/MainMenu.cs
  artifactKey: Guid(bec661b304bf33645abee6d5b105ce53) Importer(815301076,1909f56bfc062723c751e8b465ee728b)
Start importing Assets/Scripts/MainMenu.cs using Guid(bec661b304bf33645abee6d5b105ce53) Importer(815301076,1909f56bfc062723c751e8b465ee728b) (PreviewImporter) -> (artifact id: '00000000000000000000000000000000') in 0.0004413 seconds
Import Error Code:(4)
Message: Build asset version error: assets/scripts/mainmenu.cs in SourceAssetDB has modification time of '2025-04-30T19:29:19.2731904Z' while content on disk has modification time of '2025-04-30T19:29:20.0365723Z'
  ERROR: Build asset version error: assets/scripts/mainmenu.cs in SourceAssetDB has modification time of '2025-04-30T19:29:19.2731904Z' while content on disk has modification time of '2025-04-30T19:29:20.0365723Z'
Number of updated asset objects reloaded before import = 0Number of asset objects unloaded after import = 0

========================================================================
Received Import Request.
  Time since last request: 0.000013 seconds.
  path: Assets/Scripts/MainMenu.cs
  artifactKey: Guid(bec661b304bf33645abee6d5b105ce53) Importer(815301076,1909f56bfc062723c751e8b465ee728b)
Start importing Assets/Scripts/MainMenu.cs using Guid(bec661b304bf33645abee6d5b105ce53) Importer(815301076,1909f56bfc062723c751e8b465ee728b) (PreviewImporter) -> (artifact id: '00000000000000000000000000000000') in 0.0005967 seconds
Import Error Code:(4)
Message: Build asset version error: assets/scripts/mainmenu.cs in SourceAssetDB has modification time of '2025-04-30T19:29:19.2731904Z' while content on disk has modification time of '2025-04-30T19:29:20.0365723Z'
  ERROR: Build asset version error: assets/scripts/mainmenu.cs in SourceAssetDB has modification time of '2025-04-30T19:29:19.2731904Z' while content on disk has modification time of '2025-04-30T19:29:20.0365723Z'
Number of updated asset objects reloaded before import = 0Number of asset objects unloaded after import = 0

========================================================================
Received Import Request.
  Time since last request: 0.000013 seconds.
  path: Assets/Scripts/MainMenu.cs
  artifactKey: Guid(bec661b304bf33645abee6d5b105ce53) Importer(815301076,1909f56bfc062723c751e8b465ee728b)
Start importing Assets/Scripts/MainMenu.cs using Guid(bec661b304bf33645abee6d5b105ce53) Importer(815301076,1909f56bfc062723c751e8b465ee728b) (PreviewImporter) -> (artifact id: '00000000000000000000000000000000') in 0.0004733 seconds
Import Error Code:(4)
Message: Build asset version error: assets/scripts/mainmenu.cs in SourceAssetDB has modification time of '2025-04-30T19:29:19.2731904Z' while content on disk has modification time of '2025-04-30T19:29:20.0365723Z'
  ERROR: Build asset version error: assets/scripts/mainmenu.cs in SourceAssetDB has modification time of '2025-04-30T19:29:19.2731904Z' while content on disk has modification time of '2025-04-30T19:29:20.0365723Z'
Number of updated asset objects reloaded before import = 0Number of asset objects unloaded after import = 0

========================================================================
Received Import Request.
  Time since last request: 0.000017 seconds.
  path: Assets/Scripts/MainMenu.cs
  artifactKey: Guid(bec661b304bf33645abee6d5b105ce53) Importer(815301076,1909f56bfc062723c751e8b465ee728b)
Start importing Assets/Scripts/MainMenu.cs using Guid(bec661b304bf33645abee6d5b105ce53) Importer(815301076,1909f56bfc062723c751e8b465ee728b) (PreviewImporter) -> (artifact id: '00000000000000000000000000000000') in 0.0004493 seconds
Import Error Code:(4)
Message: Build asset version error: assets/scripts/mainmenu.cs in SourceAssetDB has modification time of '2025-04-30T19:29:19.2731904Z' while content on disk has modification time of '2025-04-30T19:29:20.0365723Z'
  ERROR: Build asset version error: assets/scripts/mainmenu.cs in SourceAssetDB has modification time of '2025-04-30T19:29:19.2731904Z' while content on disk has modification time of '2025-04-30T19:29:20.0365723Z'
Number of updated asset objects reloaded before import = 0Number of asset objects unloaded after import = 0

========================================================================
Received Import Request.
  Time since last request: 0.000017 seconds.
  path: Assets/Scripts/MainMenu.cs
  artifactKey: Guid(bec661b304bf33645abee6d5b105ce53) Importer(815301076,1909f56bfc062723c751e8b465ee728b)
Start importing Assets/Scripts/MainMenu.cs using Guid(bec661b304bf33645abee6d5b105ce53) Importer(815301076,1909f56bfc062723c751e8b465ee728b) (PreviewImporter) -> (artifact id: '00000000000000000000000000000000') in 0.0005431 seconds
Import Error Code:(4)
Message: Build asset version error: assets/scripts/mainmenu.cs in SourceAssetDB has modification time of '2025-04-30T19:29:19.2731904Z' while content on disk has modification time of '2025-04-30T19:29:20.0365723Z'
  ERROR: Build asset version error: assets/scripts/mainmenu.cs in SourceAssetDB has modification time of '2025-04-30T19:29:19.2731904Z' while content on disk has modification time of '2025-04-30T19:29:20.0365723Z'
Number of updated asset objects reloaded before import = 0Number of asset objects unloaded after import = 0

========================================================================
Received Import Request.
  Time since last request: 0.000013 seconds.
  path: Assets/Scripts/MainMenu.cs
  artifactKey: Guid(bec661b304bf33645abee6d5b105ce53) Importer(815301076,1909f56bfc062723c751e8b465ee728b)
Start importing Assets/Scripts/MainMenu.cs using Guid(bec661b304bf33645abee6d5b105ce53) Importer(815301076,1909f56bfc062723c751e8b465ee728b) (PreviewImporter) -> (artifact id: '00000000000000000000000000000000') in 0.0005242 seconds
Import Error Code:(4)
Message: Build asset version error: assets/scripts/mainmenu.cs in SourceAssetDB has modification time of '2025-04-30T19:29:19.2731904Z' while content on disk has modification time of '2025-04-30T19:29:20.0365723Z'
  ERROR: Build asset version error: assets/scripts/mainmenu.cs in SourceAssetDB has modification time of '2025-04-30T19:29:19.2731904Z' while content on disk has modification time of '2025-04-30T19:29:20.0365723Z'
Number of updated asset objects reloaded before import = 0Number of asset objects unloaded after import = 0

========================================================================
Received Import Request.
  Time since last request: 0.000020 seconds.
  path: Assets/Scripts/MainMenu.cs
  artifactKey: Guid(bec661b304bf33645abee6d5b105ce53) Importer(815301076,1909f56bfc062723c751e8b465ee728b)
Start importing Assets/Scripts/MainMenu.cs using Guid(bec661b304bf33645abee6d5b105ce53) Importer(815301076,1909f56bfc062723c751e8b465ee728b) (PreviewImporter) -> (artifact id: '00000000000000000000000000000000') in 0.0005693 seconds
Import Error Code:(4)
Message: Build asset version error: assets/scripts/mainmenu.cs in SourceAssetDB has modification time of '2025-04-30T19:29:19.2731904Z' while content on disk has modification time of '2025-04-30T19:29:20.0365723Z'
  ERROR: Build asset version error: assets/scripts/mainmenu.cs in SourceAssetDB has modification time of '2025-04-30T19:29:19.2731904Z' while content on disk has modification time of '2025-04-30T19:29:20.0365723Z'
Number of updated asset objects reloaded before import = 0Number of asset objects unloaded after import = 0

========================================================================
Received Import Request.
  Time since last request: 0.000029 seconds.
  path: Assets/Scripts/MainMenu.cs
  artifactKey: Guid(bec661b304bf33645abee6d5b105ce53) Importer(815301076,1909f56bfc062723c751e8b465ee728b)
Start importing Assets/Scripts/MainMenu.cs using Guid(bec661b304bf33645abee6d5b105ce53) Importer(815301076,1909f56bfc062723c751e8b465ee728b) (PreviewImporter) -> (artifact id: '00000000000000000000000000000000') in 0.0005365 seconds
Import Error Code:(4)
Message: Build asset version error: assets/scripts/mainmenu.cs in SourceAssetDB has modification time of '2025-04-30T19:29:19.2731904Z' while content on disk has modification time of '2025-04-30T19:29:20.0365723Z'
  ERROR: Build asset version error: assets/scripts/mainmenu.cs in SourceAssetDB has modification time of '2025-04-30T19:29:19.2731904Z' while content on disk has modification time of '2025-04-30T19:29:20.0365723Z'
Number of updated asset objects reloaded before import = 0Number of asset objects unloaded after import = 0

========================================================================
Received Import Request.
  Time since last request: 0.000017 seconds.
  path: Assets/Scripts/MainMenu.cs
  artifactKey: Guid(bec661b304bf33645abee6d5b105ce53) Importer(815301076,1909f56bfc062723c751e8b465ee728b)
Start importing Assets/Scripts/MainMenu.cs using Guid(bec661b304bf33645abee6d5b105ce53) Importer(815301076,1909f56bfc062723c751e8b465ee728b) (PreviewImporter) -> (artifact id: '00000000000000000000000000000000') in 0.0005351 seconds
Import Error Code:(4)
Message: Build asset version error: assets/scripts/mainmenu.cs in SourceAssetDB has modification time of '2025-04-30T19:29:19.2731904Z' while content on disk has modification time of '2025-04-30T19:29:20.0365723Z'
  ERROR: Build asset version error: assets/scripts/mainmenu.cs in SourceAssetDB has modification time of '2025-04-30T19:29:19.2731904Z' while content on disk has modification time of '2025-04-30T19:29:20.0365723Z'
Number of updated asset objects reloaded before import = 0Number of asset objects unloaded after import = 0

========================================================================
Received Import Request.
  Time since last request: 0.000015 seconds.
  path: Assets/Scripts/MainMenu.cs
  artifactKey: Guid(bec661b304bf33645abee6d5b105ce53) Importer(815301076,1909f56bfc062723c751e8b465ee728b)
Start importing Assets/Scripts/MainMenu.cs using Guid(bec661b304bf33645abee6d5b105ce53) Importer(815301076,1909f56bfc062723c751e8b465ee728b) (PreviewImporter) -> (artifact id: '00000000000000000000000000000000') in 0.0005281 seconds
Import Error Code:(4)
Message: Build asset version error: assets/scripts/mainmenu.cs in SourceAssetDB has modification time of '2025-04-30T19:29:19.2731904Z' while content on disk has modification time of '2025-04-30T19:29:20.0365723Z'
  ERROR: Build asset version error: assets/scripts/mainmenu.cs in SourceAssetDB has modification time of '2025-04-30T19:29:19.2731904Z' while content on disk has modification time of '2025-04-30T19:29:20.0365723Z'
Number of updated asset objects reloaded before import = 0Number of asset objects unloaded after import = 0

========================================================================
Received Import Request.
  Time since last request: 0.000015 seconds.
  path: Assets/Scripts/MainMenu.cs
  artifactKey: Guid(bec661b304bf33645abee6d5b105ce53) Importer(815301076,1909f56bfc062723c751e8b465ee728b)
Start importing Assets/Scripts/MainMenu.cs using Guid(bec661b304bf33645abee6d5b105ce53) Importer(815301076,1909f56bfc062723c751e8b465ee728b) (PreviewImporter) -> (artifact id: '00000000000000000000000000000000') in 0.000533 seconds
Import Error Code:(4)
Message: Build asset version error: assets/scripts/mainmenu.cs in SourceAssetDB has modification time of '2025-04-30T19:29:19.2731904Z' while content on disk has modification time of '2025-04-30T19:29:20.0365723Z'
  ERROR: Build asset version error: assets/scripts/mainmenu.cs in SourceAssetDB has modification time of '2025-04-30T19:29:19.2731904Z' while content on disk has modification time of '2025-04-30T19:29:20.0365723Z'
Number of updated asset objects reloaded before import = 0Number of asset objects unloaded after import = 0

========================================================================
Received Import Request.
  Time since last request: 0.000024 seconds.
  path: Assets/Scripts/MainMenu.cs
  artifactKey: Guid(bec661b304bf33645abee6d5b105ce53) Importer(815301076,1909f56bfc062723c751e8b465ee728b)
Start importing Assets/Scripts/MainMenu.cs using Guid(bec661b304bf33645abee6d5b105ce53) Importer(815301076,1909f56bfc062723c751e8b465ee728b) (PreviewImporter) -> (artifact id: '00000000000000000000000000000000') in 0.0007104 seconds
Import Error Code:(4)
Message: Build asset version error: assets/scripts/mainmenu.cs in SourceAssetDB has modification time of '2025-04-30T19:29:19.2731904Z' while content on disk has modification time of '2025-04-30T19:29:20.0365723Z'
  ERROR: Build asset version error: assets/scripts/mainmenu.cs in SourceAssetDB has modification time of '2025-04-30T19:29:19.2731904Z' while content on disk has modification time of '2025-04-30T19:29:20.0365723Z'
Number of updated asset objects reloaded before import = 0Number of asset objects unloaded after import = 0

========================================================================
Received Import Request.
  Time since last request: 0.000013 seconds.
  path: Assets/Scripts/MainMenu.cs
  artifactKey: Guid(bec661b304bf33645abee6d5b105ce53) Importer(815301076,1909f56bfc062723c751e8b465ee728b)
Start importing Assets/Scripts/MainMenu.cs using Guid(bec661b304bf33645abee6d5b105ce53) Importer(815301076,1909f56bfc062723c751e8b465ee728b) (PreviewImporter) -> (artifact id: '00000000000000000000000000000000') in 0.0004252 seconds
Import Error Code:(4)
Message: Build asset version error: assets/scripts/mainmenu.cs in SourceAssetDB has modification time of '2025-04-30T19:29:19.2731904Z' while content on disk has modification time of '2025-04-30T19:29:20.0365723Z'
  ERROR: Build asset version error: assets/scripts/mainmenu.cs in SourceAssetDB has modification time of '2025-04-30T19:29:19.2731904Z' while content on disk has modification time of '2025-04-30T19:29:20.0365723Z'
Number of updated asset objects reloaded before import = 0Number of asset objects unloaded after import = 0

========================================================================
Received Import Request.
  Time since last request: 0.000013 seconds.
  path: Assets/Scripts/MainMenu.cs
  artifactKey: Guid(bec661b304bf33645abee6d5b105ce53) Importer(815301076,1909f56bfc062723c751e8b465ee728b)
Start importing Assets/Scripts/MainMenu.cs using Guid(bec661b304bf33645abee6d5b105ce53) Importer(815301076,1909f56bfc062723c751e8b465ee728b) (PreviewImporter) -> (artifact id: '00000000000000000000000000000000') in 0.0004427 seconds
Import Error Code:(4)
Message: Build asset version error: assets/scripts/mainmenu.cs in SourceAssetDB has modification time of '2025-04-30T19:29:19.2731904Z' while content on disk has modification time of '2025-04-30T19:29:20.0365723Z'
  ERROR: Build asset version error: assets/scripts/mainmenu.cs in SourceAssetDB has modification time of '2025-04-30T19:29:19.2731904Z' while content on disk has modification time of '2025-04-30T19:29:20.0365723Z'
Number of updated asset objects reloaded before import = 0Number of asset objects unloaded after import = 0

========================================================================
Received Import Request.
  Time since last request: 0.000015 seconds.
  path: Assets/Scripts/MainMenu.cs
  artifactKey: Guid(bec661b304bf33645abee6d5b105ce53) Importer(815301076,1909f56bfc062723c751e8b465ee728b)
Start importing Assets/Scripts/MainMenu.cs using Guid(bec661b304bf33645abee6d5b105ce53) Importer(815301076,1909f56bfc062723c751e8b465ee728b) (PreviewImporter) -> (artifact id: '00000000000000000000000000000000') in 0.0005128 seconds
Import Error Code:(4)
Message: Build asset version error: assets/scripts/mainmenu.cs in SourceAssetDB has modification time of '2025-04-30T19:29:19.2731904Z' while content on disk has modification time of '2025-04-30T19:29:20.0365723Z'
  ERROR: Build asset version error: assets/scripts/mainmenu.cs in SourceAssetDB has modification time of '2025-04-30T19:29:19.2731904Z' while content on disk has modification time of '2025-04-30T19:29:20.0365723Z'
Number of updated asset objects reloaded before import = 0Number of asset objects unloaded after import = 0

========================================================================
Received Import Request.
  Time since last request: 0.000012 seconds.
  path: Assets/Scripts/MainMenu.cs
  artifactKey: Guid(bec661b304bf33645abee6d5b105ce53) Importer(815301076,1909f56bfc062723c751e8b465ee728b)
Start importing Assets/Scripts/MainMenu.cs using Guid(bec661b304bf33645abee6d5b105ce53) Importer(815301076,1909f56bfc062723c751e8b465ee728b) (PreviewImporter) -> (artifact id: '00000000000000000000000000000000') in 0.0004757 seconds
Import Error Code:(4)
Message: Build asset version error: assets/scripts/mainmenu.cs in SourceAssetDB has modification time of '2025-04-30T19:29:19.2731904Z' while content on disk has modification time of '2025-04-30T19:29:20.0365723Z'
  ERROR: Build asset version error: assets/scripts/mainmenu.cs in SourceAssetDB has modification time of '2025-04-30T19:29:19.2731904Z' while content on disk has modification time of '2025-04-30T19:29:20.0365723Z'
Number of updated asset objects reloaded before import = 0Number of asset objects unloaded after import = 0

========================================================================
Received Import Request.
  Time since last request: 0.000017 seconds.
  path: Assets/Scripts/MainMenu.cs
  artifactKey: Guid(bec661b304bf33645abee6d5b105ce53) Importer(815301076,1909f56bfc062723c751e8b465ee728b)
Start importing Assets/Scripts/MainMenu.cs using Guid(bec661b304bf33645abee6d5b105ce53) Importer(815301076,1909f56bfc062723c751e8b465ee728b) (PreviewImporter) -> (artifact id: '00000000000000000000000000000000') in 0.000429 seconds
Import Error Code:(4)
Message: Build asset version error: assets/scripts/mainmenu.cs in SourceAssetDB has modification time of '2025-04-30T19:29:19.2731904Z' while content on disk has modification time of '2025-04-30T19:29:20.0365723Z'
  ERROR: Build asset version error: assets/scripts/mainmenu.cs in SourceAssetDB has modification time of '2025-04-30T19:29:19.2731904Z' while content on disk has modification time of '2025-04-30T19:29:20.0365723Z'
Number of updated asset objects reloaded before import = 0Number of asset objects unloaded after import = 0

========================================================================
Received Import Request.
  Time since last request: 0.000021 seconds.
  path: Assets/Scripts/MainMenu.cs
  artifactKey: Guid(bec661b304bf33645abee6d5b105ce53) Importer(815301076,1909f56bfc062723c751e8b465ee728b)
Start importing Assets/Scripts/MainMenu.cs using Guid(bec661b304bf33645abee6d5b105ce53) Importer(815301076,1909f56bfc062723c751e8b465ee728b) (PreviewImporter) -> (artifact id: '00000000000000000000000000000000') in 0.0004867 seconds
Import Error Code:(4)
Message: Build asset version error: assets/scripts/mainmenu.cs in SourceAssetDB has modification time of '2025-04-30T19:29:19.2731904Z' while content on disk has modification time of '2025-04-30T19:29:20.0365723Z'
  ERROR: Build asset version error: assets/scripts/mainmenu.cs in SourceAssetDB has modification time of '2025-04-30T19:29:19.2731904Z' while content on disk has modification time of '2025-04-30T19:29:20.0365723Z'
Number of updated asset objects reloaded before import = 0Number of asset objects unloaded after import = 0

========================================================================
Received Import Request.
  Time since last request: 0.000015 seconds.
  path: Assets/Scripts/MainMenu.cs
  artifactKey: Guid(bec661b304bf33645abee6d5b105ce53) Importer(815301076,1909f56bfc062723c751e8b465ee728b)
Start importing Assets/Scripts/MainMenu.cs using Guid(bec661b304bf33645abee6d5b105ce53) Importer(815301076,1909f56bfc062723c751e8b465ee728b) (PreviewImporter) -> (artifact id: '00000000000000000000000000000000') in 0.0005199 seconds
Import Error Code:(4)
Message: Build asset version error: assets/scripts/mainmenu.cs in SourceAssetDB has modification time of '2025-04-30T19:29:19.2731904Z' while content on disk has modification time of '2025-04-30T19:29:20.0365723Z'
  ERROR: Build asset version error: assets/scripts/mainmenu.cs in SourceAssetDB has modification time of '2025-04-30T19:29:19.2731904Z' while content on disk has modification time of '2025-04-30T19:29:20.0365723Z'
Number of updated asset objects reloaded before import = 0Number of asset objects unloaded after import = 0

========================================================================
Received Import Request.
  Time since last request: 0.000013 seconds.
  path: Assets/Scripts/MainMenu.cs
  artifactKey: Guid(bec661b304bf33645abee6d5b105ce53) Importer(815301076,1909f56bfc062723c751e8b465ee728b)
Start importing Assets/Scripts/MainMenu.cs using Guid(bec661b304bf33645abee6d5b105ce53) Importer(815301076,1909f56bfc062723c751e8b465ee728b) (PreviewImporter) -> (artifact id: '00000000000000000000000000000000') in 0.0006799 seconds
Import Error Code:(4)
Message: Build asset version error: assets/scripts/mainmenu.cs in SourceAssetDB has modification time of '2025-04-30T19:29:19.2731904Z' while content on disk has modification time of '2025-04-30T19:29:20.0365723Z'
  ERROR: Build asset version error: assets/scripts/mainmenu.cs in SourceAssetDB has modification time of '2025-04-30T19:29:19.2731904Z' while content on disk has modification time of '2025-04-30T19:29:20.0365723Z'
Number of updated asset objects reloaded before import = 0Number of asset objects unloaded after import = 0

========================================================================
Received Import Request.
  Time since last request: 0.000018 seconds.
  path: Assets/Scripts/MainMenu.cs
  artifactKey: Guid(bec661b304bf33645abee6d5b105ce53) Importer(815301076,1909f56bfc062723c751e8b465ee728b)
Start importing Assets/Scripts/MainMenu.cs using Guid(bec661b304bf33645abee6d5b105ce53) Importer(815301076,1909f56bfc062723c751e8b465ee728b) (PreviewImporter) -> (artifact id: '00000000000000000000000000000000') in 0.0006014 seconds
Import Error Code:(4)
Message: Build asset version error: assets/scripts/mainmenu.cs in SourceAssetDB has modification time of '2025-04-30T19:29:19.2731904Z' while content on disk has modification time of '2025-04-30T19:29:20.0365723Z'
  ERROR: Build asset version error: assets/scripts/mainmenu.cs in SourceAssetDB has modification time of '2025-04-30T19:29:19.2731904Z' while content on disk has modification time of '2025-04-30T19:29:20.0365723Z'
Number of updated asset objects reloaded before import = 0Number of asset objects unloaded after import = 0

========================================================================
Received Import Request.
  Time since last request: 0.000020 seconds.
  path: Assets/Scripts/MainMenu.cs
  artifactKey: Guid(bec661b304bf33645abee6d5b105ce53) Importer(815301076,1909f56bfc062723c751e8b465ee728b)
Start importing Assets/Scripts/MainMenu.cs using Guid(bec661b304bf33645abee6d5b105ce53) Importer(815301076,1909f56bfc062723c751e8b465ee728b) (PreviewImporter) -> (artifact id: '00000000000000000000000000000000') in 0.0006101 seconds
Import Error Code:(4)
Message: Build asset version error: assets/scripts/mainmenu.cs in SourceAssetDB has modification time of '2025-04-30T19:29:19.2731904Z' while content on disk has modification time of '2025-04-30T19:29:20.0365723Z'
  ERROR: Build asset version error: assets/scripts/mainmenu.cs in SourceAssetDB has modification time of '2025-04-30T19:29:19.2731904Z' while content on disk has modification time of '2025-04-30T19:29:20.0365723Z'
Number of updated asset objects reloaded before import = 0Number of asset objects unloaded after import = 0

========================================================================
Received Import Request.
  Time since last request: 0.000021 seconds.
  path: Assets/Scripts/MainMenu.cs
  artifactKey: Guid(bec661b304bf33645abee6d5b105ce53) Importer(815301076,1909f56bfc062723c751e8b465ee728b)
Start importing Assets/Scripts/MainMenu.cs using Guid(bec661b304bf33645abee6d5b105ce53) Importer(815301076,1909f56bfc062723c751e8b465ee728b) (PreviewImporter) -> (artifact id: '00000000000000000000000000000000') in 0.0006674 seconds
Import Error Code:(4)
Message: Build asset version error: assets/scripts/mainmenu.cs in SourceAssetDB has modification time of '2025-04-30T19:29:19.2731904Z' while content on disk has modification time of '2025-04-30T19:29:20.0365723Z'
  ERROR: Build asset version error: assets/scripts/mainmenu.cs in SourceAssetDB has modification time of '2025-04-30T19:29:19.2731904Z' while content on disk has modification time of '2025-04-30T19:29:20.0365723Z'
Number of updated asset objects reloaded before import = 0Number of asset objects unloaded after import = 0

========================================================================
Received Import Request.
  Time since last request: 0.000017 seconds.
  path: Assets/Scripts/MainMenu.cs
  artifactKey: Guid(bec661b304bf33645abee6d5b105ce53) Importer(815301076,1909f56bfc062723c751e8b465ee728b)
Start importing Assets/Scripts/MainMenu.cs using Guid(bec661b304bf33645abee6d5b105ce53) Importer(815301076,1909f56bfc062723c751e8b465ee728b) (PreviewImporter) -> (artifact id: '00000000000000000000000000000000') in 0.0006146 seconds
Import Error Code:(4)
Message: Build asset version error: assets/scripts/mainmenu.cs in SourceAssetDB has modification time of '2025-04-30T19:29:19.2731904Z' while content on disk has modification time of '2025-04-30T19:29:20.0365723Z'
  ERROR: Build asset version error: assets/scripts/mainmenu.cs in SourceAssetDB has modification time of '2025-04-30T19:29:19.2731904Z' while content on disk has modification time of '2025-04-30T19:29:20.0365723Z'
Number of updated asset objects reloaded before import = 0Number of asset objects unloaded after import = 0

========================================================================
Received Import Request.
  Time since last request: 0.000020 seconds.
  path: Assets/Scripts/MainMenu.cs
  artifactKey: Guid(bec661b304bf33645abee6d5b105ce53) Importer(815301076,1909f56bfc062723c751e8b465ee728b)
Start importing Assets/Scripts/MainMenu.cs using Guid(bec661b304bf33645abee6d5b105ce53) Importer(815301076,1909f56bfc062723c751e8b465ee728b) (PreviewImporter) -> (artifact id: '00000000000000000000000000000000') in 0.0006262 seconds
Import Error Code:(4)
Message: Build asset version error: assets/scripts/mainmenu.cs in SourceAssetDB has modification time of '2025-04-30T19:29:19.2731904Z' while content on disk has modification time of '2025-04-30T19:29:20.0365723Z'
  ERROR: Build asset version error: assets/scripts/mainmenu.cs in SourceAssetDB has modification time of '2025-04-30T19:29:19.2731904Z' while content on disk has modification time of '2025-04-30T19:29:20.0365723Z'
Number of updated asset objects reloaded before import = 0Number of asset objects unloaded after import = 0

========================================================================
Received Import Request.
  Time since last request: 0.000021 seconds.
  path: Assets/Scripts/MainMenu.cs
  artifactKey: Guid(bec661b304bf33645abee6d5b105ce53) Importer(815301076,1909f56bfc062723c751e8b465ee728b)
Start importing Assets/Scripts/MainMenu.cs using Guid(bec661b304bf33645abee6d5b105ce53) Importer(815301076,1909f56bfc062723c751e8b465ee728b) (PreviewImporter) -> (artifact id: '00000000000000000000000000000000') in 0.0005592 seconds
Import Error Code:(4)
Message: Build asset version error: assets/scripts/mainmenu.cs in SourceAssetDB has modification time of '2025-04-30T19:29:19.2731904Z' while content on disk has modification time of '2025-04-30T19:29:20.0365723Z'
  ERROR: Build asset version error: assets/scripts/mainmenu.cs in SourceAssetDB has modification time of '2025-04-30T19:29:19.2731904Z' while content on disk has modification time of '2025-04-30T19:29:20.0365723Z'
Number of updated asset objects reloaded before import = 0Number of asset objects unloaded after import = 0

========================================================================
Received Import Request.
  Time since last request: 0.000024 seconds.
  path: Assets/Scripts/MainMenu.cs
  artifactKey: Guid(bec661b304bf33645abee6d5b105ce53) Importer(815301076,1909f56bfc062723c751e8b465ee728b)
Start importing Assets/Scripts/MainMenu.cs using Guid(bec661b304bf33645abee6d5b105ce53) Importer(815301076,1909f56bfc062723c751e8b465ee728b) (PreviewImporter) -> (artifact id: '00000000000000000000000000000000') in 0.0005704 seconds
Import Error Code:(4)
Message: Build asset version error: assets/scripts/mainmenu.cs in SourceAssetDB has modification time of '2025-04-30T19:29:19.2731904Z' while content on disk has modification time of '2025-04-30T19:29:20.0365723Z'
  ERROR: Build asset version error: assets/scripts/mainmenu.cs in SourceAssetDB has modification time of '2025-04-30T19:29:19.2731904Z' while content on disk has modification time of '2025-04-30T19:29:20.0365723Z'
Number of updated asset objects reloaded before import = 0Number of asset objects unloaded after import = 0

========================================================================
Received Import Request.
  Time since last request: 0.000018 seconds.
  path: Assets/Scripts/MainMenu.cs
  artifactKey: Guid(bec661b304bf33645abee6d5b105ce53) Importer(815301076,1909f56bfc062723c751e8b465ee728b)
Start importing Assets/Scripts/MainMenu.cs using Guid(bec661b304bf33645abee6d5b105ce53) Importer(815301076,1909f56bfc062723c751e8b465ee728b) (PreviewImporter) -> (artifact id: '00000000000000000000000000000000') in 0.000575 seconds
Import Error Code:(4)
Message: Build asset version error: assets/scripts/mainmenu.cs in SourceAssetDB has modification time of '2025-04-30T19:29:19.2731904Z' while content on disk has modification time of '2025-04-30T19:29:20.0365723Z'
  ERROR: Build asset version error: assets/scripts/mainmenu.cs in SourceAssetDB has modification time of '2025-04-30T19:29:19.2731904Z' while content on disk has modification time of '2025-04-30T19:29:20.0365723Z'
Number of updated asset objects reloaded before import = 0Number of asset objects unloaded after import = 0

========================================================================
Received Import Request.
  Time since last request: 0.000022 seconds.
  path: Assets/Scripts/MainMenu.cs
  artifactKey: Guid(bec661b304bf33645abee6d5b105ce53) Importer(815301076,1909f56bfc062723c751e8b465ee728b)
Start importing Assets/Scripts/MainMenu.cs using Guid(bec661b304bf33645abee6d5b105ce53) Importer(815301076,1909f56bfc062723c751e8b465ee728b) (PreviewImporter) -> (artifact id: '00000000000000000000000000000000') in 0.0006532 seconds
Import Error Code:(4)
Message: Build asset version error: assets/scripts/mainmenu.cs in SourceAssetDB has modification time of '2025-04-30T19:29:19.2731904Z' while content on disk has modification time of '2025-04-30T19:29:20.0365723Z'
  ERROR: Build asset version error: assets/scripts/mainmenu.cs in SourceAssetDB has modification time of '2025-04-30T19:29:19.2731904Z' while content on disk has modification time of '2025-04-30T19:29:20.0365723Z'
Number of updated asset objects reloaded before import = 0Number of asset objects unloaded after import = 0

========================================================================
Received Import Request.
  Time since last request: 0.000018 seconds.
  path: Assets/Scripts/MainMenu.cs
  artifactKey: Guid(bec661b304bf33645abee6d5b105ce53) Importer(815301076,1909f56bfc062723c751e8b465ee728b)
Start importing Assets/Scripts/MainMenu.cs using Guid(bec661b304bf33645abee6d5b105ce53) Importer(815301076,1909f56bfc062723c751e8b465ee728b) (PreviewImporter) -> (artifact id: '00000000000000000000000000000000') in 0.0006006 seconds
Import Error Code:(4)
Message: Build asset version error: assets/scripts/mainmenu.cs in SourceAssetDB has modification time of '2025-04-30T19:29:19.2731904Z' while content on disk has modification time of '2025-04-30T19:29:20.0365723Z'
  ERROR: Build asset version error: assets/scripts/mainmenu.cs in SourceAssetDB has modification time of '2025-04-30T19:29:19.2731904Z' while content on disk has modification time of '2025-04-30T19:29:20.0365723Z'
Number of updated asset objects reloaded before import = 0Number of asset objects unloaded after import = 0

========================================================================
Received Import Request.
  Time since last request: 0.000020 seconds.
  path: Assets/Scripts/MainMenu.cs
  artifactKey: Guid(bec661b304bf33645abee6d5b105ce53) Importer(815301076,1909f56bfc062723c751e8b465ee728b)
Start importing Assets/Scripts/MainMenu.cs using Guid(bec661b304bf33645abee6d5b105ce53) Importer(815301076,1909f56bfc062723c751e8b465ee728b) (PreviewImporter) -> (artifact id: '00000000000000000000000000000000') in 0.0005566 seconds
Import Error Code:(4)
Message: Build asset version error: assets/scripts/mainmenu.cs in SourceAssetDB has modification time of '2025-04-30T19:29:19.2731904Z' while content on disk has modification time of '2025-04-30T19:29:20.0365723Z'
  ERROR: Build asset version error: assets/scripts/mainmenu.cs in SourceAssetDB has modification time of '2025-04-30T19:29:19.2731904Z' while content on disk has modification time of '2025-04-30T19:29:20.0365723Z'
Number of updated asset objects reloaded before import = 0Number of asset objects unloaded after import = 0

========================================================================
Received Import Request.
  Time since last request: 0.000020 seconds.
  path: Assets/Scripts/MainMenu.cs
  artifactKey: Guid(bec661b304bf33645abee6d5b105ce53) Importer(815301076,1909f56bfc062723c751e8b465ee728b)
Start importing Assets/Scripts/MainMenu.cs using Guid(bec661b304bf33645abee6d5b105ce53) Importer(815301076,1909f56bfc062723c751e8b465ee728b) (PreviewImporter) -> (artifact id: '00000000000000000000000000000000') in 0.0005753 seconds
Import Error Code:(4)
Message: Build asset version error: assets/scripts/mainmenu.cs in SourceAssetDB has modification time of '2025-04-30T19:29:19.2731904Z' while content on disk has modification time of '2025-04-30T19:29:20.0365723Z'
  ERROR: Build asset version error: assets/scripts/mainmenu.cs in SourceAssetDB has modification time of '2025-04-30T19:29:19.2731904Z' while content on disk has modification time of '2025-04-30T19:29:20.0365723Z'
Number of updated asset objects reloaded before import = 0Number of asset objects unloaded after import = 0

========================================================================
Received Import Request.
  Time since last request: 0.000019 seconds.
  path: Assets/Scripts/MainMenu.cs
  artifactKey: Guid(bec661b304bf33645abee6d5b105ce53) Importer(815301076,1909f56bfc062723c751e8b465ee728b)
Start importing Assets/Scripts/MainMenu.cs using Guid(bec661b304bf33645abee6d5b105ce53) Importer(815301076,1909f56bfc062723c751e8b465ee728b) (PreviewImporter) -> (artifact id: '00000000000000000000000000000000') in 0.0008347 seconds
Import Error Code:(4)
Message: Build asset version error: assets/scripts/mainmenu.cs in SourceAssetDB has modification time of '2025-04-30T19:29:19.2731904Z' while content on disk has modification time of '2025-04-30T19:29:20.0365723Z'
  ERROR: Build asset version error: assets/scripts/mainmenu.cs in SourceAssetDB has modification time of '2025-04-30T19:29:19.2731904Z' while content on disk has modification time of '2025-04-30T19:29:20.0365723Z'
Number of updated asset objects reloaded before import = 0Number of asset objects unloaded after import = 0

========================================================================
Received Import Request.
  Time since last request: 0.000020 seconds.
  path: Assets/Scripts/MainMenu.cs
  artifactKey: Guid(bec661b304bf33645abee6d5b105ce53) Importer(815301076,1909f56bfc062723c751e8b465ee728b)
Start importing Assets/Scripts/MainMenu.cs using Guid(bec661b304bf33645abee6d5b105ce53) Importer(815301076,1909f56bfc062723c751e8b465ee728b) (PreviewImporter) -> (artifact id: '00000000000000000000000000000000') in 0.000622 seconds
Import Error Code:(4)
Message: Build asset version error: assets/scripts/mainmenu.cs in SourceAssetDB has modification time of '2025-04-30T19:29:19.2731904Z' while content on disk has modification time of '2025-04-30T19:29:20.0365723Z'
  ERROR: Build asset version error: assets/scripts/mainmenu.cs in SourceAssetDB has modification time of '2025-04-30T19:29:19.2731904Z' while content on disk has modification time of '2025-04-30T19:29:20.0365723Z'
Number of updated asset objects reloaded before import = 0Number of asset objects unloaded after import = 0

========================================================================
Received Import Request.
  Time since last request: 0.000030 seconds.
  path: Assets/Scripts/MainMenu.cs
  artifactKey: Guid(bec661b304bf33645abee6d5b105ce53) Importer(815301076,1909f56bfc062723c751e8b465ee728b)
Start importing Assets/Scripts/MainMenu.cs using Guid(bec661b304bf33645abee6d5b105ce53) Importer(815301076,1909f56bfc062723c751e8b465ee728b) (PreviewImporter) -> (artifact id: '00000000000000000000000000000000') in 0.0005531 seconds
Import Error Code:(4)
Message: Build asset version error: assets/scripts/mainmenu.cs in SourceAssetDB has modification time of '2025-04-30T19:29:19.2731904Z' while content on disk has modification time of '2025-04-30T19:29:20.0365723Z'
  ERROR: Build asset version error: assets/scripts/mainmenu.cs in SourceAssetDB has modification time of '2025-04-30T19:29:19.2731904Z' while content on disk has modification time of '2025-04-30T19:29:20.0365723Z'
Number of updated asset objects reloaded before import = 0Number of asset objects unloaded after import = 0

========================================================================
Received Import Request.
  Time since last request: 0.000015 seconds.
  path: Assets/Scripts/MainMenu.cs
  artifactKey: Guid(bec661b304bf33645abee6d5b105ce53) Importer(815301076,1909f56bfc062723c751e8b465ee728b)
Start importing Assets/Scripts/MainMenu.cs using Guid(bec661b304bf33645abee6d5b105ce53) Importer(815301076,1909f56bfc062723c751e8b465ee728b) (PreviewImporter) -> (artifact id: '00000000000000000000000000000000') in 0.0008894 seconds
Import Error Code:(4)
Message: Build asset version error: assets/scripts/mainmenu.cs in SourceAssetDB has modification time of '2025-04-30T19:29:19.2731904Z' while content on disk has modification time of '2025-04-30T19:29:20.0365723Z'
  ERROR: Build asset version error: assets/scripts/mainmenu.cs in SourceAssetDB has modification time of '2025-04-30T19:29:19.2731904Z' while content on disk has modification time of '2025-04-30T19:29:20.0365723Z'
Number of updated asset objects reloaded before import = 0Number of asset objects unloaded after import = 0

========================================================================
Received Import Request.
  Time since last request: 0.000017 seconds.
  path: Assets/Scripts/MainMenu.cs
  artifactKey: Guid(bec661b304bf33645abee6d5b105ce53) Importer(815301076,1909f56bfc062723c751e8b465ee728b)
Start importing Assets/Scripts/MainMenu.cs using Guid(bec661b304bf33645abee6d5b105ce53) Importer(815301076,1909f56bfc062723c751e8b465ee728b) (PreviewImporter) -> (artifact id: '00000000000000000000000000000000') in 0.0007257 seconds
Import Error Code:(4)
Message: Build asset version error: assets/scripts/mainmenu.cs in SourceAssetDB has modification time of '2025-04-30T19:29:19.2731904Z' while content on disk has modification time of '2025-04-30T19:29:20.0365723Z'
  ERROR: Build asset version error: assets/scripts/mainmenu.cs in SourceAssetDB has modification time of '2025-04-30T19:29:19.2731904Z' while content on disk has modification time of '2025-04-30T19:29:20.0365723Z'
Number of updated asset objects reloaded before import = 0Number of asset objects unloaded after import = 0

========================================================================
Received Import Request.
  Time since last request: 0.000017 seconds.
  path: Assets/Scripts/MainMenu.cs
  artifactKey: Guid(bec661b304bf33645abee6d5b105ce53) Importer(815301076,1909f56bfc062723c751e8b465ee728b)
Start importing Assets/Scripts/MainMenu.cs using Guid(bec661b304bf33645abee6d5b105ce53) Importer(815301076,1909f56bfc062723c751e8b465ee728b) (PreviewImporter) -> (artifact id: '00000000000000000000000000000000') in 0.0006668 seconds
Import Error Code:(4)
Message: Build asset version error: assets/scripts/mainmenu.cs in SourceAssetDB has modification time of '2025-04-30T19:29:19.2731904Z' while content on disk has modification time of '2025-04-30T19:29:20.0365723Z'
  ERROR: Build asset version error: assets/scripts/mainmenu.cs in SourceAssetDB has modification time of '2025-04-30T19:29:19.2731904Z' while content on disk has modification time of '2025-04-30T19:29:20.0365723Z'
Number of updated asset objects reloaded before import = 0Number of asset objects unloaded after import = 0

========================================================================
Received Import Request.
  Time since last request: 0.000016 seconds.
  path: Assets/Scripts/MainMenu.cs
  artifactKey: Guid(bec661b304bf33645abee6d5b105ce53) Importer(815301076,1909f56bfc062723c751e8b465ee728b)
Start importing Assets/Scripts/MainMenu.cs using Guid(bec661b304bf33645abee6d5b105ce53) Importer(815301076,1909f56bfc062723c751e8b465ee728b) (PreviewImporter) -> (artifact id: '00000000000000000000000000000000') in 0.0006121 seconds
Import Error Code:(4)
Message: Build asset version error: assets/scripts/mainmenu.cs in SourceAssetDB has modification time of '2025-04-30T19:29:19.2731904Z' while content on disk has modification time of '2025-04-30T19:29:20.0365723Z'
  ERROR: Build asset version error: assets/scripts/mainmenu.cs in SourceAssetDB has modification time of '2025-04-30T19:29:19.2731904Z' while content on disk has modification time of '2025-04-30T19:29:20.0365723Z'
Number of updated asset objects reloaded before import = 0Number of asset objects unloaded after import = 0

========================================================================
Received Import Request.
  Time since last request: 0.000015 seconds.
  path: Assets/Scripts/MainMenu.cs
  artifactKey: Guid(bec661b304bf33645abee6d5b105ce53) Importer(815301076,1909f56bfc062723c751e8b465ee728b)
Start importing Assets/Scripts/MainMenu.cs using Guid(bec661b304bf33645abee6d5b105ce53) Importer(815301076,1909f56bfc062723c751e8b465ee728b) (PreviewImporter) -> (artifact id: '00000000000000000000000000000000') in 0.000675 seconds
Import Error Code:(4)
Message: Build asset version error: assets/scripts/mainmenu.cs in SourceAssetDB has modification time of '2025-04-30T19:29:19.2731904Z' while content on disk has modification time of '2025-04-30T19:29:20.0365723Z'
  ERROR: Build asset version error: assets/scripts/mainmenu.cs in SourceAssetDB has modification time of '2025-04-30T19:29:19.2731904Z' while content on disk has modification time of '2025-04-30T19:29:20.0365723Z'
Number of updated asset objects reloaded before import = 0Number of asset objects unloaded after import = 0

========================================================================
Received Import Request.
  Time since last request: 0.000018 seconds.
  path: Assets/Scripts/MainMenu.cs
  artifactKey: Guid(bec661b304bf33645abee6d5b105ce53) Importer(815301076,1909f56bfc062723c751e8b465ee728b)
Start importing Assets/Scripts/MainMenu.cs using Guid(bec661b304bf33645abee6d5b105ce53) Importer(815301076,1909f56bfc062723c751e8b465ee728b) (PreviewImporter) -> (artifact id: '00000000000000000000000000000000') in 0.0007831 seconds
Import Error Code:(4)
Message: Build asset version error: assets/scripts/mainmenu.cs in SourceAssetDB has modification time of '2025-04-30T19:29:19.2731904Z' while content on disk has modification time of '2025-04-30T19:29:20.0365723Z'
  ERROR: Build asset version error: assets/scripts/mainmenu.cs in SourceAssetDB has modification time of '2025-04-30T19:29:19.2731904Z' while content on disk has modification time of '2025-04-30T19:29:20.0365723Z'
Number of updated asset objects reloaded before import = 0Number of asset objects unloaded after import = 0

========================================================================
Received Import Request.
  Time since last request: 0.000020 seconds.
  path: Assets/Scripts/MainMenu.cs
  artifactKey: Guid(bec661b304bf33645abee6d5b105ce53) Importer(815301076,1909f56bfc062723c751e8b465ee728b)
Start importing Assets/Scripts/MainMenu.cs using Guid(bec661b304bf33645abee6d5b105ce53) Importer(815301076,1909f56bfc062723c751e8b465ee728b) (PreviewImporter) -> (artifact id: '00000000000000000000000000000000') in 0.0006424 seconds
Import Error Code:(4)
Message: Build asset version error: assets/scripts/mainmenu.cs in SourceAssetDB has modification time of '2025-04-30T19:29:19.2731904Z' while content on disk has modification time of '2025-04-30T19:29:20.0365723Z'
  ERROR: Build asset version error: assets/scripts/mainmenu.cs in SourceAssetDB has modification time of '2025-04-30T19:29:19.2731904Z' while content on disk has modification time of '2025-04-30T19:29:20.0365723Z'
Number of updated asset objects reloaded before import = 0Number of asset objects unloaded after import = 0

========================================================================
Received Import Request.
  Time since last request: 0.000019 seconds.
  path: Assets/Scripts/MainMenu.cs
  artifactKey: Guid(bec661b304bf33645abee6d5b105ce53) Importer(815301076,1909f56bfc062723c751e8b465ee728b)
Start importing Assets/Scripts/MainMenu.cs using Guid(bec661b304bf33645abee6d5b105ce53) Importer(815301076,1909f56bfc062723c751e8b465ee728b) (PreviewImporter) -> (artifact id: '00000000000000000000000000000000') in 0.0006575 seconds
Import Error Code:(4)
Message: Build asset version error: assets/scripts/mainmenu.cs in SourceAssetDB has modification time of '2025-04-30T19:29:19.2731904Z' while content on disk has modification time of '2025-04-30T19:29:20.0365723Z'
  ERROR: Build asset version error: assets/scripts/mainmenu.cs in SourceAssetDB has modification time of '2025-04-30T19:29:19.2731904Z' while content on disk has modification time of '2025-04-30T19:29:20.0365723Z'
Number of updated asset objects reloaded before import = 0Number of asset objects unloaded after import = 0

========================================================================
Received Import Request.
  Time since last request: 0.000029 seconds.
  path: Assets/Scripts/MainMenu.cs
  artifactKey: Guid(bec661b304bf33645abee6d5b105ce53) Importer(815301076,1909f56bfc062723c751e8b465ee728b)
Start importing Assets/Scripts/MainMenu.cs using Guid(bec661b304bf33645abee6d5b105ce53) Importer(815301076,1909f56bfc062723c751e8b465ee728b) (PreviewImporter) -> (artifact id: '00000000000000000000000000000000') in 0.0007809 seconds
Import Error Code:(4)
Message: Build asset version error: assets/scripts/mainmenu.cs in SourceAssetDB has modification time of '2025-04-30T19:29:19.2731904Z' while content on disk has modification time of '2025-04-30T19:29:20.0365723Z'
  ERROR: Build asset version error: assets/scripts/mainmenu.cs in SourceAssetDB has modification time of '2025-04-30T19:29:19.2731904Z' while content on disk has modification time of '2025-04-30T19:29:20.0365723Z'
Number of updated asset objects reloaded before import = 0Number of asset objects unloaded after import = 0

========================================================================
Received Import Request.
  Time since last request: 0.000024 seconds.
  path: Assets/Scripts/MainMenu.cs
  artifactKey: Guid(bec661b304bf33645abee6d5b105ce53) Importer(815301076,1909f56bfc062723c751e8b465ee728b)
Start importing Assets/Scripts/MainMenu.cs using Guid(bec661b304bf33645abee6d5b105ce53) Importer(815301076,1909f56bfc062723c751e8b465ee728b) (PreviewImporter) -> (artifact id: '00000000000000000000000000000000') in 0.0031061 seconds
Import Error Code:(4)
Message: Build asset version error: assets/scripts/mainmenu.cs in SourceAssetDB has modification time of '2025-04-30T19:29:19.2731904Z' while content on disk has modification time of '2025-04-30T19:29:20.0365723Z'
  ERROR: Build asset version error: assets/scripts/mainmenu.cs in SourceAssetDB has modification time of '2025-04-30T19:29:19.2731904Z' while content on disk has modification time of '2025-04-30T19:29:20.0365723Z'
Number of updated asset objects reloaded before import = 0Number of asset objects unloaded after import = 0

========================================================================
Received Import Request.
  Time since last request: 0.000020 seconds.
  path: Assets/Scripts/MainMenu.cs
  artifactKey: Guid(bec661b304bf33645abee6d5b105ce53) Importer(815301076,1909f56bfc062723c751e8b465ee728b)
Start importing Assets/Scripts/MainMenu.cs using Guid(bec661b304bf33645abee6d5b105ce53) Importer(815301076,1909f56bfc062723c751e8b465ee728b) (PreviewImporter) -> (artifact id: '00000000000000000000000000000000') in 0.000814 seconds
Import Error Code:(4)
Message: Build asset version error: assets/scripts/mainmenu.cs in SourceAssetDB has modification time of '2025-04-30T19:29:19.2731904Z' while content on disk has modification time of '2025-04-30T19:29:20.0365723Z'
  ERROR: Build asset version error: assets/scripts/mainmenu.cs in SourceAssetDB has modification time of '2025-04-30T19:29:19.2731904Z' while content on disk has modification time of '2025-04-30T19:29:20.0365723Z'
Number of updated asset objects reloaded before import = 0Number of asset objects unloaded after import = 0

========================================================================
Received Import Request.
  Time since last request: 0.000022 seconds.
  path: Assets/Scripts/MainMenu.cs
  artifactKey: Guid(bec661b304bf33645abee6d5b105ce53) Importer(815301076,1909f56bfc062723c751e8b465ee728b)
Start importing Assets/Scripts/MainMenu.cs using Guid(bec661b304bf33645abee6d5b105ce53) Importer(815301076,1909f56bfc062723c751e8b465ee728b) (PreviewImporter) -> (artifact id: '00000000000000000000000000000000') in 0.00062 seconds
Import Error Code:(4)
Message: Build asset version error: assets/scripts/mainmenu.cs in SourceAssetDB has modification time of '2025-04-30T19:29:19.2731904Z' while content on disk has modification time of '2025-04-30T19:29:20.0365723Z'
  ERROR: Build asset version error: assets/scripts/mainmenu.cs in SourceAssetDB has modification time of '2025-04-30T19:29:19.2731904Z' while content on disk has modification time of '2025-04-30T19:29:20.0365723Z'
Number of updated asset objects reloaded before import = 0Number of asset objects unloaded after import = 0

========================================================================
Received Import Request.
  Time since last request: 0.000017 seconds.
  path: Assets/Scripts/MainMenu.cs
  artifactKey: Guid(bec661b304bf33645abee6d5b105ce53) Importer(815301076,1909f56bfc062723c751e8b465ee728b)
Start importing Assets/Scripts/MainMenu.cs using Guid(bec661b304bf33645abee6d5b105ce53) Importer(815301076,1909f56bfc062723c751e8b465ee728b) (PreviewImporter) -> (artifact id: '00000000000000000000000000000000') in 0.0005875 seconds
Import Error Code:(4)
Message: Build asset version error: assets/scripts/mainmenu.cs in SourceAssetDB has modification time of '2025-04-30T19:29:19.2731904Z' while content on disk has modification time of '2025-04-30T19:29:20.0365723Z'
  ERROR: Build asset version error: assets/scripts/mainmenu.cs in SourceAssetDB has modification time of '2025-04-30T19:29:19.2731904Z' while content on disk has modification time of '2025-04-30T19:29:20.0365723Z'
Number of updated asset objects reloaded before import = 0Number of asset objects unloaded after import = 0

========================================================================
Received Import Request.
  Time since last request: 0.000023 seconds.
  path: Assets/Scripts/MainMenu.cs
  artifactKey: Guid(bec661b304bf33645abee6d5b105ce53) Importer(815301076,1909f56bfc062723c751e8b465ee728b)
Start importing Assets/Scripts/MainMenu.cs using Guid(bec661b304bf33645abee6d5b105ce53) Importer(815301076,1909f56bfc062723c751e8b465ee728b) (PreviewImporter) -> (artifact id: '00000000000000000000000000000000') in 0.0005656 seconds
Import Error Code:(4)
Message: Build asset version error: assets/scripts/mainmenu.cs in SourceAssetDB has modification time of '2025-04-30T19:29:19.2731904Z' while content on disk has modification time of '2025-04-30T19:29:20.0365723Z'
  ERROR: Build asset version error: assets/scripts/mainmenu.cs in SourceAssetDB has modification time of '2025-04-30T19:29:19.2731904Z' while content on disk has modification time of '2025-04-30T19:29:20.0365723Z'
Number of updated asset objects reloaded before import = 0Number of asset objects unloaded after import = 0

========================================================================
Received Import Request.
  Time since last request: 0.000017 seconds.
  path: Assets/Scripts/MainMenu.cs
  artifactKey: Guid(bec661b304bf33645abee6d5b105ce53) Importer(815301076,1909f56bfc062723c751e8b465ee728b)
Start importing Assets/Scripts/MainMenu.cs using Guid(bec661b304bf33645abee6d5b105ce53) Importer(815301076,1909f56bfc062723c751e8b465ee728b) (PreviewImporter) -> (artifact id: '00000000000000000000000000000000') in 0.0006317 seconds
Import Error Code:(4)
Message: Build asset version error: assets/scripts/mainmenu.cs in SourceAssetDB has modification time of '2025-04-30T19:29:19.2731904Z' while content on disk has modification time of '2025-04-30T19:29:20.0365723Z'
  ERROR: Build asset version error: assets/scripts/mainmenu.cs in SourceAssetDB has modification time of '2025-04-30T19:29:19.2731904Z' while content on disk has modification time of '2025-04-30T19:29:20.0365723Z'
Number of updated asset objects reloaded before import = 0Number of asset objects unloaded after import = 0

========================================================================
Received Import Request.
  Time since last request: 0.000017 seconds.
  path: Assets/Scripts/MainMenu.cs
  artifactKey: Guid(bec661b304bf33645abee6d5b105ce53) Importer(815301076,1909f56bfc062723c751e8b465ee728b)
Start importing Assets/Scripts/MainMenu.cs using Guid(bec661b304bf33645abee6d5b105ce53) Importer(815301076,1909f56bfc062723c751e8b465ee728b) (PreviewImporter) -> (artifact id: '00000000000000000000000000000000') in 0.0005324 seconds
Import Error Code:(4)
Message: Build asset version error: assets/scripts/mainmenu.cs in SourceAssetDB has modification time of '2025-04-30T19:29:19.2731904Z' while content on disk has modification time of '2025-04-30T19:29:20.0365723Z'
  ERROR: Build asset version error: assets/scripts/mainmenu.cs in SourceAssetDB has modification time of '2025-04-30T19:29:19.2731904Z' while content on disk has modification time of '2025-04-30T19:29:20.0365723Z'
Number of updated asset objects reloaded before import = 0Number of asset objects unloaded after import = 0

========================================================================
Received Import Request.
  Time since last request: 0.000019 seconds.
  path: Assets/Scripts/MainMenu.cs
  artifactKey: Guid(bec661b304bf33645abee6d5b105ce53) Importer(815301076,1909f56bfc062723c751e8b465ee728b)
Start importing Assets/Scripts/MainMenu.cs using Guid(bec661b304bf33645abee6d5b105ce53) Importer(815301076,1909f56bfc062723c751e8b465ee728b) (PreviewImporter) -> (artifact id: '00000000000000000000000000000000') in 0.0005536 seconds
Import Error Code:(4)
Message: Build asset version error: assets/scripts/mainmenu.cs in SourceAssetDB has modification time of '2025-04-30T19:29:19.2731904Z' while content on disk has modification time of '2025-04-30T19:29:20.0365723Z'
  ERROR: Build asset version error: assets/scripts/mainmenu.cs in SourceAssetDB has modification time of '2025-04-30T19:29:19.2731904Z' while content on disk has modification time of '2025-04-30T19:29:20.0365723Z'
Number of updated asset objects reloaded before import = 0Number of asset objects unloaded after import = 0

========================================================================
Received Import Request.
  Time since last request: 0.000028 seconds.
  path: Assets/Scripts/MainMenu.cs
  artifactKey: Guid(bec661b304bf33645abee6d5b105ce53) Importer(815301076,1909f56bfc062723c751e8b465ee728b)
Start importing Assets/Scripts/MainMenu.cs using Guid(bec661b304bf33645abee6d5b105ce53) Importer(815301076,1909f56bfc062723c751e8b465ee728b) (PreviewImporter) -> (artifact id: '00000000000000000000000000000000') in 0.0007913 seconds
Import Error Code:(4)
Message: Build asset version error: assets/scripts/mainmenu.cs in SourceAssetDB has modification time of '2025-04-30T19:29:19.2731904Z' while content on disk has modification time of '2025-04-30T19:29:20.0365723Z'
  ERROR: Build asset version error: assets/scripts/mainmenu.cs in SourceAssetDB has modification time of '2025-04-30T19:29:19.2731904Z' while content on disk has modification time of '2025-04-30T19:29:20.0365723Z'
Number of updated asset objects reloaded before import = 0Number of asset objects unloaded after import = 0

========================================================================
Received Import Request.
  Time since last request: 0.000017 seconds.
  path: Assets/Scripts/MainMenu.cs
  artifactKey: Guid(bec661b304bf33645abee6d5b105ce53) Importer(815301076,1909f56bfc062723c751e8b465ee728b)
Start importing Assets/Scripts/MainMenu.cs using Guid(bec661b304bf33645abee6d5b105ce53) Importer(815301076,1909f56bfc062723c751e8b465ee728b) (PreviewImporter) -> (artifact id: '00000000000000000000000000000000') in 0.000792 seconds
Import Error Code:(4)
Message: Build asset version error: assets/scripts/mainmenu.cs in SourceAssetDB has modification time of '2025-04-30T19:29:19.2731904Z' while content on disk has modification time of '2025-04-30T19:29:20.0365723Z'
  ERROR: Build asset version error: assets/scripts/mainmenu.cs in SourceAssetDB has modification time of '2025-04-30T19:29:19.2731904Z' while content on disk has modification time of '2025-04-30T19:29:20.0365723Z'
Number of updated asset objects reloaded before import = 0Number of asset objects unloaded after import = 0

========================================================================
Received Import Request.
  Time since last request: 0.000017 seconds.
  path: Assets/Scripts/MainMenu.cs
  artifactKey: Guid(bec661b304bf33645abee6d5b105ce53) Importer(815301076,1909f56bfc062723c751e8b465ee728b)
Start importing Assets/Scripts/MainMenu.cs using Guid(bec661b304bf33645abee6d5b105ce53) Importer(815301076,1909f56bfc062723c751e8b465ee728b) (PreviewImporter) -> (artifact id: '00000000000000000000000000000000') in 0.0006594 seconds
Import Error Code:(4)
Message: Build asset version error: assets/scripts/mainmenu.cs in SourceAssetDB has modification time of '2025-04-30T19:29:19.2731904Z' while content on disk has modification time of '2025-04-30T19:29:20.0365723Z'
  ERROR: Build asset version error: assets/scripts/mainmenu.cs in SourceAssetDB has modification time of '2025-04-30T19:29:19.2731904Z' while content on disk has modification time of '2025-04-30T19:29:20.0365723Z'
Number of updated asset objects reloaded before import = 0Number of asset objects unloaded after import = 0

========================================================================
Received Import Request.
  Time since last request: 0.000018 seconds.
  path: Assets/Scripts/MainMenu.cs
  artifactKey: Guid(bec661b304bf33645abee6d5b105ce53) Importer(815301076,1909f56bfc062723c751e8b465ee728b)
Start importing Assets/Scripts/MainMenu.cs using Guid(bec661b304bf33645abee6d5b105ce53) Importer(815301076,1909f56bfc062723c751e8b465ee728b) (PreviewImporter) -> (artifact id: '00000000000000000000000000000000') in 0.0005316 seconds
Import Error Code:(4)
Message: Build asset version error: assets/scripts/mainmenu.cs in SourceAssetDB has modification time of '2025-04-30T19:29:19.2731904Z' while content on disk has modification time of '2025-04-30T19:29:20.0365723Z'
  ERROR: Build asset version error: assets/scripts/mainmenu.cs in SourceAssetDB has modification time of '2025-04-30T19:29:19.2731904Z' while content on disk has modification time of '2025-04-30T19:29:20.0365723Z'
Number of updated asset objects reloaded before import = 0Number of asset objects unloaded after import = 0

========================================================================
Received Import Request.
  Time since last request: 0.000016 seconds.
  path: Assets/Scripts/MainMenu.cs
  artifactKey: Guid(bec661b304bf33645abee6d5b105ce53) Importer(815301076,1909f56bfc062723c751e8b465ee728b)
Start importing Assets/Scripts/MainMenu.cs using Guid(bec661b304bf33645abee6d5b105ce53) Importer(815301076,1909f56bfc062723c751e8b465ee728b) (PreviewImporter) -> (artifact id: '00000000000000000000000000000000') in 0.0005295 seconds
Import Error Code:(4)
Message: Build asset version error: assets/scripts/mainmenu.cs in SourceAssetDB has modification time of '2025-04-30T19:29:19.2731904Z' while content on disk has modification time of '2025-04-30T19:29:20.0365723Z'
  ERROR: Build asset version error: assets/scripts/mainmenu.cs in SourceAssetDB has modification time of '2025-04-30T19:29:19.2731904Z' while content on disk has modification time of '2025-04-30T19:29:20.0365723Z'
Number of updated asset objects reloaded before import = 0Number of asset objects unloaded after import = 0

========================================================================
Received Import Request.
  Time since last request: 0.000017 seconds.
  path: Assets/Scripts/MainMenu.cs
  artifactKey: Guid(bec661b304bf33645abee6d5b105ce53) Importer(815301076,1909f56bfc062723c751e8b465ee728b)
Start importing Assets/Scripts/MainMenu.cs using Guid(bec661b304bf33645abee6d5b105ce53) Importer(815301076,1909f56bfc062723c751e8b465ee728b) (PreviewImporter) -> (artifact id: '00000000000000000000000000000000') in 0.0005251 seconds
Import Error Code:(4)
Message: Build asset version error: assets/scripts/mainmenu.cs in SourceAssetDB has modification time of '2025-04-30T19:29:19.2731904Z' while content on disk has modification time of '2025-04-30T19:29:20.0365723Z'
  ERROR: Build asset version error: assets/scripts/mainmenu.cs in SourceAssetDB has modification time of '2025-04-30T19:29:19.2731904Z' while content on disk has modification time of '2025-04-30T19:29:20.0365723Z'
Number of updated asset objects reloaded before import = 0Number of asset objects unloaded after import = 0

========================================================================
Received Import Request.
  Time since last request: 0.000031 seconds.
  path: Assets/Scripts/MainMenu.cs
  artifactKey: Guid(bec661b304bf33645abee6d5b105ce53) Importer(815301076,1909f56bfc062723c751e8b465ee728b)
Start importing Assets/Scripts/MainMenu.cs using Guid(bec661b304bf33645abee6d5b105ce53) Importer(815301076,1909f56bfc062723c751e8b465ee728b) (PreviewImporter) -> (artifact id: '00000000000000000000000000000000') in 0.0005599 seconds
Import Error Code:(4)
Message: Build asset version error: assets/scripts/mainmenu.cs in SourceAssetDB has modification time of '2025-04-30T19:29:19.2731904Z' while content on disk has modification time of '2025-04-30T19:29:20.0365723Z'
  ERROR: Build asset version error: assets/scripts/mainmenu.cs in SourceAssetDB has modification time of '2025-04-30T19:29:19.2731904Z' while content on disk has modification time of '2025-04-30T19:29:20.0365723Z'
Number of updated asset objects reloaded before import = 0Number of asset objects unloaded after import = 0

========================================================================
Received Import Request.
  Time since last request: 0.000018 seconds.
  path: Assets/Scripts/MainMenu.cs
  artifactKey: Guid(bec661b304bf33645abee6d5b105ce53) Importer(815301076,1909f56bfc062723c751e8b465ee728b)
Start importing Assets/Scripts/MainMenu.cs using Guid(bec661b304bf33645abee6d5b105ce53) Importer(815301076,1909f56bfc062723c751e8b465ee728b) (PreviewImporter) -> (artifact id: '00000000000000000000000000000000') in 0.000601 seconds
Import Error Code:(4)
Message: Build asset version error: assets/scripts/mainmenu.cs in SourceAssetDB has modification time of '2025-04-30T19:29:19.2731904Z' while content on disk has modification time of '2025-04-30T19:29:20.0365723Z'
  ERROR: Build asset version error: assets/scripts/mainmenu.cs in SourceAssetDB has modification time of '2025-04-30T19:29:19.2731904Z' while content on disk has modification time of '2025-04-30T19:29:20.0365723Z'
Number of updated asset objects reloaded before import = 0Number of asset objects unloaded after import = 0

========================================================================
Received Import Request.
  Time since last request: 0.000027 seconds.
  path: Assets/Scripts/MainMenu.cs
  artifactKey: Guid(bec661b304bf33645abee6d5b105ce53) Importer(815301076,1909f56bfc062723c751e8b465ee728b)
Start importing Assets/Scripts/MainMenu.cs using Guid(bec661b304bf33645abee6d5b105ce53) Importer(815301076,1909f56bfc062723c751e8b465ee728b) (PreviewImporter) -> (artifact id: '00000000000000000000000000000000') in 0.0005894 seconds
Import Error Code:(4)
Message: Build asset version error: assets/scripts/mainmenu.cs in SourceAssetDB has modification time of '2025-04-30T19:29:19.2731904Z' while content on disk has modification time of '2025-04-30T19:29:20.0365723Z'
  ERROR: Build asset version error: assets/scripts/mainmenu.cs in SourceAssetDB has modification time of '2025-04-30T19:29:19.2731904Z' while content on disk has modification time of '2025-04-30T19:29:20.0365723Z'
Number of updated asset objects reloaded before import = 0Number of asset objects unloaded after import = 0

========================================================================
Received Import Request.
  Time since last request: 0.000043 seconds.
  path: Assets/Scripts/MainMenu.cs
  artifactKey: Guid(bec661b304bf33645abee6d5b105ce53) Importer(815301076,1909f56bfc062723c751e8b465ee728b)
Start importing Assets/Scripts/MainMenu.cs using Guid(bec661b304bf33645abee6d5b105ce53) Importer(815301076,1909f56bfc062723c751e8b465ee728b) (PreviewImporter) -> (artifact id: '00000000000000000000000000000000') in 0.0005913 seconds
Import Error Code:(4)
Message: Build asset version error: assets/scripts/mainmenu.cs in SourceAssetDB has modification time of '2025-04-30T19:29:19.2731904Z' while content on disk has modification time of '2025-04-30T19:29:20.0365723Z'
  ERROR: Build asset version error: assets/scripts/mainmenu.cs in SourceAssetDB has modification time of '2025-04-30T19:29:19.2731904Z' while content on disk has modification time of '2025-04-30T19:29:20.0365723Z'
Number of updated asset objects reloaded before import = 0Number of asset objects unloaded after import = 0

========================================================================
Received Import Request.
  Time since last request: 0.000017 seconds.
  path: Assets/Scripts/MainMenu.cs
  artifactKey: Guid(bec661b304bf33645abee6d5b105ce53) Importer(815301076,1909f56bfc062723c751e8b465ee728b)
Start importing Assets/Scripts/MainMenu.cs using Guid(bec661b304bf33645abee6d5b105ce53) Importer(815301076,1909f56bfc062723c751e8b465ee728b) (PreviewImporter) -> (artifact id: '00000000000000000000000000000000') in 0.0006975 seconds
Import Error Code:(4)
Message: Build asset version error: assets/scripts/mainmenu.cs in SourceAssetDB has modification time of '2025-04-30T19:29:19.2731904Z' while content on disk has modification time of '2025-04-30T19:29:20.0365723Z'
  ERROR: Build asset version error: assets/scripts/mainmenu.cs in SourceAssetDB has modification time of '2025-04-30T19:29:19.2731904Z' while content on disk has modification time of '2025-04-30T19:29:20.0365723Z'
Number of updated asset objects reloaded before import = 0Number of asset objects unloaded after import = 0

========================================================================
Received Import Request.
  Time since last request: 0.000016 seconds.
  path: Assets/Scripts/MainMenu.cs
  artifactKey: Guid(bec661b304bf33645abee6d5b105ce53) Importer(815301076,1909f56bfc062723c751e8b465ee728b)
Start importing Assets/Scripts/MainMenu.cs using Guid(bec661b304bf33645abee6d5b105ce53) Importer(815301076,1909f56bfc062723c751e8b465ee728b) (PreviewImporter) -> (artifact id: '00000000000000000000000000000000') in 0.0009344 seconds
Import Error Code:(4)
Message: Build asset version error: assets/scripts/mainmenu.cs in SourceAssetDB has modification time of '2025-04-30T19:29:19.2731904Z' while content on disk has modification time of '2025-04-30T19:29:20.0365723Z'
  ERROR: Build asset version error: assets/scripts/mainmenu.cs in SourceAssetDB has modification time of '2025-04-30T19:29:19.2731904Z' while content on disk has modification time of '2025-04-30T19:29:20.0365723Z'
Number of updated asset objects reloaded before import = 0Number of asset objects unloaded after import = 0

========================================================================
Received Import Request.
  Time since last request: 0.000014 seconds.
  path: Assets/Scripts/MainMenu.cs
  artifactKey: Guid(bec661b304bf33645abee6d5b105ce53) Importer(815301076,1909f56bfc062723c751e8b465ee728b)
Start importing Assets/Scripts/MainMenu.cs using Guid(bec661b304bf33645abee6d5b105ce53) Importer(815301076,1909f56bfc062723c751e8b465ee728b) (PreviewImporter) -> (artifact id: '00000000000000000000000000000000') in 0.0006488 seconds
Import Error Code:(4)
Message: Build asset version error: assets/scripts/mainmenu.cs in SourceAssetDB has modification time of '2025-04-30T19:29:19.2731904Z' while content on disk has modification time of '2025-04-30T19:29:20.0365723Z'
  ERROR: Build asset version error: assets/scripts/mainmenu.cs in SourceAssetDB has modification time of '2025-04-30T19:29:19.2731904Z' while content on disk has modification time of '2025-04-30T19:29:20.0365723Z'
Number of updated asset objects reloaded before import = 0Number of asset objects unloaded after import = 0

========================================================================
Received Import Request.
  Time since last request: 0.000026 seconds.
  path: Assets/Scripts/MainMenu.cs
  artifactKey: Guid(bec661b304bf33645abee6d5b105ce53) Importer(815301076,1909f56bfc062723c751e8b465ee728b)
Start importing Assets/Scripts/MainMenu.cs using Guid(bec661b304bf33645abee6d5b105ce53) Importer(815301076,1909f56bfc062723c751e8b465ee728b) (PreviewImporter) -> (artifact id: '00000000000000000000000000000000') in 0.0005993 seconds
Import Error Code:(4)
Message: Build asset version error: assets/scripts/mainmenu.cs in SourceAssetDB has modification time of '2025-04-30T19:29:19.2731904Z' while content on disk has modification time of '2025-04-30T19:29:20.0365723Z'
  ERROR: Build asset version error: assets/scripts/mainmenu.cs in SourceAssetDB has modification time of '2025-04-30T19:29:19.2731904Z' while content on disk has modification time of '2025-04-30T19:29:20.0365723Z'
Number of updated asset objects reloaded before import = 0Number of asset objects unloaded after import = 0

========================================================================
Received Import Request.
  Time since last request: 0.000017 seconds.
  path: Assets/Scripts/MainMenu.cs
  artifactKey: Guid(bec661b304bf33645abee6d5b105ce53) Importer(815301076,1909f56bfc062723c751e8b465ee728b)
Start importing Assets/Scripts/MainMenu.cs using Guid(bec661b304bf33645abee6d5b105ce53) Importer(815301076,1909f56bfc062723c751e8b465ee728b) (PreviewImporter) -> (artifact id: '00000000000000000000000000000000') in 0.0005292 seconds
Import Error Code:(4)
Message: Build asset version error: assets/scripts/mainmenu.cs in SourceAssetDB has modification time of '2025-04-30T19:29:19.2731904Z' while content on disk has modification time of '2025-04-30T19:29:20.0365723Z'
  ERROR: Build asset version error: assets/scripts/mainmenu.cs in SourceAssetDB has modification time of '2025-04-30T19:29:19.2731904Z' while content on disk has modification time of '2025-04-30T19:29:20.0365723Z'
Number of updated asset objects reloaded before import = 0Number of asset objects unloaded after import = 0

========================================================================
Received Import Request.
  Time since last request: 0.000017 seconds.
  path: Assets/Scripts/MainMenu.cs
  artifactKey: Guid(bec661b304bf33645abee6d5b105ce53) Importer(815301076,1909f56bfc062723c751e8b465ee728b)
Start importing Assets/Scripts/MainMenu.cs using Guid(bec661b304bf33645abee6d5b105ce53) Importer(815301076,1909f56bfc062723c751e8b465ee728b) (PreviewImporter) -> (artifact id: '00000000000000000000000000000000') in 0.0005077 seconds
Import Error Code:(4)
Message: Build asset version error: assets/scripts/mainmenu.cs in SourceAssetDB has modification time of '2025-04-30T19:29:19.2731904Z' while content on disk has modification time of '2025-04-30T19:29:20.0365723Z'
  ERROR: Build asset version error: assets/scripts/mainmenu.cs in SourceAssetDB has modification time of '2025-04-30T19:29:19.2731904Z' while content on disk has modification time of '2025-04-30T19:29:20.0365723Z'
Number of updated asset objects reloaded before import = 0Number of asset objects unloaded after import = 0

========================================================================
Received Import Request.
  Time since last request: 0.000031 seconds.
  path: Assets/Scripts/MainMenu.cs
  artifactKey: Guid(bec661b304bf33645abee6d5b105ce53) Importer(815301076,1909f56bfc062723c751e8b465ee728b)
Start importing Assets/Scripts/MainMenu.cs using Guid(bec661b304bf33645abee6d5b105ce53) Importer(815301076,1909f56bfc062723c751e8b465ee728b) (PreviewImporter) -> (artifact id: '00000000000000000000000000000000') in 0.0007109 seconds
Import Error Code:(4)
Message: Build asset version error: assets/scripts/mainmenu.cs in SourceAssetDB has modification time of '2025-04-30T19:29:19.2731904Z' while content on disk has modification time of '2025-04-30T19:29:20.0365723Z'
  ERROR: Build asset version error: assets/scripts/mainmenu.cs in SourceAssetDB has modification time of '2025-04-30T19:29:19.2731904Z' while content on disk has modification time of '2025-04-30T19:29:20.0365723Z'
Number of updated asset objects reloaded before import = 0Number of asset objects unloaded after import = 0

========================================================================
Received Import Request.
  Time since last request: 0.000019 seconds.
  path: Assets/Scripts/MainMenu.cs
  artifactKey: Guid(bec661b304bf33645abee6d5b105ce53) Importer(815301076,1909f56bfc062723c751e8b465ee728b)
Start importing Assets/Scripts/MainMenu.cs using Guid(bec661b304bf33645abee6d5b105ce53) Importer(815301076,1909f56bfc062723c751e8b465ee728b) (PreviewImporter) -> (artifact id: '00000000000000000000000000000000') in 0.0005579 seconds
Import Error Code:(4)
Message: Build asset version error: assets/scripts/mainmenu.cs in SourceAssetDB has modification time of '2025-04-30T19:29:19.2731904Z' while content on disk has modification time of '2025-04-30T19:29:20.0365723Z'
  ERROR: Build asset version error: assets/scripts/mainmenu.cs in SourceAssetDB has modification time of '2025-04-30T19:29:19.2731904Z' while content on disk has modification time of '2025-04-30T19:29:20.0365723Z'
Number of updated asset objects reloaded before import = 0Number of asset objects unloaded after import = 0

========================================================================
Received Import Request.
  Time since last request: 0.000027 seconds.
  path: Assets/Scripts/MainMenu.cs
  artifactKey: Guid(bec661b304bf33645abee6d5b105ce53) Importer(815301076,1909f56bfc062723c751e8b465ee728b)
Start importing Assets/Scripts/MainMenu.cs using Guid(bec661b304bf33645abee6d5b105ce53) Importer(815301076,1909f56bfc062723c751e8b465ee728b) (PreviewImporter) -> (artifact id: '00000000000000000000000000000000') in 0.0006238 seconds
Import Error Code:(4)
Message: Build asset version error: assets/scripts/mainmenu.cs in SourceAssetDB has modification time of '2025-04-30T19:29:19.2731904Z' while content on disk has modification time of '2025-04-30T19:29:20.0365723Z'
  ERROR: Build asset version error: assets/scripts/mainmenu.cs in SourceAssetDB has modification time of '2025-04-30T19:29:19.2731904Z' while content on disk has modification time of '2025-04-30T19:29:20.0365723Z'
Number of updated asset objects reloaded before import = 0Number of asset objects unloaded after import = 0

========================================================================
Received Import Request.
  Time since last request: 0.000019 seconds.
  path: Assets/Scripts/MainMenu.cs
  artifactKey: Guid(bec661b304bf33645abee6d5b105ce53) Importer(815301076,1909f56bfc062723c751e8b465ee728b)
Start importing Assets/Scripts/MainMenu.cs using Guid(bec661b304bf33645abee6d5b105ce53) Importer(815301076,1909f56bfc062723c751e8b465ee728b) (PreviewImporter) -> (artifact id: '00000000000000000000000000000000') in 0.0005638 seconds
Import Error Code:(4)
Message: Build asset version error: assets/scripts/mainmenu.cs in SourceAssetDB has modification time of '2025-04-30T19:29:19.2731904Z' while content on disk has modification time of '2025-04-30T19:29:20.0365723Z'
  ERROR: Build asset version error: assets/scripts/mainmenu.cs in SourceAssetDB has modification time of '2025-04-30T19:29:19.2731904Z' while content on disk has modification time of '2025-04-30T19:29:20.0365723Z'
Number of updated asset objects reloaded before import = 0Number of asset objects unloaded after import = 0

========================================================================
Received Import Request.
  Time since last request: 0.000018 seconds.
  path: Assets/Scripts/MainMenu.cs
  artifactKey: Guid(bec661b304bf33645abee6d5b105ce53) Importer(815301076,1909f56bfc062723c751e8b465ee728b)
Start importing Assets/Scripts/MainMenu.cs using Guid(bec661b304bf33645abee6d5b105ce53) Importer(815301076,1909f56bfc062723c751e8b465ee728b) (PreviewImporter) -> (artifact id: '00000000000000000000000000000000') in 0.0005482 seconds
Import Error Code:(4)
Message: Build asset version error: assets/scripts/mainmenu.cs in SourceAssetDB has modification time of '2025-04-30T19:29:19.2731904Z' while content on disk has modification time of '2025-04-30T19:29:20.0365723Z'
  ERROR: Build asset version error: assets/scripts/mainmenu.cs in SourceAssetDB has modification time of '2025-04-30T19:29:19.2731904Z' while content on disk has modification time of '2025-04-30T19:29:20.0365723Z'
Number of updated asset objects reloaded before import = 0Number of asset objects unloaded after import = 0

========================================================================
Received Import Request.
  Time since last request: 0.000017 seconds.
  path: Assets/Scripts/MainMenu.cs
  artifactKey: Guid(bec661b304bf33645abee6d5b105ce53) Importer(815301076,1909f56bfc062723c751e8b465ee728b)
Start importing Assets/Scripts/MainMenu.cs using Guid(bec661b304bf33645abee6d5b105ce53) Importer(815301076,1909f56bfc062723c751e8b465ee728b) (PreviewImporter) -> (artifact id: '00000000000000000000000000000000') in 0.0005925 seconds
Import Error Code:(4)
Message: Build asset version error: assets/scripts/mainmenu.cs in SourceAssetDB has modification time of '2025-04-30T19:29:19.2731904Z' while content on disk has modification time of '2025-04-30T19:29:20.0365723Z'
  ERROR: Build asset version error: assets/scripts/mainmenu.cs in SourceAssetDB has modification time of '2025-04-30T19:29:19.2731904Z' while content on disk has modification time of '2025-04-30T19:29:20.0365723Z'
Number of updated asset objects reloaded before import = 0Number of asset objects unloaded after import = 0

========================================================================
Received Import Request.
  Time since last request: 0.000020 seconds.
  path: Assets/Scripts/MainMenu.cs
  artifactKey: Guid(bec661b304bf33645abee6d5b105ce53) Importer(815301076,1909f56bfc062723c751e8b465ee728b)
Start importing Assets/Scripts/MainMenu.cs using Guid(bec661b304bf33645abee6d5b105ce53) Importer(815301076,1909f56bfc062723c751e8b465ee728b) (PreviewImporter) -> (artifact id: '00000000000000000000000000000000') in 0.0005221 seconds
Import Error Code:(4)
Message: Build asset version error: assets/scripts/mainmenu.cs in SourceAssetDB has modification time of '2025-04-30T19:29:19.2731904Z' while content on disk has modification time of '2025-04-30T19:29:20.0365723Z'
  ERROR: Build asset version error: assets/scripts/mainmenu.cs in SourceAssetDB has modification time of '2025-04-30T19:29:19.2731904Z' while content on disk has modification time of '2025-04-30T19:29:20.0365723Z'
Number of updated asset objects reloaded before import = 0Number of asset objects unloaded after import = 0

========================================================================
Received Import Request.
  Time since last request: 0.000017 seconds.
  path: Assets/Scripts/MainMenu.cs
  artifactKey: Guid(bec661b304bf33645abee6d5b105ce53) Importer(815301076,1909f56bfc062723c751e8b465ee728b)
Start importing Assets/Scripts/MainMenu.cs using Guid(bec661b304bf33645abee6d5b105ce53) Importer(815301076,1909f56bfc062723c751e8b465ee728b) (PreviewImporter) -> (artifact id: '00000000000000000000000000000000') in 0.0006628 seconds
Import Error Code:(4)
Message: Build asset version error: assets/scripts/mainmenu.cs in SourceAssetDB has modification time of '2025-04-30T19:29:19.2731904Z' while content on disk has modification time of '2025-04-30T19:29:20.0365723Z'
  ERROR: Build asset version error: assets/scripts/mainmenu.cs in SourceAssetDB has modification time of '2025-04-30T19:29:19.2731904Z' while content on disk has modification time of '2025-04-30T19:29:20.0365723Z'
Number of updated asset objects reloaded before import = 0Number of asset objects unloaded after import = 0

========================================================================
Received Import Request.
  Time since last request: 0.000013 seconds.
  path: Assets/Scripts/MainMenu.cs
  artifactKey: Guid(bec661b304bf33645abee6d5b105ce53) Importer(815301076,1909f56bfc062723c751e8b465ee728b)
Start importing Assets/Scripts/MainMenu.cs using Guid(bec661b304bf33645abee6d5b105ce53) Importer(815301076,1909f56bfc062723c751e8b465ee728b) (PreviewImporter) -> (artifact id: '00000000000000000000000000000000') in 0.0005485 seconds
Import Error Code:(4)
Message: Build asset version error: assets/scripts/mainmenu.cs in SourceAssetDB has modification time of '2025-04-30T19:29:19.2731904Z' while content on disk has modification time of '2025-04-30T19:29:20.0365723Z'
  ERROR: Build asset version error: assets/scripts/mainmenu.cs in SourceAssetDB has modification time of '2025-04-30T19:29:19.2731904Z' while content on disk has modification time of '2025-04-30T19:29:20.0365723Z'
Number of updated asset objects reloaded before import = 0Number of asset objects unloaded after import = 0

========================================================================
Received Import Request.
  Time since last request: 0.000019 seconds.
  path: Assets/Scripts/MainMenu.cs
  artifactKey: Guid(bec661b304bf33645abee6d5b105ce53) Importer(815301076,1909f56bfc062723c751e8b465ee728b)
Start importing Assets/Scripts/MainMenu.cs using Guid(bec661b304bf33645abee6d5b105ce53) Importer(815301076,1909f56bfc062723c751e8b465ee728b) (PreviewImporter) -> (artifact id: '00000000000000000000000000000000') in 0.0005384 seconds
Import Error Code:(4)
Message: Build asset version error: assets/scripts/mainmenu.cs in SourceAssetDB has modification time of '2025-04-30T19:29:19.2731904Z' while content on disk has modification time of '2025-04-30T19:29:20.0365723Z'
  ERROR: Build asset version error: assets/scripts/mainmenu.cs in SourceAssetDB has modification time of '2025-04-30T19:29:19.2731904Z' while content on disk has modification time of '2025-04-30T19:29:20.0365723Z'
Number of updated asset objects reloaded before import = 0Number of asset objects unloaded after import = 0

========================================================================
Received Import Request.
  Time since last request: 0.000017 seconds.
  path: Assets/Scripts/MainMenu.cs
  artifactKey: Guid(bec661b304bf33645abee6d5b105ce53) Importer(815301076,1909f56bfc062723c751e8b465ee728b)
Start importing Assets/Scripts/MainMenu.cs using Guid(bec661b304bf33645abee6d5b105ce53) Importer(815301076,1909f56bfc062723c751e8b465ee728b) (PreviewImporter) -> (artifact id: '00000000000000000000000000000000') in 0.0008134 seconds
Import Error Code:(4)
Message: Build asset version error: assets/scripts/mainmenu.cs in SourceAssetDB has modification time of '2025-04-30T19:29:19.2731904Z' while content on disk has modification time of '2025-04-30T19:29:20.0365723Z'
  ERROR: Build asset version error: assets/scripts/mainmenu.cs in SourceAssetDB has modification time of '2025-04-30T19:29:19.2731904Z' while content on disk has modification time of '2025-04-30T19:29:20.0365723Z'
Number of updated asset objects reloaded before import = 0Number of asset objects unloaded after import = 0

========================================================================
Received Import Request.
  Time since last request: 0.000028 seconds.
  path: Assets/Scripts/MainMenu.cs
  artifactKey: Guid(bec661b304bf33645abee6d5b105ce53) Importer(815301076,1909f56bfc062723c751e8b465ee728b)
Start importing Assets/Scripts/MainMenu.cs using Guid(bec661b304bf33645abee6d5b105ce53) Importer(815301076,1909f56bfc062723c751e8b465ee728b) (PreviewImporter) -> (artifact id: '00000000000000000000000000000000') in 0.0005619 seconds
Import Error Code:(4)
Message: Build asset version error: assets/scripts/mainmenu.cs in SourceAssetDB has modification time of '2025-04-30T19:29:19.2731904Z' while content on disk has modification time of '2025-04-30T19:29:20.0365723Z'
  ERROR: Build asset version error: assets/scripts/mainmenu.cs in SourceAssetDB has modification time of '2025-04-30T19:29:19.2731904Z' while content on disk has modification time of '2025-04-30T19:29:20.0365723Z'
Number of updated asset objects reloaded before import = 0Number of asset objects unloaded after import = 0

========================================================================
Received Import Request.
  Time since last request: 0.000020 seconds.
  path: Assets/Scripts/MainMenu.cs
  artifactKey: Guid(bec661b304bf33645abee6d5b105ce53) Importer(815301076,1909f56bfc062723c751e8b465ee728b)
Start importing Assets/Scripts/MainMenu.cs using Guid(bec661b304bf33645abee6d5b105ce53) Importer(815301076,1909f56bfc062723c751e8b465ee728b) (PreviewImporter) -> (artifact id: '00000000000000000000000000000000') in 0.0005628 seconds
Import Error Code:(4)
Message: Build asset version error: assets/scripts/mainmenu.cs in SourceAssetDB has modification time of '2025-04-30T19:29:19.2731904Z' while content on disk has modification time of '2025-04-30T19:29:20.0365723Z'
  ERROR: Build asset version error: assets/scripts/mainmenu.cs in SourceAssetDB has modification time of '2025-04-30T19:29:19.2731904Z' while content on disk has modification time of '2025-04-30T19:29:20.0365723Z'
Number of updated asset objects reloaded before import = 0Number of asset objects unloaded after import = 0

========================================================================
Received Import Request.
  Time since last request: 0.000019 seconds.
  path: Assets/Scripts/MainMenu.cs
  artifactKey: Guid(bec661b304bf33645abee6d5b105ce53) Importer(815301076,1909f56bfc062723c751e8b465ee728b)
Start importing Assets/Scripts/MainMenu.cs using Guid(bec661b304bf33645abee6d5b105ce53) Importer(815301076,1909f56bfc062723c751e8b465ee728b) (PreviewImporter) -> (artifact id: '00000000000000000000000000000000') in 0.0006043 seconds
Import Error Code:(4)
Message: Build asset version error: assets/scripts/mainmenu.cs in SourceAssetDB has modification time of '2025-04-30T19:29:19.2731904Z' while content on disk has modification time of '2025-04-30T19:29:20.0365723Z'
  ERROR: Build asset version error: assets/scripts/mainmenu.cs in SourceAssetDB has modification time of '2025-04-30T19:29:19.2731904Z' while content on disk has modification time of '2025-04-30T19:29:20.0365723Z'
Number of updated asset objects reloaded before import = 0Number of asset objects unloaded after import = 0

========================================================================
Received Import Request.
  Time since last request: 0.000013 seconds.
  path: Assets/Scripts/MainMenu.cs
  artifactKey: Guid(bec661b304bf33645abee6d5b105ce53) Importer(815301076,1909f56bfc062723c751e8b465ee728b)
Start importing Assets/Scripts/MainMenu.cs using Guid(bec661b304bf33645abee6d5b105ce53) Importer(815301076,1909f56bfc062723c751e8b465ee728b) (PreviewImporter) -> (artifact id: '00000000000000000000000000000000') in 0.0005501 seconds
Import Error Code:(4)
Message: Build asset version error: assets/scripts/mainmenu.cs in SourceAssetDB has modification time of '2025-04-30T19:29:19.2731904Z' while content on disk has modification time of '2025-04-30T19:29:20.0365723Z'
  ERROR: Build asset version error: assets/scripts/mainmenu.cs in SourceAssetDB has modification time of '2025-04-30T19:29:19.2731904Z' while content on disk has modification time of '2025-04-30T19:29:20.0365723Z'
Number of updated asset objects reloaded before import = 0Number of asset objects unloaded after import = 0

========================================================================
Received Import Request.
  Time since last request: 0.000015 seconds.
  path: Assets/Scripts/MainMenu.cs
  artifactKey: Guid(bec661b304bf33645abee6d5b105ce53) Importer(815301076,1909f56bfc062723c751e8b465ee728b)
Start importing Assets/Scripts/MainMenu.cs using Guid(bec661b304bf33645abee6d5b105ce53) Importer(815301076,1909f56bfc062723c751e8b465ee728b) (PreviewImporter) -> (artifact id: '00000000000000000000000000000000') in 0.0005162 seconds
Import Error Code:(4)
Message: Build asset version error: assets/scripts/mainmenu.cs in SourceAssetDB has modification time of '2025-04-30T19:29:19.2731904Z' while content on disk has modification time of '2025-04-30T19:29:20.0365723Z'
  ERROR: Build asset version error: assets/scripts/mainmenu.cs in SourceAssetDB has modification time of '2025-04-30T19:29:19.2731904Z' while content on disk has modification time of '2025-04-30T19:29:20.0365723Z'
Number of updated asset objects reloaded before import = 0Number of asset objects unloaded after import = 0

========================================================================
Received Import Request.
  Time since last request: 0.000038 seconds.
  path: Assets/Scripts/MainMenu.cs
  artifactKey: Guid(bec661b304bf33645abee6d5b105ce53) Importer(815301076,1909f56bfc062723c751e8b465ee728b)
Start importing Assets/Scripts/MainMenu.cs using Guid(bec661b304bf33645abee6d5b105ce53) Importer(815301076,1909f56bfc062723c751e8b465ee728b) (PreviewImporter) -> (artifact id: '00000000000000000000000000000000') in 0.0005727 seconds
Import Error Code:(4)
Message: Build asset version error: assets/scripts/mainmenu.cs in SourceAssetDB has modification time of '2025-04-30T19:29:19.2731904Z' while content on disk has modification time of '2025-04-30T19:29:20.0365723Z'
  ERROR: Build asset version error: assets/scripts/mainmenu.cs in SourceAssetDB has modification time of '2025-04-30T19:29:19.2731904Z' while content on disk has modification time of '2025-04-30T19:29:20.0365723Z'
Number of updated asset objects reloaded before import = 0Number of asset objects unloaded after import = 0

========================================================================
Received Import Request.
  Time since last request: 0.000050 seconds.
  path: Assets/Scripts/MainMenu.cs
  artifactKey: Guid(bec661b304bf33645abee6d5b105ce53) Importer(815301076,1909f56bfc062723c751e8b465ee728b)
Start importing Assets/Scripts/MainMenu.cs using Guid(bec661b304bf33645abee6d5b105ce53) Importer(815301076,1909f56bfc062723c751e8b465ee728b) (PreviewImporter) -> (artifact id: '00000000000000000000000000000000') in 0.0006363 seconds
Import Error Code:(4)
Message: Build asset version error: assets/scripts/mainmenu.cs in SourceAssetDB has modification time of '2025-04-30T19:29:19.2731904Z' while content on disk has modification time of '2025-04-30T19:29:20.0365723Z'
  ERROR: Build asset version error: assets/scripts/mainmenu.cs in SourceAssetDB has modification time of '2025-04-30T19:29:19.2731904Z' while content on disk has modification time of '2025-04-30T19:29:20.0365723Z'
Number of updated asset objects reloaded before import = 0Number of asset objects unloaded after import = 0

========================================================================
Received Import Request.
  Time since last request: 0.000017 seconds.
  path: Assets/Scripts/MainMenu.cs
  artifactKey: Guid(bec661b304bf33645abee6d5b105ce53) Importer(815301076,1909f56bfc062723c751e8b465ee728b)
Start importing Assets/Scripts/MainMenu.cs using Guid(bec661b304bf33645abee6d5b105ce53) Importer(815301076,1909f56bfc062723c751e8b465ee728b) (PreviewImporter) -> (artifact id: '00000000000000000000000000000000') in 0.0005705 seconds
Import Error Code:(4)
Message: Build asset version error: assets/scripts/mainmenu.cs in SourceAssetDB has modification time of '2025-04-30T19:29:19.2731904Z' while content on disk has modification time of '2025-04-30T19:29:20.0365723Z'
  ERROR: Build asset version error: assets/scripts/mainmenu.cs in SourceAssetDB has modification time of '2025-04-30T19:29:19.2731904Z' while content on disk has modification time of '2025-04-30T19:29:20.0365723Z'
Number of updated asset objects reloaded before import = 0Number of asset objects unloaded after import = 0

========================================================================
Received Import Request.
  Time since last request: 0.000029 seconds.
  path: Assets/Scripts/MainMenu.cs
  artifactKey: Guid(bec661b304bf33645abee6d5b105ce53) Importer(815301076,1909f56bfc062723c751e8b465ee728b)
Start importing Assets/Scripts/MainMenu.cs using Guid(bec661b304bf33645abee6d5b105ce53) Importer(815301076,1909f56bfc062723c751e8b465ee728b) (PreviewImporter) -> (artifact id: '00000000000000000000000000000000') in 0.0006898 seconds
Import Error Code:(4)
Message: Build asset version error: assets/scripts/mainmenu.cs in SourceAssetDB has modification time of '2025-04-30T19:29:19.2731904Z' while content on disk has modification time of '2025-04-30T19:29:20.0365723Z'
  ERROR: Build asset version error: assets/scripts/mainmenu.cs in SourceAssetDB has modification time of '2025-04-30T19:29:19.2731904Z' while content on disk has modification time of '2025-04-30T19:29:20.0365723Z'
Number of updated asset objects reloaded before import = 0Number of asset objects unloaded after import = 0

========================================================================
Received Import Request.
  Time since last request: 0.000069 seconds.
  path: Assets/Scripts/MainMenu.cs
  artifactKey: Guid(bec661b304bf33645abee6d5b105ce53) Importer(815301076,1909f56bfc062723c751e8b465ee728b)
Start importing Assets/Scripts/MainMenu.cs using Guid(bec661b304bf33645abee6d5b105ce53) Importer(815301076,1909f56bfc062723c751e8b465ee728b) (PreviewImporter) -> (artifact id: '00000000000000000000000000000000') in 0.0006036 seconds
Import Error Code:(4)
Message: Build asset version error: assets/scripts/mainmenu.cs in SourceAssetDB has modification time of '2025-04-30T19:29:19.2731904Z' while content on disk has modification time of '2025-04-30T19:29:20.0365723Z'
  ERROR: Build asset version error: assets/scripts/mainmenu.cs in SourceAssetDB has modification time of '2025-04-30T19:29:19.2731904Z' while content on disk has modification time of '2025-04-30T19:29:20.0365723Z'
Number of updated asset objects reloaded before import = 0Number of asset objects unloaded after import = 0

========================================================================
Received Import Request.
  Time since last request: 0.000019 seconds.
  path: Assets/Scripts/MainMenu.cs
  artifactKey: Guid(bec661b304bf33645abee6d5b105ce53) Importer(815301076,1909f56bfc062723c751e8b465ee728b)
Start importing Assets/Scripts/MainMenu.cs using Guid(bec661b304bf33645abee6d5b105ce53) Importer(815301076,1909f56bfc062723c751e8b465ee728b) (PreviewImporter) -> (artifact id: '00000000000000000000000000000000') in 0.0006268 seconds
Import Error Code:(4)
Message: Build asset version error: assets/scripts/mainmenu.cs in SourceAssetDB has modification time of '2025-04-30T19:29:19.2731904Z' while content on disk has modification time of '2025-04-30T19:29:20.0365723Z'
  ERROR: Build asset version error: assets/scripts/mainmenu.cs in SourceAssetDB has modification time of '2025-04-30T19:29:19.2731904Z' while content on disk has modification time of '2025-04-30T19:29:20.0365723Z'
Number of updated asset objects reloaded before import = 0Number of asset objects unloaded after import = 0

========================================================================
Received Import Request.
  Time since last request: 0.000017 seconds.
  path: Assets/Scripts/MainMenu.cs
  artifactKey: Guid(bec661b304bf33645abee6d5b105ce53) Importer(815301076,1909f56bfc062723c751e8b465ee728b)
Start importing Assets/Scripts/MainMenu.cs using Guid(bec661b304bf33645abee6d5b105ce53) Importer(815301076,1909f56bfc062723c751e8b465ee728b) (PreviewImporter) -> (artifact id: '00000000000000000000000000000000') in 0.0005218 seconds
Import Error Code:(4)
Message: Build asset version error: assets/scripts/mainmenu.cs in SourceAssetDB has modification time of '2025-04-30T19:29:19.2731904Z' while content on disk has modification time of '2025-04-30T19:29:20.0365723Z'
  ERROR: Build asset version error: assets/scripts/mainmenu.cs in SourceAssetDB has modification time of '2025-04-30T19:29:19.2731904Z' while content on disk has modification time of '2025-04-30T19:29:20.0365723Z'
Number of updated asset objects reloaded before import = 0Number of asset objects unloaded after import = 0

========================================================================
Received Import Request.
  Time since last request: 0.000017 seconds.
  path: Assets/Scripts/MainMenu.cs
  artifactKey: Guid(bec661b304bf33645abee6d5b105ce53) Importer(815301076,1909f56bfc062723c751e8b465ee728b)
Start importing Assets/Scripts/MainMenu.cs using Guid(bec661b304bf33645abee6d5b105ce53) Importer(815301076,1909f56bfc062723c751e8b465ee728b) (PreviewImporter) -> (artifact id: '00000000000000000000000000000000') in 0.0005555 seconds
Import Error Code:(4)
Message: Build asset version error: assets/scripts/mainmenu.cs in SourceAssetDB has modification time of '2025-04-30T19:29:19.2731904Z' while content on disk has modification time of '2025-04-30T19:29:20.0365723Z'
  ERROR: Build asset version error: assets/scripts/mainmenu.cs in SourceAssetDB has modification time of '2025-04-30T19:29:19.2731904Z' while content on disk has modification time of '2025-04-30T19:29:20.0365723Z'
Number of updated asset objects reloaded before import = 0Number of asset objects unloaded after import = 0

========================================================================
Received Import Request.
  Time since last request: 0.000028 seconds.
  path: Assets/Scripts/MainMenu.cs
  artifactKey: Guid(bec661b304bf33645abee6d5b105ce53) Importer(815301076,1909f56bfc062723c751e8b465ee728b)
Start importing Assets/Scripts/MainMenu.cs using Guid(bec661b304bf33645abee6d5b105ce53) Importer(815301076,1909f56bfc062723c751e8b465ee728b) (PreviewImporter) -> (artifact id: '00000000000000000000000000000000') in 0.000582 seconds
Import Error Code:(4)
Message: Build asset version error: assets/scripts/mainmenu.cs in SourceAssetDB has modification time of '2025-04-30T19:29:19.2731904Z' while content on disk has modification time of '2025-04-30T19:29:20.0365723Z'
  ERROR: Build asset version error: assets/scripts/mainmenu.cs in SourceAssetDB has modification time of '2025-04-30T19:29:19.2731904Z' while content on disk has modification time of '2025-04-30T19:29:20.0365723Z'
Number of updated asset objects reloaded before import = 0Number of asset objects unloaded after import = 0

========================================================================
Received Import Request.
  Time since last request: 0.000014 seconds.
  path: Assets/Scripts/MainMenu.cs
  artifactKey: Guid(bec661b304bf33645abee6d5b105ce53) Importer(815301076,1909f56bfc062723c751e8b465ee728b)
Start importing Assets/Scripts/MainMenu.cs using Guid(bec661b304bf33645abee6d5b105ce53) Importer(815301076,1909f56bfc062723c751e8b465ee728b) (PreviewImporter) -> (artifact id: '00000000000000000000000000000000') in 0.000556 seconds
Import Error Code:(4)
Message: Build asset version error: assets/scripts/mainmenu.cs in SourceAssetDB has modification time of '2025-04-30T19:29:19.2731904Z' while content on disk has modification time of '2025-04-30T19:29:20.0365723Z'
  ERROR: Build asset version error: assets/scripts/mainmenu.cs in SourceAssetDB has modification time of '2025-04-30T19:29:19.2731904Z' while content on disk has modification time of '2025-04-30T19:29:20.0365723Z'
Number of updated asset objects reloaded before import = 0Number of asset objects unloaded after import = 0

========================================================================
Received Import Request.
  Time since last request: 0.000020 seconds.
  path: Assets/Scripts/MainMenu.cs
  artifactKey: Guid(bec661b304bf33645abee6d5b105ce53) Importer(815301076,1909f56bfc062723c751e8b465ee728b)
Start importing Assets/Scripts/MainMenu.cs using Guid(bec661b304bf33645abee6d5b105ce53) Importer(815301076,1909f56bfc062723c751e8b465ee728b) (PreviewImporter) -> (artifact id: '00000000000000000000000000000000') in 0.0005129 seconds
Import Error Code:(4)
Message: Build asset version error: assets/scripts/mainmenu.cs in SourceAssetDB has modification time of '2025-04-30T19:29:19.2731904Z' while content on disk has modification time of '2025-04-30T19:29:20.0365723Z'
  ERROR: Build asset version error: assets/scripts/mainmenu.cs in SourceAssetDB has modification time of '2025-04-30T19:29:19.2731904Z' while content on disk has modification time of '2025-04-30T19:29:20.0365723Z'
Number of updated asset objects reloaded before import = 0Number of asset objects unloaded after import = 0

========================================================================
Received Import Request.
  Time since last request: 0.000016 seconds.
  path: Assets/Scripts/MainMenu.cs
  artifactKey: Guid(bec661b304bf33645abee6d5b105ce53) Importer(815301076,1909f56bfc062723c751e8b465ee728b)
Start importing Assets/Scripts/MainMenu.cs using Guid(bec661b304bf33645abee6d5b105ce53) Importer(815301076,1909f56bfc062723c751e8b465ee728b) (PreviewImporter) -> (artifact id: '00000000000000000000000000000000') in 0.0005504 seconds
Import Error Code:(4)
Message: Build asset version error: assets/scripts/mainmenu.cs in SourceAssetDB has modification time of '2025-04-30T19:29:19.2731904Z' while content on disk has modification time of '2025-04-30T19:29:20.0365723Z'
  ERROR: Build asset version error: assets/scripts/mainmenu.cs in SourceAssetDB has modification time of '2025-04-30T19:29:19.2731904Z' while content on disk has modification time of '2025-04-30T19:29:20.0365723Z'
Number of updated asset objects reloaded before import = 0Number of asset objects unloaded after import = 0

========================================================================
Received Import Request.
  Time since last request: 0.000017 seconds.
  path: Assets/Scripts/MainMenu.cs
  artifactKey: Guid(bec661b304bf33645abee6d5b105ce53) Importer(815301076,1909f56bfc062723c751e8b465ee728b)
Start importing Assets/Scripts/MainMenu.cs using Guid(bec661b304bf33645abee6d5b105ce53) Importer(815301076,1909f56bfc062723c751e8b465ee728b) (PreviewImporter) -> (artifact id: '00000000000000000000000000000000') in 0.0005293 seconds
Import Error Code:(4)
Message: Build asset version error: assets/scripts/mainmenu.cs in SourceAssetDB has modification time of '2025-04-30T19:29:19.2731904Z' while content on disk has modification time of '2025-04-30T19:29:20.0365723Z'
  ERROR: Build asset version error: assets/scripts/mainmenu.cs in SourceAssetDB has modification time of '2025-04-30T19:29:19.2731904Z' while content on disk has modification time of '2025-04-30T19:29:20.0365723Z'
Number of updated asset objects reloaded before import = 0Number of asset objects unloaded after import = 0

========================================================================
Received Import Request.
  Time since last request: 0.000024 seconds.
  path: Assets/Scripts/MainMenu.cs
  artifactKey: Guid(bec661b304bf33645abee6d5b105ce53) Importer(815301076,1909f56bfc062723c751e8b465ee728b)
Start importing Assets/Scripts/MainMenu.cs using Guid(bec661b304bf33645abee6d5b105ce53) Importer(815301076,1909f56bfc062723c751e8b465ee728b) (PreviewImporter) -> (artifact id: '00000000000000000000000000000000') in 0.0006173 seconds
Import Error Code:(4)
Message: Build asset version error: assets/scripts/mainmenu.cs in SourceAssetDB has modification time of '2025-04-30T19:29:19.2731904Z' while content on disk has modification time of '2025-04-30T19:29:20.0365723Z'
  ERROR: Build asset version error: assets/scripts/mainmenu.cs in SourceAssetDB has modification time of '2025-04-30T19:29:19.2731904Z' while content on disk has modification time of '2025-04-30T19:29:20.0365723Z'
Number of updated asset objects reloaded before import = 0Number of asset objects unloaded after import = 0

========================================================================
Received Import Request.
  Time since last request: 0.000013 seconds.
  path: Assets/Scripts/MainMenu.cs
  artifactKey: Guid(bec661b304bf33645abee6d5b105ce53) Importer(815301076,1909f56bfc062723c751e8b465ee728b)
Start importing Assets/Scripts/MainMenu.cs using Guid(bec661b304bf33645abee6d5b105ce53) Importer(815301076,1909f56bfc062723c751e8b465ee728b) (PreviewImporter) -> (artifact id: '00000000000000000000000000000000') in 0.0007048 seconds
Import Error Code:(4)
Message: Build asset version error: assets/scripts/mainmenu.cs in SourceAssetDB has modification time of '2025-04-30T19:29:19.2731904Z' while content on disk has modification time of '2025-04-30T19:29:20.0365723Z'
  ERROR: Build asset version error: assets/scripts/mainmenu.cs in SourceAssetDB has modification time of '2025-04-30T19:29:19.2731904Z' while content on disk has modification time of '2025-04-30T19:29:20.0365723Z'
Number of updated asset objects reloaded before import = 0Number of asset objects unloaded after import = 0

========================================================================
Received Import Request.
  Time since last request: 0.000028 seconds.
  path: Assets/Scripts/MainMenu.cs
  artifactKey: Guid(bec661b304bf33645abee6d5b105ce53) Importer(815301076,1909f56bfc062723c751e8b465ee728b)
Start importing Assets/Scripts/MainMenu.cs using Guid(bec661b304bf33645abee6d5b105ce53) Importer(815301076,1909f56bfc062723c751e8b465ee728b) (PreviewImporter) -> (artifact id: '00000000000000000000000000000000') in 0.000437 seconds
Import Error Code:(4)
Message: Build asset version error: assets/scripts/mainmenu.cs in SourceAssetDB has modification time of '2025-04-30T19:29:19.2731904Z' while content on disk has modification time of '2025-04-30T19:29:20.0365723Z'
  ERROR: Build asset version error: assets/scripts/mainmenu.cs in SourceAssetDB has modification time of '2025-04-30T19:29:19.2731904Z' while content on disk has modification time of '2025-04-30T19:29:20.0365723Z'
Number of updated asset objects reloaded before import = 0Number of asset objects unloaded after import = 0

========================================================================
Received Import Request.
  Time since last request: 0.000015 seconds.
  path: Assets/Scripts/MainMenu.cs
  artifactKey: Guid(bec661b304bf33645abee6d5b105ce53) Importer(815301076,1909f56bfc062723c751e8b465ee728b)
Start importing Assets/Scripts/MainMenu.cs using Guid(bec661b304bf33645abee6d5b105ce53) Importer(815301076,1909f56bfc062723c751e8b465ee728b) (PreviewImporter) -> (artifact id: '00000000000000000000000000000000') in 0.0004777 seconds
Import Error Code:(4)
Message: Build asset version error: assets/scripts/mainmenu.cs in SourceAssetDB has modification time of '2025-04-30T19:29:19.2731904Z' while content on disk has modification time of '2025-04-30T19:29:20.0365723Z'
  ERROR: Build asset version error: assets/scripts/mainmenu.cs in SourceAssetDB has modification time of '2025-04-30T19:29:19.2731904Z' while content on disk has modification time of '2025-04-30T19:29:20.0365723Z'
Number of updated asset objects reloaded before import = 0Number of asset objects unloaded after import = 0

========================================================================
Received Import Request.
  Time since last request: 0.000015 seconds.
  path: Assets/Scripts/MainMenu.cs
  artifactKey: Guid(bec661b304bf33645abee6d5b105ce53) Importer(815301076,1909f56bfc062723c751e8b465ee728b)
Start importing Assets/Scripts/MainMenu.cs using Guid(bec661b304bf33645abee6d5b105ce53) Importer(815301076,1909f56bfc062723c751e8b465ee728b) (PreviewImporter) -> (artifact id: '00000000000000000000000000000000') in 0.0010347 seconds
Import Error Code:(4)
Message: Build asset version error: assets/scripts/mainmenu.cs in SourceAssetDB has modification time of '2025-04-30T19:29:19.2731904Z' while content on disk has modification time of '2025-04-30T19:29:20.0365723Z'
  ERROR: Build asset version error: assets/scripts/mainmenu.cs in SourceAssetDB has modification time of '2025-04-30T19:29:19.2731904Z' while content on disk has modification time of '2025-04-30T19:29:20.0365723Z'
Number of updated asset objects reloaded before import = 0Number of asset objects unloaded after import = 0

========================================================================
Received Import Request.
  Time since last request: 0.000017 seconds.
  path: Assets/Scripts/MainMenu.cs
  artifactKey: Guid(bec661b304bf33645abee6d5b105ce53) Importer(815301076,1909f56bfc062723c751e8b465ee728b)
Start importing Assets/Scripts/MainMenu.cs using Guid(bec661b304bf33645abee6d5b105ce53) Importer(815301076,1909f56bfc062723c751e8b465ee728b) (PreviewImporter) -> (artifact id: '00000000000000000000000000000000') in 0.0005239 seconds
Import Error Code:(4)
Message: Build asset version error: assets/scripts/mainmenu.cs in SourceAssetDB has modification time of '2025-04-30T19:29:19.2731904Z' while content on disk has modification time of '2025-04-30T19:29:20.0365723Z'
  ERROR: Build asset version error: assets/scripts/mainmenu.cs in SourceAssetDB has modification time of '2025-04-30T19:29:19.2731904Z' while content on disk has modification time of '2025-04-30T19:29:20.0365723Z'
Number of updated asset objects reloaded before import = 0Number of asset objects unloaded after import = 0

========================================================================
Received Import Request.
  Time since last request: 0.000016 seconds.
  path: Assets/Scripts/MainMenu.cs
  artifactKey: Guid(bec661b304bf33645abee6d5b105ce53) Importer(815301076,1909f56bfc062723c751e8b465ee728b)
Start importing Assets/Scripts/MainMenu.cs using Guid(bec661b304bf33645abee6d5b105ce53) Importer(815301076,1909f56bfc062723c751e8b465ee728b) (PreviewImporter) -> (artifact id: '00000000000000000000000000000000') in 0.0004283 seconds
Import Error Code:(4)
Message: Build asset version error: assets/scripts/mainmenu.cs in SourceAssetDB has modification time of '2025-04-30T19:29:19.2731904Z' while content on disk has modification time of '2025-04-30T19:29:20.0365723Z'
  ERROR: Build asset version error: assets/scripts/mainmenu.cs in SourceAssetDB has modification time of '2025-04-30T19:29:19.2731904Z' while content on disk has modification time of '2025-04-30T19:29:20.0365723Z'
Number of updated asset objects reloaded before import = 0Number of asset objects unloaded after import = 0

========================================================================
Received Import Request.
  Time since last request: 0.000016 seconds.
  path: Assets/Scripts/MainMenu.cs
  artifactKey: Guid(bec661b304bf33645abee6d5b105ce53) Importer(815301076,1909f56bfc062723c751e8b465ee728b)
Start importing Assets/Scripts/MainMenu.cs using Guid(bec661b304bf33645abee6d5b105ce53) Importer(815301076,1909f56bfc062723c751e8b465ee728b) (PreviewImporter) -> (artifact id: '00000000000000000000000000000000') in 0.0005805 seconds
Import Error Code:(4)
Message: Build asset version error: assets/scripts/mainmenu.cs in SourceAssetDB has modification time of '2025-04-30T19:29:19.2731904Z' while content on disk has modification time of '2025-04-30T19:29:20.0365723Z'
  ERROR: Build asset version error: assets/scripts/mainmenu.cs in SourceAssetDB has modification time of '2025-04-30T19:29:19.2731904Z' while content on disk has modification time of '2025-04-30T19:29:20.0365723Z'
Number of updated asset objects reloaded before import = 0Number of asset objects unloaded after import = 0

========================================================================
Received Import Request.
  Time since last request: 0.000013 seconds.
  path: Assets/Scripts/MainMenu.cs
  artifactKey: Guid(bec661b304bf33645abee6d5b105ce53) Importer(815301076,1909f56bfc062723c751e8b465ee728b)
Start importing Assets/Scripts/MainMenu.cs using Guid(bec661b304bf33645abee6d5b105ce53) Importer(815301076,1909f56bfc062723c751e8b465ee728b) (PreviewImporter) -> (artifact id: '00000000000000000000000000000000') in 0.0005203 seconds
Import Error Code:(4)
Message: Build asset version error: assets/scripts/mainmenu.cs in SourceAssetDB has modification time of '2025-04-30T19:29:19.2731904Z' while content on disk has modification time of '2025-04-30T19:29:20.0365723Z'
  ERROR: Build asset version error: assets/scripts/mainmenu.cs in SourceAssetDB has modification time of '2025-04-30T19:29:19.2731904Z' while content on disk has modification time of '2025-04-30T19:29:20.0365723Z'
Number of updated asset objects reloaded before import = 0Number of asset objects unloaded after import = 0

========================================================================
Received Import Request.
  Time since last request: 0.016997 seconds.
  path: Assets/Scripts/MainMenu.cs
  artifactKey: Guid(bec661b304bf33645abee6d5b105ce53) Importer(815301076,1909f56bfc062723c751e8b465ee728b)
Start importing Assets/Scripts/MainMenu.cs using Guid(bec661b304bf33645abee6d5b105ce53) Importer(815301076,1909f56bfc062723c751e8b465ee728b) (PreviewImporter) -> (artifact id: '00000000000000000000000000000000') in 0.000447 seconds
Import Error Code:(4)
Message: Build asset version error: assets/scripts/mainmenu.cs in SourceAssetDB has modification time of '2025-04-30T19:29:19.2731904Z' while content on disk has modification time of '2025-04-30T19:29:20.0365723Z'
  ERROR: Build asset version error: assets/scripts/mainmenu.cs in SourceAssetDB has modification time of '2025-04-30T19:29:19.2731904Z' while content on disk has modification time of '2025-04-30T19:29:20.0365723Z'
Number of updated asset objects reloaded before import = 0Number of asset objects unloaded after import = 0

========================================================================
Received Import Request.
  Time since last request: 0.000012 seconds.
  path: Assets/Scripts/MainMenu.cs
  artifactKey: Guid(bec661b304bf33645abee6d5b105ce53) Importer(815301076,1909f56bfc062723c751e8b465ee728b)
Start importing Assets/Scripts/MainMenu.cs using Guid(bec661b304bf33645abee6d5b105ce53) Importer(815301076,1909f56bfc062723c751e8b465ee728b) (PreviewImporter) -> (artifact id: '00000000000000000000000000000000') in 0.0004406 seconds
Import Error Code:(4)
Message: Build asset version error: assets/scripts/mainmenu.cs in SourceAssetDB has modification time of '2025-04-30T19:29:19.2731904Z' while content on disk has modification time of '2025-04-30T19:29:20.0365723Z'
  ERROR: Build asset version error: assets/scripts/mainmenu.cs in SourceAssetDB has modification time of '2025-04-30T19:29:19.2731904Z' while content on disk has modification time of '2025-04-30T19:29:20.0365723Z'
Number of updated asset objects reloaded before import = 0Number of asset objects unloaded after import = 0

========================================================================
Received Import Request.
  Time since last request: 0.000016 seconds.
  path: Assets/Scripts/MainMenu.cs
  artifactKey: Guid(bec661b304bf33645abee6d5b105ce53) Importer(815301076,1909f56bfc062723c751e8b465ee728b)
Start importing Assets/Scripts/MainMenu.cs using Guid(bec661b304bf33645abee6d5b105ce53) Importer(815301076,1909f56bfc062723c751e8b465ee728b) (PreviewImporter) -> (artifact id: '00000000000000000000000000000000') in 0.0005039 seconds
Import Error Code:(4)
Message: Build asset version error: assets/scripts/mainmenu.cs in SourceAssetDB has modification time of '2025-04-30T19:29:19.2731904Z' while content on disk has modification time of '2025-04-30T19:29:20.0365723Z'
  ERROR: Build asset version error: assets/scripts/mainmenu.cs in SourceAssetDB has modification time of '2025-04-30T19:29:19.2731904Z' while content on disk has modification time of '2025-04-30T19:29:20.0365723Z'
Number of updated asset objects reloaded before import = 0Number of asset objects unloaded after import = 0

========================================================================
Received Import Request.
  Time since last request: 0.000018 seconds.
  path: Assets/Scripts/MainMenu.cs
  artifactKey: Guid(bec661b304bf33645abee6d5b105ce53) Importer(815301076,1909f56bfc062723c751e8b465ee728b)
Start importing Assets/Scripts/MainMenu.cs using Guid(bec661b304bf33645abee6d5b105ce53) Importer(815301076,1909f56bfc062723c751e8b465ee728b) (PreviewImporter) -> (artifact id: '00000000000000000000000000000000') in 0.0004926 seconds
Import Error Code:(4)
Message: Build asset version error: assets/scripts/mainmenu.cs in SourceAssetDB has modification time of '2025-04-30T19:29:19.2731904Z' while content on disk has modification time of '2025-04-30T19:29:20.0365723Z'
  ERROR: Build asset version error: assets/scripts/mainmenu.cs in SourceAssetDB has modification time of '2025-04-30T19:29:19.2731904Z' while content on disk has modification time of '2025-04-30T19:29:20.0365723Z'
Number of updated asset objects reloaded before import = 0Number of asset objects unloaded after import = 0

========================================================================
Received Import Request.
  Time since last request: 0.000017 seconds.
  path: Assets/Scripts/MainMenu.cs
  artifactKey: Guid(bec661b304bf33645abee6d5b105ce53) Importer(815301076,1909f56bfc062723c751e8b465ee728b)
Start importing Assets/Scripts/MainMenu.cs using Guid(bec661b304bf33645abee6d5b105ce53) Importer(815301076,1909f56bfc062723c751e8b465ee728b) (PreviewImporter) -> (artifact id: '00000000000000000000000000000000') in 0.0006022 seconds
Import Error Code:(4)
Message: Build asset version error: assets/scripts/mainmenu.cs in SourceAssetDB has modification time of '2025-04-30T19:29:19.2731904Z' while content on disk has modification time of '2025-04-30T19:29:20.0365723Z'
  ERROR: Build asset version error: assets/scripts/mainmenu.cs in SourceAssetDB has modification time of '2025-04-30T19:29:19.2731904Z' while content on disk has modification time of '2025-04-30T19:29:20.0365723Z'
Number of updated asset objects reloaded before import = 0Number of asset objects unloaded after import = 0

========================================================================
Received Import Request.
  Time since last request: 0.000018 seconds.
  path: Assets/Scripts/MainMenu.cs
  artifactKey: Guid(bec661b304bf33645abee6d5b105ce53) Importer(815301076,1909f56bfc062723c751e8b465ee728b)
Start importing Assets/Scripts/MainMenu.cs using Guid(bec661b304bf33645abee6d5b105ce53) Importer(815301076,1909f56bfc062723c751e8b465ee728b) (PreviewImporter) -> (artifact id: '00000000000000000000000000000000') in 0.0005824 seconds
Import Error Code:(4)
Message: Build asset version error: assets/scripts/mainmenu.cs in SourceAssetDB has modification time of '2025-04-30T19:29:19.2731904Z' while content on disk has modification time of '2025-04-30T19:29:20.0365723Z'
  ERROR: Build asset version error: assets/scripts/mainmenu.cs in SourceAssetDB has modification time of '2025-04-30T19:29:19.2731904Z' while content on disk has modification time of '2025-04-30T19:29:20.0365723Z'
Number of updated asset objects reloaded before import = 0Number of asset objects unloaded after import = 0

========================================================================
Received Import Request.
  Time since last request: 0.000018 seconds.
  path: Assets/Scripts/MainMenu.cs
  artifactKey: Guid(bec661b304bf33645abee6d5b105ce53) Importer(815301076,1909f56bfc062723c751e8b465ee728b)
Start importing Assets/Scripts/MainMenu.cs using Guid(bec661b304bf33645abee6d5b105ce53) Importer(815301076,1909f56bfc062723c751e8b465ee728b) (PreviewImporter) -> (artifact id: '00000000000000000000000000000000') in 0.0007253 seconds
Import Error Code:(4)
Message: Build asset version error: assets/scripts/mainmenu.cs in SourceAssetDB has modification time of '2025-04-30T19:29:19.2731904Z' while content on disk has modification time of '2025-04-30T19:29:20.0365723Z'
  ERROR: Build asset version error: assets/scripts/mainmenu.cs in SourceAssetDB has modification time of '2025-04-30T19:29:19.2731904Z' while content on disk has modification time of '2025-04-30T19:29:20.0365723Z'
Number of updated asset objects reloaded before import = 0Number of asset objects unloaded after import = 0

========================================================================
Received Import Request.
  Time since last request: 0.000017 seconds.
  path: Assets/Scripts/MainMenu.cs
  artifactKey: Guid(bec661b304bf33645abee6d5b105ce53) Importer(815301076,1909f56bfc062723c751e8b465ee728b)
Start importing Assets/Scripts/MainMenu.cs using Guid(bec661b304bf33645abee6d5b105ce53) Importer(815301076,1909f56bfc062723c751e8b465ee728b) (PreviewImporter) -> (artifact id: '00000000000000000000000000000000') in 0.0007258 seconds
Import Error Code:(4)
Message: Build asset version error: assets/scripts/mainmenu.cs in SourceAssetDB has modification time of '2025-04-30T19:29:19.2731904Z' while content on disk has modification time of '2025-04-30T19:29:20.0365723Z'
  ERROR: Build asset version error: assets/scripts/mainmenu.cs in SourceAssetDB has modification time of '2025-04-30T19:29:19.2731904Z' while content on disk has modification time of '2025-04-30T19:29:20.0365723Z'
Number of updated asset objects reloaded before import = 0Number of asset objects unloaded after import = 0

========================================================================
Received Import Request.
  Time since last request: 0.000017 seconds.
  path: Assets/Scripts/MainMenu.cs
  artifactKey: Guid(bec661b304bf33645abee6d5b105ce53) Importer(815301076,1909f56bfc062723c751e8b465ee728b)
Start importing Assets/Scripts/MainMenu.cs using Guid(bec661b304bf33645abee6d5b105ce53) Importer(815301076,1909f56bfc062723c751e8b465ee728b) (PreviewImporter) -> (artifact id: '00000000000000000000000000000000') in 0.0005225 seconds
Import Error Code:(4)
Message: Build asset version error: assets/scripts/mainmenu.cs in SourceAssetDB has modification time of '2025-04-30T19:29:19.2731904Z' while content on disk has modification time of '2025-04-30T19:29:20.0365723Z'
  ERROR: Build asset version error: assets/scripts/mainmenu.cs in SourceAssetDB has modification time of '2025-04-30T19:29:19.2731904Z' while content on disk has modification time of '2025-04-30T19:29:20.0365723Z'
Number of updated asset objects reloaded before import = 0Number of asset objects unloaded after import = 0

========================================================================
Received Import Request.
  Time since last request: 0.000026 seconds.
  path: Assets/Scripts/MainMenu.cs
  artifactKey: Guid(bec661b304bf33645abee6d5b105ce53) Importer(815301076,1909f56bfc062723c751e8b465ee728b)
Start importing Assets/Scripts/MainMenu.cs using Guid(bec661b304bf33645abee6d5b105ce53) Importer(815301076,1909f56bfc062723c751e8b465ee728b) (PreviewImporter) -> (artifact id: '00000000000000000000000000000000') in 0.0004169 seconds
Import Error Code:(4)
Message: Build asset version error: assets/scripts/mainmenu.cs in SourceAssetDB has modification time of '2025-04-30T19:29:19.2731904Z' while content on disk has modification time of '2025-04-30T19:29:20.0365723Z'
  ERROR: Build asset version error: assets/scripts/mainmenu.cs in SourceAssetDB has modification time of '2025-04-30T19:29:19.2731904Z' while content on disk has modification time of '2025-04-30T19:29:20.0365723Z'
Number of updated asset objects reloaded before import = 0Number of asset objects unloaded after import = 0

========================================================================
Received Import Request.
  Time since last request: 0.000018 seconds.
  path: Assets/Scripts/MainMenu.cs
  artifactKey: Guid(bec661b304bf33645abee6d5b105ce53) Importer(815301076,1909f56bfc062723c751e8b465ee728b)
Start importing Assets/Scripts/MainMenu.cs using Guid(bec661b304bf33645abee6d5b105ce53) Importer(815301076,1909f56bfc062723c751e8b465ee728b) (PreviewImporter) -> (artifact id: '00000000000000000000000000000000') in 0.0005605 seconds
Import Error Code:(4)
Message: Build asset version error: assets/scripts/mainmenu.cs in SourceAssetDB has modification time of '2025-04-30T19:29:19.2731904Z' while content on disk has modification time of '2025-04-30T19:29:20.0365723Z'
  ERROR: Build asset version error: assets/scripts/mainmenu.cs in SourceAssetDB has modification time of '2025-04-30T19:29:19.2731904Z' while content on disk has modification time of '2025-04-30T19:29:20.0365723Z'
Number of updated asset objects reloaded before import = 0Number of asset objects unloaded after import = 0

========================================================================
Received Import Request.
  Time since last request: 0.000019 seconds.
  path: Assets/Scripts/MainMenu.cs
  artifactKey: Guid(bec661b304bf33645abee6d5b105ce53) Importer(815301076,1909f56bfc062723c751e8b465ee728b)
Start importing Assets/Scripts/MainMenu.cs using Guid(bec661b304bf33645abee6d5b105ce53) Importer(815301076,1909f56bfc062723c751e8b465ee728b) (PreviewImporter) -> (artifact id: '00000000000000000000000000000000') in 0.0008626 seconds
Import Error Code:(4)
Message: Build asset version error: assets/scripts/mainmenu.cs in SourceAssetDB has modification time of '2025-04-30T19:29:19.2731904Z' while content on disk has modification time of '2025-04-30T19:29:20.0365723Z'
  ERROR: Build asset version error: assets/scripts/mainmenu.cs in SourceAssetDB has modification time of '2025-04-30T19:29:19.2731904Z' while content on disk has modification time of '2025-04-30T19:29:20.0365723Z'
Number of updated asset objects reloaded before import = 0Number of asset objects unloaded after import = 0

========================================================================
Received Import Request.
  Time since last request: 0.000017 seconds.
  path: Assets/Scripts/MainMenu.cs
  artifactKey: Guid(bec661b304bf33645abee6d5b105ce53) Importer(815301076,1909f56bfc062723c751e8b465ee728b)
Start importing Assets/Scripts/MainMenu.cs using Guid(bec661b304bf33645abee6d5b105ce53) Importer(815301076,1909f56bfc062723c751e8b465ee728b) (PreviewImporter) -> (artifact id: '00000000000000000000000000000000') in 0.0007569 seconds
Import Error Code:(4)
Message: Build asset version error: assets/scripts/mainmenu.cs in SourceAssetDB has modification time of '2025-04-30T19:29:19.2731904Z' while content on disk has modification time of '2025-04-30T19:29:20.0365723Z'
  ERROR: Build asset version error: assets/scripts/mainmenu.cs in SourceAssetDB has modification time of '2025-04-30T19:29:19.2731904Z' while content on disk has modification time of '2025-04-30T19:29:20.0365723Z'
Number of updated asset objects reloaded before import = 0Number of asset objects unloaded after import = 0

========================================================================
Received Import Request.
  Time since last request: 0.000015 seconds.
  path: Assets/Scripts/MainMenu.cs
  artifactKey: Guid(bec661b304bf33645abee6d5b105ce53) Importer(815301076,1909f56bfc062723c751e8b465ee728b)
Start importing Assets/Scripts/MainMenu.cs using Guid(bec661b304bf33645abee6d5b105ce53) Importer(815301076,1909f56bfc062723c751e8b465ee728b) (PreviewImporter) -> (artifact id: '00000000000000000000000000000000') in 0.0005092 seconds
Import Error Code:(4)
Message: Build asset version error: assets/scripts/mainmenu.cs in SourceAssetDB has modification time of '2025-04-30T19:29:19.2731904Z' while content on disk has modification time of '2025-04-30T19:29:20.0365723Z'
  ERROR: Build asset version error: assets/scripts/mainmenu.cs in SourceAssetDB has modification time of '2025-04-30T19:29:19.2731904Z' while content on disk has modification time of '2025-04-30T19:29:20.0365723Z'
Number of updated asset objects reloaded before import = 0Number of asset objects unloaded after import = 0

========================================================================
Received Import Request.
  Time since last request: 0.000016 seconds.
  path: Assets/Scripts/MainMenu.cs
  artifactKey: Guid(bec661b304bf33645abee6d5b105ce53) Importer(815301076,1909f56bfc062723c751e8b465ee728b)
Start importing Assets/Scripts/MainMenu.cs using Guid(bec661b304bf33645abee6d5b105ce53) Importer(815301076,1909f56bfc062723c751e8b465ee728b) (PreviewImporter) -> (artifact id: '00000000000000000000000000000000') in 0.0005465 seconds
Import Error Code:(4)
Message: Build asset version error: assets/scripts/mainmenu.cs in SourceAssetDB has modification time of '2025-04-30T19:29:19.2731904Z' while content on disk has modification time of '2025-04-30T19:29:20.0365723Z'
  ERROR: Build asset version error: assets/scripts/mainmenu.cs in SourceAssetDB has modification time of '2025-04-30T19:29:19.2731904Z' while content on disk has modification time of '2025-04-30T19:29:20.0365723Z'
Number of updated asset objects reloaded before import = 0Number of asset objects unloaded after import = 0

========================================================================
Received Import Request.
  Time since last request: 0.000024 seconds.
  path: Assets/Scripts/MainMenu.cs
  artifactKey: Guid(bec661b304bf33645abee6d5b105ce53) Importer(815301076,1909f56bfc062723c751e8b465ee728b)
Start importing Assets/Scripts/MainMenu.cs using Guid(bec661b304bf33645abee6d5b105ce53) Importer(815301076,1909f56bfc062723c751e8b465ee728b) (PreviewImporter) -> (artifact id: '00000000000000000000000000000000') in 0.0005332 seconds
Import Error Code:(4)
Message: Build asset version error: assets/scripts/mainmenu.cs in SourceAssetDB has modification time of '2025-04-30T19:29:19.2731904Z' while content on disk has modification time of '2025-04-30T19:29:20.0365723Z'
  ERROR: Build asset version error: assets/scripts/mainmenu.cs in SourceAssetDB has modification time of '2025-04-30T19:29:19.2731904Z' while content on disk has modification time of '2025-04-30T19:29:20.0365723Z'
Number of updated asset objects reloaded before import = 0Number of asset objects unloaded after import = 0

========================================================================
Received Import Request.
  Time since last request: 0.000014 seconds.
  path: Assets/Scripts/MainMenu.cs
  artifactKey: Guid(bec661b304bf33645abee6d5b105ce53) Importer(815301076,1909f56bfc062723c751e8b465ee728b)
Start importing Assets/Scripts/MainMenu.cs using Guid(bec661b304bf33645abee6d5b105ce53) Importer(815301076,1909f56bfc062723c751e8b465ee728b) (PreviewImporter) -> (artifact id: '00000000000000000000000000000000') in 0.0007562 seconds
Import Error Code:(4)
Message: Build asset version error: assets/scripts/mainmenu.cs in SourceAssetDB has modification time of '2025-04-30T19:29:19.2731904Z' while content on disk has modification time of '2025-04-30T19:29:20.0365723Z'
  ERROR: Build asset version error: assets/scripts/mainmenu.cs in SourceAssetDB has modification time of '2025-04-30T19:29:19.2731904Z' while content on disk has modification time of '2025-04-30T19:29:20.0365723Z'
Number of updated asset objects reloaded before import = 0Number of asset objects unloaded after import = 0

========================================================================
Received Import Request.
  Time since last request: 0.000025 seconds.
  path: Assets/Scripts/MainMenu.cs
  artifactKey: Guid(bec661b304bf33645abee6d5b105ce53) Importer(815301076,1909f56bfc062723c751e8b465ee728b)
Start importing Assets/Scripts/MainMenu.cs using Guid(bec661b304bf33645abee6d5b105ce53) Importer(815301076,1909f56bfc062723c751e8b465ee728b) (PreviewImporter) -> (artifact id: '00000000000000000000000000000000') in 0.0008089 seconds
Import Error Code:(4)
Message: Build asset version error: assets/scripts/mainmenu.cs in SourceAssetDB has modification time of '2025-04-30T19:29:19.2731904Z' while content on disk has modification time of '2025-04-30T19:29:20.0365723Z'
  ERROR: Build asset version error: assets/scripts/mainmenu.cs in SourceAssetDB has modification time of '2025-04-30T19:29:19.2731904Z' while content on disk has modification time of '2025-04-30T19:29:20.0365723Z'
Number of updated asset objects reloaded before import = 0Number of asset objects unloaded after import = 0

========================================================================
Received Import Request.
  Time since last request: 0.000027 seconds.
  path: Assets/Scripts/MainMenu.cs
  artifactKey: Guid(bec661b304bf33645abee6d5b105ce53) Importer(815301076,1909f56bfc062723c751e8b465ee728b)
Start importing Assets/Scripts/MainMenu.cs using Guid(bec661b304bf33645abee6d5b105ce53) Importer(815301076,1909f56bfc062723c751e8b465ee728b) (PreviewImporter) -> (artifact id: '00000000000000000000000000000000') in 0.0005342 seconds
Import Error Code:(4)
Message: Build asset version error: assets/scripts/mainmenu.cs in SourceAssetDB has modification time of '2025-04-30T19:29:19.2731904Z' while content on disk has modification time of '2025-04-30T19:29:20.0365723Z'
  ERROR: Build asset version error: assets/scripts/mainmenu.cs in SourceAssetDB has modification time of '2025-04-30T19:29:19.2731904Z' while content on disk has modification time of '2025-04-30T19:29:20.0365723Z'
Number of updated asset objects reloaded before import = 0Number of asset objects unloaded after import = 0

========================================================================
Received Import Request.
  Time since last request: 0.000016 seconds.
  path: Assets/Scripts/MainMenu.cs
  artifactKey: Guid(bec661b304bf33645abee6d5b105ce53) Importer(815301076,1909f56bfc062723c751e8b465ee728b)
Start importing Assets/Scripts/MainMenu.cs using Guid(bec661b304bf33645abee6d5b105ce53) Importer(815301076,1909f56bfc062723c751e8b465ee728b) (PreviewImporter) -> (artifact id: '00000000000000000000000000000000') in 0.0005787 seconds
Import Error Code:(4)
Message: Build asset version error: assets/scripts/mainmenu.cs in SourceAssetDB has modification time of '2025-04-30T19:29:19.2731904Z' while content on disk has modification time of '2025-04-30T19:29:20.0365723Z'
  ERROR: Build asset version error: assets/scripts/mainmenu.cs in SourceAssetDB has modification time of '2025-04-30T19:29:19.2731904Z' while content on disk has modification time of '2025-04-30T19:29:20.0365723Z'
Number of updated asset objects reloaded before import = 0Number of asset objects unloaded after import = 0

========================================================================
Received Import Request.
  Time since last request: 0.000027 seconds.
  path: Assets/Scripts/MainMenu.cs
  artifactKey: Guid(bec661b304bf33645abee6d5b105ce53) Importer(815301076,1909f56bfc062723c751e8b465ee728b)
Start importing Assets/Scripts/MainMenu.cs using Guid(bec661b304bf33645abee6d5b105ce53) Importer(815301076,1909f56bfc062723c751e8b465ee728b) (PreviewImporter) -> (artifact id: '00000000000000000000000000000000') in 0.0005952 seconds
Import Error Code:(4)
Message: Build asset version error: assets/scripts/mainmenu.cs in SourceAssetDB has modification time of '2025-04-30T19:29:19.2731904Z' while content on disk has modification time of '2025-04-30T19:29:20.0365723Z'
  ERROR: Build asset version error: assets/scripts/mainmenu.cs in SourceAssetDB has modification time of '2025-04-30T19:29:19.2731904Z' while content on disk has modification time of '2025-04-30T19:29:20.0365723Z'
Number of updated asset objects reloaded before import = 0Number of asset objects unloaded after import = 0

========================================================================
Received Import Request.
  Time since last request: 0.000017 seconds.
  path: Assets/Scripts/MainMenu.cs
  artifactKey: Guid(bec661b304bf33645abee6d5b105ce53) Importer(815301076,1909f56bfc062723c751e8b465ee728b)
Start importing Assets/Scripts/MainMenu.cs using Guid(bec661b304bf33645abee6d5b105ce53) Importer(815301076,1909f56bfc062723c751e8b465ee728b) (PreviewImporter) -> (artifact id: '00000000000000000000000000000000') in 0.0007167 seconds
Import Error Code:(4)
Message: Build asset version error: assets/scripts/mainmenu.cs in SourceAssetDB has modification time of '2025-04-30T19:29:19.2731904Z' while content on disk has modification time of '2025-04-30T19:29:20.0365723Z'
  ERROR: Build asset version error: assets/scripts/mainmenu.cs in SourceAssetDB has modification time of '2025-04-30T19:29:19.2731904Z' while content on disk has modification time of '2025-04-30T19:29:20.0365723Z'
Number of updated asset objects reloaded before import = 0Number of asset objects unloaded after import = 0

========================================================================
Received Import Request.
  Time since last request: 0.000028 seconds.
  path: Assets/Scripts/MainMenu.cs
  artifactKey: Guid(bec661b304bf33645abee6d5b105ce53) Importer(815301076,1909f56bfc062723c751e8b465ee728b)
Start importing Assets/Scripts/MainMenu.cs using Guid(bec661b304bf33645abee6d5b105ce53) Importer(815301076,1909f56bfc062723c751e8b465ee728b) (PreviewImporter) -> (artifact id: '00000000000000000000000000000000') in 0.0006177 seconds
Import Error Code:(4)
Message: Build asset version error: assets/scripts/mainmenu.cs in SourceAssetDB has modification time of '2025-04-30T19:29:19.2731904Z' while content on disk has modification time of '2025-04-30T19:29:20.0365723Z'
  ERROR: Build asset version error: assets/scripts/mainmenu.cs in SourceAssetDB has modification time of '2025-04-30T19:29:19.2731904Z' while content on disk has modification time of '2025-04-30T19:29:20.0365723Z'
Number of updated asset objects reloaded before import = 0Number of asset objects unloaded after import = 0

========================================================================
Received Import Request.
  Time since last request: 0.000015 seconds.
  path: Assets/Scripts/MainMenu.cs
  artifactKey: Guid(bec661b304bf33645abee6d5b105ce53) Importer(815301076,1909f56bfc062723c751e8b465ee728b)
Start importing Assets/Scripts/MainMenu.cs using Guid(bec661b304bf33645abee6d5b105ce53) Importer(815301076,1909f56bfc062723c751e8b465ee728b) (PreviewImporter) -> (artifact id: '00000000000000000000000000000000') in 0.0005136 seconds
Import Error Code:(4)
Message: Build asset version error: assets/scripts/mainmenu.cs in SourceAssetDB has modification time of '2025-04-30T19:29:19.2731904Z' while content on disk has modification time of '2025-04-30T19:29:20.0365723Z'
  ERROR: Build asset version error: assets/scripts/mainmenu.cs in SourceAssetDB has modification time of '2025-04-30T19:29:19.2731904Z' while content on disk has modification time of '2025-04-30T19:29:20.0365723Z'
Number of updated asset objects reloaded before import = 0Number of asset objects unloaded after import = 0

========================================================================
Received Import Request.
  Time since last request: 0.000013 seconds.
  path: Assets/Scripts/MainMenu.cs
  artifactKey: Guid(bec661b304bf33645abee6d5b105ce53) Importer(815301076,1909f56bfc062723c751e8b465ee728b)
Start importing Assets/Scripts/MainMenu.cs using Guid(bec661b304bf33645abee6d5b105ce53) Importer(815301076,1909f56bfc062723c751e8b465ee728b) (PreviewImporter) -> (artifact id: '00000000000000000000000000000000') in 0.0005588 seconds
Import Error Code:(4)
Message: Build asset version error: assets/scripts/mainmenu.cs in SourceAssetDB has modification time of '2025-04-30T19:29:19.2731904Z' while content on disk has modification time of '2025-04-30T19:29:20.0365723Z'
  ERROR: Build asset version error: assets/scripts/mainmenu.cs in SourceAssetDB has modification time of '2025-04-30T19:29:19.2731904Z' while content on disk has modification time of '2025-04-30T19:29:20.0365723Z'
Number of updated asset objects reloaded before import = 0Number of asset objects unloaded after import = 0

========================================================================
Received Import Request.
  Time since last request: 0.000030 seconds.
  path: Assets/Scripts/MainMenu.cs
  artifactKey: Guid(bec661b304bf33645abee6d5b105ce53) Importer(815301076,1909f56bfc062723c751e8b465ee728b)
Start importing Assets/Scripts/MainMenu.cs using Guid(bec661b304bf33645abee6d5b105ce53) Importer(815301076,1909f56bfc062723c751e8b465ee728b) (PreviewImporter) -> (artifact id: '00000000000000000000000000000000') in 0.0004523 seconds
Import Error Code:(4)
Message: Build asset version error: assets/scripts/mainmenu.cs in SourceAssetDB has modification time of '2025-04-30T19:29:19.2731904Z' while content on disk has modification time of '2025-04-30T19:29:20.0365723Z'
  ERROR: Build asset version error: assets/scripts/mainmenu.cs in SourceAssetDB has modification time of '2025-04-30T19:29:19.2731904Z' while content on disk has modification time of '2025-04-30T19:29:20.0365723Z'
Number of updated asset objects reloaded before import = 0Number of asset objects unloaded after import = 0

========================================================================
Received Import Request.
  Time since last request: 0.000016 seconds.
  path: Assets/Scripts/MainMenu.cs
  artifactKey: Guid(bec661b304bf33645abee6d5b105ce53) Importer(815301076,1909f56bfc062723c751e8b465ee728b)
Start importing Assets/Scripts/MainMenu.cs using Guid(bec661b304bf33645abee6d5b105ce53) Importer(815301076,1909f56bfc062723c751e8b465ee728b) (PreviewImporter) -> (artifact id: '00000000000000000000000000000000') in 0.000511 seconds
Import Error Code:(4)
Message: Build asset version error: assets/scripts/mainmenu.cs in SourceAssetDB has modification time of '2025-04-30T19:29:19.2731904Z' while content on disk has modification time of '2025-04-30T19:29:20.0365723Z'
  ERROR: Build asset version error: assets/scripts/mainmenu.cs in SourceAssetDB has modification time of '2025-04-30T19:29:19.2731904Z' while content on disk has modification time of '2025-04-30T19:29:20.0365723Z'
Number of updated asset objects reloaded before import = 0Number of asset objects unloaded after import = 0

========================================================================
Received Import Request.
  Time since last request: 0.000018 seconds.
  path: Assets/Scripts/MainMenu.cs
  artifactKey: Guid(bec661b304bf33645abee6d5b105ce53) Importer(815301076,1909f56bfc062723c751e8b465ee728b)
Start importing Assets/Scripts/MainMenu.cs using Guid(bec661b304bf33645abee6d5b105ce53) Importer(815301076,1909f56bfc062723c751e8b465ee728b) (PreviewImporter) -> (artifact id: '00000000000000000000000000000000') in 0.0008368 seconds
Import Error Code:(4)
Message: Build asset version error: assets/scripts/mainmenu.cs in SourceAssetDB has modification time of '2025-04-30T19:29:19.2731904Z' while content on disk has modification time of '2025-04-30T19:29:20.0365723Z'
  ERROR: Build asset version error: assets/scripts/mainmenu.cs in SourceAssetDB has modification time of '2025-04-30T19:29:19.2731904Z' while content on disk has modification time of '2025-04-30T19:29:20.0365723Z'
Number of updated asset objects reloaded before import = 0Number of asset objects unloaded after import = 0

========================================================================
Received Import Request.
  Time since last request: 0.000027 seconds.
  path: Assets/Scripts/MainMenu.cs
  artifactKey: Guid(bec661b304bf33645abee6d5b105ce53) Importer(815301076,1909f56bfc062723c751e8b465ee728b)
Start importing Assets/Scripts/MainMenu.cs using Guid(bec661b304bf33645abee6d5b105ce53) Importer(815301076,1909f56bfc062723c751e8b465ee728b) (PreviewImporter) -> (artifact id: '00000000000000000000000000000000') in 0.0005159 seconds
Import Error Code:(4)
Message: Build asset version error: assets/scripts/mainmenu.cs in SourceAssetDB has modification time of '2025-04-30T19:29:19.2731904Z' while content on disk has modification time of '2025-04-30T19:29:20.0365723Z'
  ERROR: Build asset version error: assets/scripts/mainmenu.cs in SourceAssetDB has modification time of '2025-04-30T19:29:19.2731904Z' while content on disk has modification time of '2025-04-30T19:29:20.0365723Z'
Number of updated asset objects reloaded before import = 0Number of asset objects unloaded after import = 0

========================================================================
Received Import Request.
  Time since last request: 0.000015 seconds.
  path: Assets/Scripts/MainMenu.cs
  artifactKey: Guid(bec661b304bf33645abee6d5b105ce53) Importer(815301076,1909f56bfc062723c751e8b465ee728b)
Start importing Assets/Scripts/MainMenu.cs using Guid(bec661b304bf33645abee6d5b105ce53) Importer(815301076,1909f56bfc062723c751e8b465ee728b) (PreviewImporter) -> (artifact id: '00000000000000000000000000000000') in 0.0005087 seconds
Import Error Code:(4)
Message: Build asset version error: assets/scripts/mainmenu.cs in SourceAssetDB has modification time of '2025-04-30T19:29:19.2731904Z' while content on disk has modification time of '2025-04-30T19:29:20.0365723Z'
  ERROR: Build asset version error: assets/scripts/mainmenu.cs in SourceAssetDB has modification time of '2025-04-30T19:29:19.2731904Z' while content on disk has modification time of '2025-04-30T19:29:20.0365723Z'
Number of updated asset objects reloaded before import = 0Number of asset objects unloaded after import = 0

========================================================================
Received Import Request.
  Time since last request: 0.000013 seconds.
  path: Assets/Scripts/MainMenu.cs
  artifactKey: Guid(bec661b304bf33645abee6d5b105ce53) Importer(815301076,1909f56bfc062723c751e8b465ee728b)
Start importing Assets/Scripts/MainMenu.cs using Guid(bec661b304bf33645abee6d5b105ce53) Importer(815301076,1909f56bfc062723c751e8b465ee728b) (PreviewImporter) -> (artifact id: '00000000000000000000000000000000') in 0.0005067 seconds
Import Error Code:(4)
Message: Build asset version error: assets/scripts/mainmenu.cs in SourceAssetDB has modification time of '2025-04-30T19:29:19.2731904Z' while content on disk has modification time of '2025-04-30T19:29:20.0365723Z'
  ERROR: Build asset version error: assets/scripts/mainmenu.cs in SourceAssetDB has modification time of '2025-04-30T19:29:19.2731904Z' while content on disk has modification time of '2025-04-30T19:29:20.0365723Z'
Number of updated asset objects reloaded before import = 0Number of asset objects unloaded after import = 0

========================================================================
Received Import Request.
  Time since last request: 0.000012 seconds.
  path: Assets/Scripts/MainMenu.cs
  artifactKey: Guid(bec661b304bf33645abee6d5b105ce53) Importer(815301076,1909f56bfc062723c751e8b465ee728b)
Start importing Assets/Scripts/MainMenu.cs using Guid(bec661b304bf33645abee6d5b105ce53) Importer(815301076,1909f56bfc062723c751e8b465ee728b) (PreviewImporter) -> (artifact id: '00000000000000000000000000000000') in 0.0005315 seconds
Import Error Code:(4)
Message: Build asset version error: assets/scripts/mainmenu.cs in SourceAssetDB has modification time of '2025-04-30T19:29:19.2731904Z' while content on disk has modification time of '2025-04-30T19:29:20.0365723Z'
  ERROR: Build asset version error: assets/scripts/mainmenu.cs in SourceAssetDB has modification time of '2025-04-30T19:29:19.2731904Z' while content on disk has modification time of '2025-04-30T19:29:20.0365723Z'
Number of updated asset objects reloaded before import = 0Number of asset objects unloaded after import = 0

========================================================================
Received Import Request.
  Time since last request: 0.000018 seconds.
  path: Assets/Scripts/MainMenu.cs
  artifactKey: Guid(bec661b304bf33645abee6d5b105ce53) Importer(815301076,1909f56bfc062723c751e8b465ee728b)
Start importing Assets/Scripts/MainMenu.cs using Guid(bec661b304bf33645abee6d5b105ce53) Importer(815301076,1909f56bfc062723c751e8b465ee728b) (PreviewImporter) -> (artifact id: '00000000000000000000000000000000') in 0.000463 seconds
Import Error Code:(4)
Message: Build asset version error: assets/scripts/mainmenu.cs in SourceAssetDB has modification time of '2025-04-30T19:29:19.2731904Z' while content on disk has modification time of '2025-04-30T19:29:20.0365723Z'
  ERROR: Build asset version error: assets/scripts/mainmenu.cs in SourceAssetDB has modification time of '2025-04-30T19:29:19.2731904Z' while content on disk has modification time of '2025-04-30T19:29:20.0365723Z'
Number of updated asset objects reloaded before import = 0Number of asset objects unloaded after import = 0

========================================================================
Received Import Request.
  Time since last request: 0.000013 seconds.
  path: Assets/Scripts/MainMenu.cs
  artifactKey: Guid(bec661b304bf33645abee6d5b105ce53) Importer(815301076,1909f56bfc062723c751e8b465ee728b)
Start importing Assets/Scripts/MainMenu.cs using Guid(bec661b304bf33645abee6d5b105ce53) Importer(815301076,1909f56bfc062723c751e8b465ee728b) (PreviewImporter) -> (artifact id: '00000000000000000000000000000000') in 0.0004822 seconds
Import Error Code:(4)
Message: Build asset version error: assets/scripts/mainmenu.cs in SourceAssetDB has modification time of '2025-04-30T19:29:19.2731904Z' while content on disk has modification time of '2025-04-30T19:29:20.0365723Z'
  ERROR: Build asset version error: assets/scripts/mainmenu.cs in SourceAssetDB has modification time of '2025-04-30T19:29:19.2731904Z' while content on disk has modification time of '2025-04-30T19:29:20.0365723Z'
Number of updated asset objects reloaded before import = 0Number of asset objects unloaded after import = 0

========================================================================
Received Import Request.
  Time since last request: 0.000013 seconds.
  path: Assets/Scripts/MainMenu.cs
  artifactKey: Guid(bec661b304bf33645abee6d5b105ce53) Importer(815301076,1909f56bfc062723c751e8b465ee728b)
Start importing Assets/Scripts/MainMenu.cs using Guid(bec661b304bf33645abee6d5b105ce53) Importer(815301076,1909f56bfc062723c751e8b465ee728b) (PreviewImporter) -> (artifact id: '00000000000000000000000000000000') in 0.0005007 seconds
Import Error Code:(4)
Message: Build asset version error: assets/scripts/mainmenu.cs in SourceAssetDB has modification time of '2025-04-30T19:29:19.2731904Z' while content on disk has modification time of '2025-04-30T19:29:20.0365723Z'
  ERROR: Build asset version error: assets/scripts/mainmenu.cs in SourceAssetDB has modification time of '2025-04-30T19:29:19.2731904Z' while content on disk has modification time of '2025-04-30T19:29:20.0365723Z'
Number of updated asset objects reloaded before import = 0Number of asset objects unloaded after import = 0

========================================================================
Received Import Request.
  Time since last request: 0.000013 seconds.
  path: Assets/Scripts/MainMenu.cs
  artifactKey: Guid(bec661b304bf33645abee6d5b105ce53) Importer(815301076,1909f56bfc062723c751e8b465ee728b)
Start importing Assets/Scripts/MainMenu.cs using Guid(bec661b304bf33645abee6d5b105ce53) Importer(815301076,1909f56bfc062723c751e8b465ee728b) (PreviewImporter) -> (artifact id: '00000000000000000000000000000000') in 0.0004311 seconds
Import Error Code:(4)
Message: Build asset version error: assets/scripts/mainmenu.cs in SourceAssetDB has modification time of '2025-04-30T19:29:19.2731904Z' while content on disk has modification time of '2025-04-30T19:29:20.0365723Z'
  ERROR: Build asset version error: assets/scripts/mainmenu.cs in SourceAssetDB has modification time of '2025-04-30T19:29:19.2731904Z' while content on disk has modification time of '2025-04-30T19:29:20.0365723Z'
Number of updated asset objects reloaded before import = 0Number of asset objects unloaded after import = 0

========================================================================
Received Import Request.
  Time since last request: 0.000014 seconds.
  path: Assets/Scripts/MainMenu.cs
  artifactKey: Guid(bec661b304bf33645abee6d5b105ce53) Importer(815301076,1909f56bfc062723c751e8b465ee728b)
Start importing Assets/Scripts/MainMenu.cs using Guid(bec661b304bf33645abee6d5b105ce53) Importer(815301076,1909f56bfc062723c751e8b465ee728b) (PreviewImporter) -> (artifact id: '00000000000000000000000000000000') in 0.0004331 seconds
Import Error Code:(4)
Message: Build asset version error: assets/scripts/mainmenu.cs in SourceAssetDB has modification time of '2025-04-30T19:29:19.2731904Z' while content on disk has modification time of '2025-04-30T19:29:20.0365723Z'
  ERROR: Build asset version error: assets/scripts/mainmenu.cs in SourceAssetDB has modification time of '2025-04-30T19:29:19.2731904Z' while content on disk has modification time of '2025-04-30T19:29:20.0365723Z'
Number of updated asset objects reloaded before import = 0Number of asset objects unloaded after import = 0

========================================================================
Received Import Request.
  Time since last request: 0.000024 seconds.
  path: Assets/Scripts/MainMenu.cs
  artifactKey: Guid(bec661b304bf33645abee6d5b105ce53) Importer(815301076,1909f56bfc062723c751e8b465ee728b)
Start importing Assets/Scripts/MainMenu.cs using Guid(bec661b304bf33645abee6d5b105ce53) Importer(815301076,1909f56bfc062723c751e8b465ee728b) (PreviewImporter) -> (artifact id: '00000000000000000000000000000000') in 0.0004277 seconds
Import Error Code:(4)
Message: Build asset version error: assets/scripts/mainmenu.cs in SourceAssetDB has modification time of '2025-04-30T19:29:19.2731904Z' while content on disk has modification time of '2025-04-30T19:29:20.0365723Z'
  ERROR: Build asset version error: assets/scripts/mainmenu.cs in SourceAssetDB has modification time of '2025-04-30T19:29:19.2731904Z' while content on disk has modification time of '2025-04-30T19:29:20.0365723Z'
Number of updated asset objects reloaded before import = 0Number of asset objects unloaded after import = 0

========================================================================
Received Import Request.
  Time since last request: 0.000014 seconds.
  path: Assets/Scripts/MainMenu.cs
  artifactKey: Guid(bec661b304bf33645abee6d5b105ce53) Importer(815301076,1909f56bfc062723c751e8b465ee728b)
Start importing Assets/Scripts/MainMenu.cs using Guid(bec661b304bf33645abee6d5b105ce53) Importer(815301076,1909f56bfc062723c751e8b465ee728b) (PreviewImporter) -> (artifact id: '00000000000000000000000000000000') in 0.0005319 seconds
Import Error Code:(4)
Message: Build asset version error: assets/scripts/mainmenu.cs in SourceAssetDB has modification time of '2025-04-30T19:29:19.2731904Z' while content on disk has modification time of '2025-04-30T19:29:20.0365723Z'
  ERROR: Build asset version error: assets/scripts/mainmenu.cs in SourceAssetDB has modification time of '2025-04-30T19:29:19.2731904Z' while content on disk has modification time of '2025-04-30T19:29:20.0365723Z'
Number of updated asset objects reloaded before import = 0Number of asset objects unloaded after import = 0

========================================================================
Received Import Request.
  Time since last request: 0.000026 seconds.
  path: Assets/Scripts/MainMenu.cs
  artifactKey: Guid(bec661b304bf33645abee6d5b105ce53) Importer(815301076,1909f56bfc062723c751e8b465ee728b)
Start importing Assets/Scripts/MainMenu.cs using Guid(bec661b304bf33645abee6d5b105ce53) Importer(815301076,1909f56bfc062723c751e8b465ee728b) (PreviewImporter) -> (artifact id: '00000000000000000000000000000000') in 0.0005189 seconds
Import Error Code:(4)
Message: Build asset version error: assets/scripts/mainmenu.cs in SourceAssetDB has modification time of '2025-04-30T19:29:19.2731904Z' while content on disk has modification time of '2025-04-30T19:29:20.0365723Z'
  ERROR: Build asset version error: assets/scripts/mainmenu.cs in SourceAssetDB has modification time of '2025-04-30T19:29:19.2731904Z' while content on disk has modification time of '2025-04-30T19:29:20.0365723Z'
Number of updated asset objects reloaded before import = 0Number of asset objects unloaded after import = 0

========================================================================
Received Import Request.
  Time since last request: 0.000016 seconds.
  path: Assets/Scripts/MainMenu.cs
  artifactKey: Guid(bec661b304bf33645abee6d5b105ce53) Importer(815301076,1909f56bfc062723c751e8b465ee728b)
Start importing Assets/Scripts/MainMenu.cs using Guid(bec661b304bf33645abee6d5b105ce53) Importer(815301076,1909f56bfc062723c751e8b465ee728b) (PreviewImporter) -> (artifact id: '00000000000000000000000000000000') in 0.0008202 seconds
Import Error Code:(4)
Message: Build asset version error: assets/scripts/mainmenu.cs in SourceAssetDB has modification time of '2025-04-30T19:29:19.2731904Z' while content on disk has modification time of '2025-04-30T19:29:20.0365723Z'
  ERROR: Build asset version error: assets/scripts/mainmenu.cs in SourceAssetDB has modification time of '2025-04-30T19:29:19.2731904Z' while content on disk has modification time of '2025-04-30T19:29:20.0365723Z'
Number of updated asset objects reloaded before import = 0Number of asset objects unloaded after import = 0

========================================================================
Received Import Request.
  Time since last request: 0.000012 seconds.
  path: Assets/Scripts/MainMenu.cs
  artifactKey: Guid(bec661b304bf33645abee6d5b105ce53) Importer(815301076,1909f56bfc062723c751e8b465ee728b)
Start importing Assets/Scripts/MainMenu.cs using Guid(bec661b304bf33645abee6d5b105ce53) Importer(815301076,1909f56bfc062723c751e8b465ee728b) (PreviewImporter) -> (artifact id: '00000000000000000000000000000000') in 0.0005113 seconds
Import Error Code:(4)
Message: Build asset version error: assets/scripts/mainmenu.cs in SourceAssetDB has modification time of '2025-04-30T19:29:19.2731904Z' while content on disk has modification time of '2025-04-30T19:29:20.0365723Z'
  ERROR: Build asset version error: assets/scripts/mainmenu.cs in SourceAssetDB has modification time of '2025-04-30T19:29:19.2731904Z' while content on disk has modification time of '2025-04-30T19:29:20.0365723Z'
Number of updated asset objects reloaded before import = 0Number of asset objects unloaded after import = 0

========================================================================
Received Import Request.
  Time since last request: 0.000014 seconds.
  path: Assets/Scripts/MainMenu.cs
  artifactKey: Guid(bec661b304bf33645abee6d5b105ce53) Importer(815301076,1909f56bfc062723c751e8b465ee728b)
Start importing Assets/Scripts/MainMenu.cs using Guid(bec661b304bf33645abee6d5b105ce53) Importer(815301076,1909f56bfc062723c751e8b465ee728b) (PreviewImporter) -> (artifact id: '00000000000000000000000000000000') in 0.0005256 seconds
Import Error Code:(4)
Message: Build asset version error: assets/scripts/mainmenu.cs in SourceAssetDB has modification time of '2025-04-30T19:29:19.2731904Z' while content on disk has modification time of '2025-04-30T19:29:20.0365723Z'
  ERROR: Build asset version error: assets/scripts/mainmenu.cs in SourceAssetDB has modification time of '2025-04-30T19:29:19.2731904Z' while content on disk has modification time of '2025-04-30T19:29:20.0365723Z'
Number of updated asset objects reloaded before import = 0Number of asset objects unloaded after import = 0

========================================================================
Received Import Request.
  Time since last request: 0.000021 seconds.
  path: Assets/Scripts/MainMenu.cs
  artifactKey: Guid(bec661b304bf33645abee6d5b105ce53) Importer(815301076,1909f56bfc062723c751e8b465ee728b)
Start importing Assets/Scripts/MainMenu.cs using Guid(bec661b304bf33645abee6d5b105ce53) Importer(815301076,1909f56bfc062723c751e8b465ee728b) (PreviewImporter) -> (artifact id: '00000000000000000000000000000000') in 0.0005168 seconds
Import Error Code:(4)
Message: Build asset version error: assets/scripts/mainmenu.cs in SourceAssetDB has modification time of '2025-04-30T19:29:19.2731904Z' while content on disk has modification time of '2025-04-30T19:29:20.0365723Z'
  ERROR: Build asset version error: assets/scripts/mainmenu.cs in SourceAssetDB has modification time of '2025-04-30T19:29:19.2731904Z' while content on disk has modification time of '2025-04-30T19:29:20.0365723Z'
Number of updated asset objects reloaded before import = 0Number of asset objects unloaded after import = 0

========================================================================
Received Import Request.
  Time since last request: 0.000016 seconds.
  path: Assets/Scripts/MainMenu.cs
  artifactKey: Guid(bec661b304bf33645abee6d5b105ce53) Importer(815301076,1909f56bfc062723c751e8b465ee728b)
Start importing Assets/Scripts/MainMenu.cs using Guid(bec661b304bf33645abee6d5b105ce53) Importer(815301076,1909f56bfc062723c751e8b465ee728b) (PreviewImporter) -> (artifact id: '00000000000000000000000000000000') in 0.0004626 seconds
Import Error Code:(4)
Message: Build asset version error: assets/scripts/mainmenu.cs in SourceAssetDB has modification time of '2025-04-30T19:29:19.2731904Z' while content on disk has modification time of '2025-04-30T19:29:20.0365723Z'
  ERROR: Build asset version error: assets/scripts/mainmenu.cs in SourceAssetDB has modification time of '2025-04-30T19:29:19.2731904Z' while content on disk has modification time of '2025-04-30T19:29:20.0365723Z'
Number of updated asset objects reloaded before import = 0Number of asset objects unloaded after import = 0

========================================================================
Received Import Request.
  Time since last request: 0.000012 seconds.
  path: Assets/Scripts/MainMenu.cs
  artifactKey: Guid(bec661b304bf33645abee6d5b105ce53) Importer(815301076,1909f56bfc062723c751e8b465ee728b)
Start importing Assets/Scripts/MainMenu.cs using Guid(bec661b304bf33645abee6d5b105ce53) Importer(815301076,1909f56bfc062723c751e8b465ee728b) (PreviewImporter) -> (artifact id: '00000000000000000000000000000000') in 0.000426 seconds
Import Error Code:(4)
Message: Build asset version error: assets/scripts/mainmenu.cs in SourceAssetDB has modification time of '2025-04-30T19:29:19.2731904Z' while content on disk has modification time of '2025-04-30T19:29:20.0365723Z'
  ERROR: Build asset version error: assets/scripts/mainmenu.cs in SourceAssetDB has modification time of '2025-04-30T19:29:19.2731904Z' while content on disk has modification time of '2025-04-30T19:29:20.0365723Z'
Number of updated asset objects reloaded before import = 0Number of asset objects unloaded after import = 0

========================================================================
Received Import Request.
  Time since last request: 0.000012 seconds.
  path: Assets/Scripts/MainMenu.cs
  artifactKey: Guid(bec661b304bf33645abee6d5b105ce53) Importer(815301076,1909f56bfc062723c751e8b465ee728b)
Start importing Assets/Scripts/MainMenu.cs using Guid(bec661b304bf33645abee6d5b105ce53) Importer(815301076,1909f56bfc062723c751e8b465ee728b) (PreviewImporter) -> (artifact id: '00000000000000000000000000000000') in 0.000486 seconds
Import Error Code:(4)
Message: Build asset version error: assets/scripts/mainmenu.cs in SourceAssetDB has modification time of '2025-04-30T19:29:19.2731904Z' while content on disk has modification time of '2025-04-30T19:29:20.0365723Z'
  ERROR: Build asset version error: assets/scripts/mainmenu.cs in SourceAssetDB has modification time of '2025-04-30T19:29:19.2731904Z' while content on disk has modification time of '2025-04-30T19:29:20.0365723Z'
Number of updated asset objects reloaded before import = 0Number of asset objects unloaded after import = 0

========================================================================
Received Import Request.
  Time since last request: 0.000012 seconds.
  path: Assets/Scripts/MainMenu.cs
  artifactKey: Guid(bec661b304bf33645abee6d5b105ce53) Importer(815301076,1909f56bfc062723c751e8b465ee728b)
Start importing Assets/Scripts/MainMenu.cs using Guid(bec661b304bf33645abee6d5b105ce53) Importer(815301076,1909f56bfc062723c751e8b465ee728b) (PreviewImporter) -> (artifact id: '00000000000000000000000000000000') in 0.0004891 seconds
Import Error Code:(4)
Message: Build asset version error: assets/scripts/mainmenu.cs in SourceAssetDB has modification time of '2025-04-30T19:29:19.2731904Z' while content on disk has modification time of '2025-04-30T19:29:20.0365723Z'
  ERROR: Build asset version error: assets/scripts/mainmenu.cs in SourceAssetDB has modification time of '2025-04-30T19:29:19.2731904Z' while content on disk has modification time of '2025-04-30T19:29:20.0365723Z'
Number of updated asset objects reloaded before import = 0Number of asset objects unloaded after import = 0

========================================================================
Received Import Request.
  Time since last request: 0.000022 seconds.
  path: Assets/Scripts/MainMenu.cs
  artifactKey: Guid(bec661b304bf33645abee6d5b105ce53) Importer(815301076,1909f56bfc062723c751e8b465ee728b)
Start importing Assets/Scripts/MainMenu.cs using Guid(bec661b304bf33645abee6d5b105ce53) Importer(815301076,1909f56bfc062723c751e8b465ee728b) (PreviewImporter) -> (artifact id: '00000000000000000000000000000000') in 0.000496 seconds
Import Error Code:(4)
Message: Build asset version error: assets/scripts/mainmenu.cs in SourceAssetDB has modification time of '2025-04-30T19:29:19.2731904Z' while content on disk has modification time of '2025-04-30T19:29:20.0365723Z'
  ERROR: Build asset version error: assets/scripts/mainmenu.cs in SourceAssetDB has modification time of '2025-04-30T19:29:19.2731904Z' while content on disk has modification time of '2025-04-30T19:29:20.0365723Z'
Number of updated asset objects reloaded before import = 0Number of asset objects unloaded after import = 0

========================================================================
Received Import Request.
  Time since last request: 0.000026 seconds.
  path: Assets/Scripts/MainMenu.cs
  artifactKey: Guid(bec661b304bf33645abee6d5b105ce53) Importer(815301076,1909f56bfc062723c751e8b465ee728b)
Start importing Assets/Scripts/MainMenu.cs using Guid(bec661b304bf33645abee6d5b105ce53) Importer(815301076,1909f56bfc062723c751e8b465ee728b) (PreviewImporter) -> (artifact id: '00000000000000000000000000000000') in 0.0005026 seconds
Import Error Code:(4)
Message: Build asset version error: assets/scripts/mainmenu.cs in SourceAssetDB has modification time of '2025-04-30T19:29:19.2731904Z' while content on disk has modification time of '2025-04-30T19:29:20.0365723Z'
  ERROR: Build asset version error: assets/scripts/mainmenu.cs in SourceAssetDB has modification time of '2025-04-30T19:29:19.2731904Z' while content on disk has modification time of '2025-04-30T19:29:20.0365723Z'
Number of updated asset objects reloaded before import = 0Number of asset objects unloaded after import = 0

========================================================================
Received Import Request.
  Time since last request: 0.000016 seconds.
  path: Assets/Scripts/MainMenu.cs
  artifactKey: Guid(bec661b304bf33645abee6d5b105ce53) Importer(815301076,1909f56bfc062723c751e8b465ee728b)
Start importing Assets/Scripts/MainMenu.cs using Guid(bec661b304bf33645abee6d5b105ce53) Importer(815301076,1909f56bfc062723c751e8b465ee728b) (PreviewImporter) -> (artifact id: '00000000000000000000000000000000') in 0.0004792 seconds
Import Error Code:(4)
Message: Build asset version error: assets/scripts/mainmenu.cs in SourceAssetDB has modification time of '2025-04-30T19:29:19.2731904Z' while content on disk has modification time of '2025-04-30T19:29:20.0365723Z'
  ERROR: Build asset version error: assets/scripts/mainmenu.cs in SourceAssetDB has modification time of '2025-04-30T19:29:19.2731904Z' while content on disk has modification time of '2025-04-30T19:29:20.0365723Z'
Number of updated asset objects reloaded before import = 0Number of asset objects unloaded after import = 0

========================================================================
Received Import Request.
  Time since last request: 0.000017 seconds.
  path: Assets/Scripts/MainMenu.cs
  artifactKey: Guid(bec661b304bf33645abee6d5b105ce53) Importer(815301076,1909f56bfc062723c751e8b465ee728b)
Start importing Assets/Scripts/MainMenu.cs using Guid(bec661b304bf33645abee6d5b105ce53) Importer(815301076,1909f56bfc062723c751e8b465ee728b) (PreviewImporter) -> (artifact id: '00000000000000000000000000000000') in 0.0004784 seconds
Import Error Code:(4)
Message: Build asset version error: assets/scripts/mainmenu.cs in SourceAssetDB has modification time of '2025-04-30T19:29:19.2731904Z' while content on disk has modification time of '2025-04-30T19:29:20.0365723Z'
  ERROR: Build asset version error: assets/scripts/mainmenu.cs in SourceAssetDB has modification time of '2025-04-30T19:29:19.2731904Z' while content on disk has modification time of '2025-04-30T19:29:20.0365723Z'
Number of updated asset objects reloaded before import = 0Number of asset objects unloaded after import = 0

========================================================================
Received Import Request.
  Time since last request: 0.000013 seconds.
  path: Assets/Scripts/MainMenu.cs
  artifactKey: Guid(bec661b304bf33645abee6d5b105ce53) Importer(815301076,1909f56bfc062723c751e8b465ee728b)
Start importing Assets/Scripts/MainMenu.cs using Guid(bec661b304bf33645abee6d5b105ce53) Importer(815301076,1909f56bfc062723c751e8b465ee728b) (PreviewImporter) -> (artifact id: '00000000000000000000000000000000') in 0.0004646 seconds
Import Error Code:(4)
Message: Build asset version error: assets/scripts/mainmenu.cs in SourceAssetDB has modification time of '2025-04-30T19:29:19.2731904Z' while content on disk has modification time of '2025-04-30T19:29:20.0365723Z'
  ERROR: Build asset version error: assets/scripts/mainmenu.cs in SourceAssetDB has modification time of '2025-04-30T19:29:19.2731904Z' while content on disk has modification time of '2025-04-30T19:29:20.0365723Z'
Number of updated asset objects reloaded before import = 0Number of asset objects unloaded after import = 0

========================================================================
Received Import Request.
  Time since last request: 0.000019 seconds.
  path: Assets/Scripts/MainMenu.cs
  artifactKey: Guid(bec661b304bf33645abee6d5b105ce53) Importer(815301076,1909f56bfc062723c751e8b465ee728b)
Start importing Assets/Scripts/MainMenu.cs using Guid(bec661b304bf33645abee6d5b105ce53) Importer(815301076,1909f56bfc062723c751e8b465ee728b) (PreviewImporter) -> (artifact id: '00000000000000000000000000000000') in 0.0004949 seconds
Import Error Code:(4)
Message: Build asset version error: assets/scripts/mainmenu.cs in SourceAssetDB has modification time of '2025-04-30T19:29:19.2731904Z' while content on disk has modification time of '2025-04-30T19:29:20.0365723Z'
  ERROR: Build asset version error: assets/scripts/mainmenu.cs in SourceAssetDB has modification time of '2025-04-30T19:29:19.2731904Z' while content on disk has modification time of '2025-04-30T19:29:20.0365723Z'
Number of updated asset objects reloaded before import = 0Number of asset objects unloaded after import = 0

========================================================================
Received Import Request.
  Time since last request: 0.000017 seconds.
  path: Assets/Scripts/MainMenu.cs
  artifactKey: Guid(bec661b304bf33645abee6d5b105ce53) Importer(815301076,1909f56bfc062723c751e8b465ee728b)
Start importing Assets/Scripts/MainMenu.cs using Guid(bec661b304bf33645abee6d5b105ce53) Importer(815301076,1909f56bfc062723c751e8b465ee728b) (PreviewImporter) -> (artifact id: '00000000000000000000000000000000') in 0.0005367 seconds
Import Error Code:(4)
Message: Build asset version error: assets/scripts/mainmenu.cs in SourceAssetDB has modification time of '2025-04-30T19:29:19.2731904Z' while content on disk has modification time of '2025-04-30T19:29:20.0365723Z'
  ERROR: Build asset version error: assets/scripts/mainmenu.cs in SourceAssetDB has modification time of '2025-04-30T19:29:19.2731904Z' while content on disk has modification time of '2025-04-30T19:29:20.0365723Z'
Number of updated asset objects reloaded before import = 0Number of asset objects unloaded after import = 0

========================================================================
Received Import Request.
  Time since last request: 0.000016 seconds.
  path: Assets/Scripts/MainMenu.cs
  artifactKey: Guid(bec661b304bf33645abee6d5b105ce53) Importer(815301076,1909f56bfc062723c751e8b465ee728b)
Start importing Assets/Scripts/MainMenu.cs using Guid(bec661b304bf33645abee6d5b105ce53) Importer(815301076,1909f56bfc062723c751e8b465ee728b) (PreviewImporter) -> (artifact id: '00000000000000000000000000000000') in 0.0005311 seconds
Import Error Code:(4)
Message: Build asset version error: assets/scripts/mainmenu.cs in SourceAssetDB has modification time of '2025-04-30T19:29:19.2731904Z' while content on disk has modification time of '2025-04-30T19:29:20.0365723Z'
  ERROR: Build asset version error: assets/scripts/mainmenu.cs in SourceAssetDB has modification time of '2025-04-30T19:29:19.2731904Z' while content on disk has modification time of '2025-04-30T19:29:20.0365723Z'
Number of updated asset objects reloaded before import = 0Number of asset objects unloaded after import = 0

========================================================================
Received Import Request.
  Time since last request: 0.000013 seconds.
  path: Assets/Scripts/MainMenu.cs
  artifactKey: Guid(bec661b304bf33645abee6d5b105ce53) Importer(815301076,1909f56bfc062723c751e8b465ee728b)
Start importing Assets/Scripts/MainMenu.cs using Guid(bec661b304bf33645abee6d5b105ce53) Importer(815301076,1909f56bfc062723c751e8b465ee728b) (PreviewImporter) -> (artifact id: '00000000000000000000000000000000') in 0.0005849 seconds
Import Error Code:(4)
Message: Build asset version error: assets/scripts/mainmenu.cs in SourceAssetDB has modification time of '2025-04-30T19:29:19.2731904Z' while content on disk has modification time of '2025-04-30T19:29:20.0365723Z'
  ERROR: Build asset version error: assets/scripts/mainmenu.cs in SourceAssetDB has modification time of '2025-04-30T19:29:19.2731904Z' while content on disk has modification time of '2025-04-30T19:29:20.0365723Z'
Number of updated asset objects reloaded before import = 0Number of asset objects unloaded after import = 0

========================================================================
Received Import Request.
  Time since last request: 0.000013 seconds.
  path: Assets/Scripts/MainMenu.cs
  artifactKey: Guid(bec661b304bf33645abee6d5b105ce53) Importer(815301076,1909f56bfc062723c751e8b465ee728b)
Start importing Assets/Scripts/MainMenu.cs using Guid(bec661b304bf33645abee6d5b105ce53) Importer(815301076,1909f56bfc062723c751e8b465ee728b) (PreviewImporter) -> (artifact id: '00000000000000000000000000000000') in 0.0005586 seconds
Import Error Code:(4)
Message: Build asset version error: assets/scripts/mainmenu.cs in SourceAssetDB has modification time of '2025-04-30T19:29:19.2731904Z' while content on disk has modification time of '2025-04-30T19:29:20.0365723Z'
  ERROR: Build asset version error: assets/scripts/mainmenu.cs in SourceAssetDB has modification time of '2025-04-30T19:29:19.2731904Z' while content on disk has modification time of '2025-04-30T19:29:20.0365723Z'
Number of updated asset objects reloaded before import = 0Number of asset objects unloaded after import = 0

========================================================================
Received Import Request.
  Time since last request: 0.000019 seconds.
  path: Assets/Scripts/MainMenu.cs
  artifactKey: Guid(bec661b304bf33645abee6d5b105ce53) Importer(815301076,1909f56bfc062723c751e8b465ee728b)
Start importing Assets/Scripts/MainMenu.cs using Guid(bec661b304bf33645abee6d5b105ce53) Importer(815301076,1909f56bfc062723c751e8b465ee728b) (PreviewImporter) -> (artifact id: '00000000000000000000000000000000') in 0.0005154 seconds
Import Error Code:(4)
Message: Build asset version error: assets/scripts/mainmenu.cs in SourceAssetDB has modification time of '2025-04-30T19:29:19.2731904Z' while content on disk has modification time of '2025-04-30T19:29:20.0365723Z'
  ERROR: Build asset version error: assets/scripts/mainmenu.cs in SourceAssetDB has modification time of '2025-04-30T19:29:19.2731904Z' while content on disk has modification time of '2025-04-30T19:29:20.0365723Z'
Number of updated asset objects reloaded before import = 0Number of asset objects unloaded after import = 0

========================================================================
Received Import Request.
  Time since last request: 0.000023 seconds.
  path: Assets/Scripts/MainMenu.cs
  artifactKey: Guid(bec661b304bf33645abee6d5b105ce53) Importer(815301076,1909f56bfc062723c751e8b465ee728b)
Start importing Assets/Scripts/MainMenu.cs using Guid(bec661b304bf33645abee6d5b105ce53) Importer(815301076,1909f56bfc062723c751e8b465ee728b) (PreviewImporter) -> (artifact id: '00000000000000000000000000000000') in 0.0006037 seconds
Import Error Code:(4)
Message: Build asset version error: assets/scripts/mainmenu.cs in SourceAssetDB has modification time of '2025-04-30T19:29:19.2731904Z' while content on disk has modification time of '2025-04-30T19:29:20.0365723Z'
  ERROR: Build asset version error: assets/scripts/mainmenu.cs in SourceAssetDB has modification time of '2025-04-30T19:29:19.2731904Z' while content on disk has modification time of '2025-04-30T19:29:20.0365723Z'
Number of updated asset objects reloaded before import = 0Number of asset objects unloaded after import = 0

========================================================================
Received Import Request.
  Time since last request: 0.000017 seconds.
  path: Assets/Scripts/MainMenu.cs
  artifactKey: Guid(bec661b304bf33645abee6d5b105ce53) Importer(815301076,1909f56bfc062723c751e8b465ee728b)
Start importing Assets/Scripts/MainMenu.cs using Guid(bec661b304bf33645abee6d5b105ce53) Importer(815301076,1909f56bfc062723c751e8b465ee728b) (PreviewImporter) -> (artifact id: '00000000000000000000000000000000') in 0.0005222 seconds
Import Error Code:(4)
Message: Build asset version error: assets/scripts/mainmenu.cs in SourceAssetDB has modification time of '2025-04-30T19:29:19.2731904Z' while content on disk has modification time of '2025-04-30T19:29:20.0365723Z'
  ERROR: Build asset version error: assets/scripts/mainmenu.cs in SourceAssetDB has modification time of '2025-04-30T19:29:19.2731904Z' while content on disk has modification time of '2025-04-30T19:29:20.0365723Z'
Number of updated asset objects reloaded before import = 0Number of asset objects unloaded after import = 0

========================================================================
Received Import Request.
  Time since last request: 0.000017 seconds.
  path: Assets/Scripts/MainMenu.cs
  artifactKey: Guid(bec661b304bf33645abee6d5b105ce53) Importer(815301076,1909f56bfc062723c751e8b465ee728b)
Start importing Assets/Scripts/MainMenu.cs using Guid(bec661b304bf33645abee6d5b105ce53) Importer(815301076,1909f56bfc062723c751e8b465ee728b) (PreviewImporter) -> (artifact id: '00000000000000000000000000000000') in 0.0006333 seconds
Import Error Code:(4)
Message: Build asset version error: assets/scripts/mainmenu.cs in SourceAssetDB has modification time of '2025-04-30T19:29:19.2731904Z' while content on disk has modification time of '2025-04-30T19:29:20.0365723Z'
  ERROR: Build asset version error: assets/scripts/mainmenu.cs in SourceAssetDB has modification time of '2025-04-30T19:29:19.2731904Z' while content on disk has modification time of '2025-04-30T19:29:20.0365723Z'
Number of updated asset objects reloaded before import = 0Number of asset objects unloaded after import = 0

========================================================================
Received Import Request.
  Time since last request: 0.000019 seconds.
  path: Assets/Scripts/MainMenu.cs
  artifactKey: Guid(bec661b304bf33645abee6d5b105ce53) Importer(815301076,1909f56bfc062723c751e8b465ee728b)
Start importing Assets/Scripts/MainMenu.cs using Guid(bec661b304bf33645abee6d5b105ce53) Importer(815301076,1909f56bfc062723c751e8b465ee728b) (PreviewImporter) -> (artifact id: '00000000000000000000000000000000') in 0.0006074 seconds
Import Error Code:(4)
Message: Build asset version error: assets/scripts/mainmenu.cs in SourceAssetDB has modification time of '2025-04-30T19:29:19.2731904Z' while content on disk has modification time of '2025-04-30T19:29:20.0365723Z'
  ERROR: Build asset version error: assets/scripts/mainmenu.cs in SourceAssetDB has modification time of '2025-04-30T19:29:19.2731904Z' while content on disk has modification time of '2025-04-30T19:29:20.0365723Z'
Number of updated asset objects reloaded before import = 0Number of asset objects unloaded after import = 0

========================================================================
Received Import Request.
  Time since last request: 0.000023 seconds.
  path: Assets/Scripts/MainMenu.cs
  artifactKey: Guid(bec661b304bf33645abee6d5b105ce53) Importer(815301076,1909f56bfc062723c751e8b465ee728b)
Start importing Assets/Scripts/MainMenu.cs using Guid(bec661b304bf33645abee6d5b105ce53) Importer(815301076,1909f56bfc062723c751e8b465ee728b) (PreviewImporter) -> (artifact id: '00000000000000000000000000000000') in 0.0005694 seconds
Import Error Code:(4)
Message: Build asset version error: assets/scripts/mainmenu.cs in SourceAssetDB has modification time of '2025-04-30T19:29:19.2731904Z' while content on disk has modification time of '2025-04-30T19:29:20.0365723Z'
  ERROR: Build asset version error: assets/scripts/mainmenu.cs in SourceAssetDB has modification time of '2025-04-30T19:29:19.2731904Z' while content on disk has modification time of '2025-04-30T19:29:20.0365723Z'
Number of updated asset objects reloaded before import = 0Number of asset objects unloaded after import = 0

========================================================================
Received Import Request.
  Time since last request: 0.000021 seconds.
  path: Assets/Scripts/MainMenu.cs
  artifactKey: Guid(bec661b304bf33645abee6d5b105ce53) Importer(815301076,1909f56bfc062723c751e8b465ee728b)
Start importing Assets/Scripts/MainMenu.cs using Guid(bec661b304bf33645abee6d5b105ce53) Importer(815301076,1909f56bfc062723c751e8b465ee728b) (PreviewImporter) -> (artifact id: '00000000000000000000000000000000') in 0.0005516 seconds
Import Error Code:(4)
Message: Build asset version error: assets/scripts/mainmenu.cs in SourceAssetDB has modification time of '2025-04-30T19:29:19.2731904Z' while content on disk has modification time of '2025-04-30T19:29:20.0365723Z'
  ERROR: Build asset version error: assets/scripts/mainmenu.cs in SourceAssetDB has modification time of '2025-04-30T19:29:19.2731904Z' while content on disk has modification time of '2025-04-30T19:29:20.0365723Z'
Number of updated asset objects reloaded before import = 0Number of asset objects unloaded after import = 0

========================================================================
Received Import Request.
  Time since last request: 0.000016 seconds.
  path: Assets/Scripts/MainMenu.cs
  artifactKey: Guid(bec661b304bf33645abee6d5b105ce53) Importer(815301076,1909f56bfc062723c751e8b465ee728b)
Start importing Assets/Scripts/MainMenu.cs using Guid(bec661b304bf33645abee6d5b105ce53) Importer(815301076,1909f56bfc062723c751e8b465ee728b) (PreviewImporter) -> (artifact id: '00000000000000000000000000000000') in 0.000513 seconds
Import Error Code:(4)
Message: Build asset version error: assets/scripts/mainmenu.cs in SourceAssetDB has modification time of '2025-04-30T19:29:19.2731904Z' while content on disk has modification time of '2025-04-30T19:29:20.0365723Z'
  ERROR: Build asset version error: assets/scripts/mainmenu.cs in SourceAssetDB has modification time of '2025-04-30T19:29:19.2731904Z' while content on disk has modification time of '2025-04-30T19:29:20.0365723Z'
Number of updated asset objects reloaded before import = 0Number of asset objects unloaded after import = 0

========================================================================
Received Import Request.
  Time since last request: 0.000018 seconds.
  path: Assets/Scripts/MainMenu.cs
  artifactKey: Guid(bec661b304bf33645abee6d5b105ce53) Importer(815301076,1909f56bfc062723c751e8b465ee728b)
Start importing Assets/Scripts/MainMenu.cs using Guid(bec661b304bf33645abee6d5b105ce53) Importer(815301076,1909f56bfc062723c751e8b465ee728b) (PreviewImporter) -> (artifact id: '00000000000000000000000000000000') in 0.0005497 seconds
Import Error Code:(4)
Message: Build asset version error: assets/scripts/mainmenu.cs in SourceAssetDB has modification time of '2025-04-30T19:29:19.2731904Z' while content on disk has modification time of '2025-04-30T19:29:20.0365723Z'
  ERROR: Build asset version error: assets/scripts/mainmenu.cs in SourceAssetDB has modification time of '2025-04-30T19:29:19.2731904Z' while content on disk has modification time of '2025-04-30T19:29:20.0365723Z'
Number of updated asset objects reloaded before import = 0Number of asset objects unloaded after import = 0

========================================================================
Received Import Request.
  Time since last request: 0.000021 seconds.
  path: Assets/Scripts/MainMenu.cs
  artifactKey: Guid(bec661b304bf33645abee6d5b105ce53) Importer(815301076,1909f56bfc062723c751e8b465ee728b)
Start importing Assets/Scripts/MainMenu.cs using Guid(bec661b304bf33645abee6d5b105ce53) Importer(815301076,1909f56bfc062723c751e8b465ee728b) (PreviewImporter) -> (artifact id: '00000000000000000000000000000000') in 0.0005612 seconds
Import Error Code:(4)
Message: Build asset version error: assets/scripts/mainmenu.cs in SourceAssetDB has modification time of '2025-04-30T19:29:19.2731904Z' while content on disk has modification time of '2025-04-30T19:29:20.0365723Z'
  ERROR: Build asset version error: assets/scripts/mainmenu.cs in SourceAssetDB has modification time of '2025-04-30T19:29:19.2731904Z' while content on disk has modification time of '2025-04-30T19:29:20.0365723Z'
Number of updated asset objects reloaded before import = 0Number of asset objects unloaded after import = 0

========================================================================
Received Import Request.
  Time since last request: 0.000031 seconds.
  path: Assets/Scripts/MainMenu.cs
  artifactKey: Guid(bec661b304bf33645abee6d5b105ce53) Importer(815301076,1909f56bfc062723c751e8b465ee728b)
Start importing Assets/Scripts/MainMenu.cs using Guid(bec661b304bf33645abee6d5b105ce53) Importer(815301076,1909f56bfc062723c751e8b465ee728b) (PreviewImporter) -> (artifact id: '00000000000000000000000000000000') in 0.0005149 seconds
Import Error Code:(4)
Message: Build asset version error: assets/scripts/mainmenu.cs in SourceAssetDB has modification time of '2025-04-30T19:29:19.2731904Z' while content on disk has modification time of '2025-04-30T19:29:20.0365723Z'
  ERROR: Build asset version error: assets/scripts/mainmenu.cs in SourceAssetDB has modification time of '2025-04-30T19:29:19.2731904Z' while content on disk has modification time of '2025-04-30T19:29:20.0365723Z'
Number of updated asset objects reloaded before import = 0Number of asset objects unloaded after import = 0

========================================================================
Received Import Request.
  Time since last request: 0.000013 seconds.
  path: Assets/Scripts/MainMenu.cs
  artifactKey: Guid(bec661b304bf33645abee6d5b105ce53) Importer(815301076,1909f56bfc062723c751e8b465ee728b)
Start importing Assets/Scripts/MainMenu.cs using Guid(bec661b304bf33645abee6d5b105ce53) Importer(815301076,1909f56bfc062723c751e8b465ee728b) (PreviewImporter) -> (artifact id: '00000000000000000000000000000000') in 0.000551 seconds
Import Error Code:(4)
Message: Build asset version error: assets/scripts/mainmenu.cs in SourceAssetDB has modification time of '2025-04-30T19:29:19.2731904Z' while content on disk has modification time of '2025-04-30T19:29:20.0365723Z'
  ERROR: Build asset version error: assets/scripts/mainmenu.cs in SourceAssetDB has modification time of '2025-04-30T19:29:19.2731904Z' while content on disk has modification time of '2025-04-30T19:29:20.0365723Z'
Number of updated asset objects reloaded before import = 0Number of asset objects unloaded after import = 0

========================================================================
Received Import Request.
  Time since last request: 0.000016 seconds.
  path: Assets/Scripts/MainMenu.cs
  artifactKey: Guid(bec661b304bf33645abee6d5b105ce53) Importer(815301076,1909f56bfc062723c751e8b465ee728b)
Start importing Assets/Scripts/MainMenu.cs using Guid(bec661b304bf33645abee6d5b105ce53) Importer(815301076,1909f56bfc062723c751e8b465ee728b) (PreviewImporter) -> (artifact id: '00000000000000000000000000000000') in 0.0005396 seconds
Import Error Code:(4)
Message: Build asset version error: assets/scripts/mainmenu.cs in SourceAssetDB has modification time of '2025-04-30T19:29:19.2731904Z' while content on disk has modification time of '2025-04-30T19:29:20.0365723Z'
  ERROR: Build asset version error: assets/scripts/mainmenu.cs in SourceAssetDB has modification time of '2025-04-30T19:29:19.2731904Z' while content on disk has modification time of '2025-04-30T19:29:20.0365723Z'
Number of updated asset objects reloaded before import = 0Number of asset objects unloaded after import = 0

========================================================================
Received Import Request.
  Time since last request: 0.000013 seconds.
  path: Assets/Scripts/MainMenu.cs
  artifactKey: Guid(bec661b304bf33645abee6d5b105ce53) Importer(815301076,1909f56bfc062723c751e8b465ee728b)
Start importing Assets/Scripts/MainMenu.cs using Guid(bec661b304bf33645abee6d5b105ce53) Importer(815301076,1909f56bfc062723c751e8b465ee728b) (PreviewImporter) -> (artifact id: '00000000000000000000000000000000') in 0.0005331 seconds
Import Error Code:(4)
Message: Build asset version error: assets/scripts/mainmenu.cs in SourceAssetDB has modification time of '2025-04-30T19:29:19.2731904Z' while content on disk has modification time of '2025-04-30T19:29:20.0365723Z'
  ERROR: Build asset version error: assets/scripts/mainmenu.cs in SourceAssetDB has modification time of '2025-04-30T19:29:19.2731904Z' while content on disk has modification time of '2025-04-30T19:29:20.0365723Z'
Number of updated asset objects reloaded before import = 0Number of asset objects unloaded after import = 0

========================================================================
Received Import Request.
  Time since last request: 0.000016 seconds.
  path: Assets/Scripts/MainMenu.cs
  artifactKey: Guid(bec661b304bf33645abee6d5b105ce53) Importer(815301076,1909f56bfc062723c751e8b465ee728b)
Start importing Assets/Scripts/MainMenu.cs using Guid(bec661b304bf33645abee6d5b105ce53) Importer(815301076,1909f56bfc062723c751e8b465ee728b) (PreviewImporter) -> (artifact id: '00000000000000000000000000000000') in 0.0005426 seconds
Import Error Code:(4)
Message: Build asset version error: assets/scripts/mainmenu.cs in SourceAssetDB has modification time of '2025-04-30T19:29:19.2731904Z' while content on disk has modification time of '2025-04-30T19:29:20.0365723Z'
  ERROR: Build asset version error: assets/scripts/mainmenu.cs in SourceAssetDB has modification time of '2025-04-30T19:29:19.2731904Z' while content on disk has modification time of '2025-04-30T19:29:20.0365723Z'
Number of updated asset objects reloaded before import = 0Number of asset objects unloaded after import = 0

========================================================================
Received Import Request.
  Time since last request: 0.000015 seconds.
  path: Assets/Scripts/MainMenu.cs
  artifactKey: Guid(bec661b304bf33645abee6d5b105ce53) Importer(815301076,1909f56bfc062723c751e8b465ee728b)
Start importing Assets/Scripts/MainMenu.cs using Guid(bec661b304bf33645abee6d5b105ce53) Importer(815301076,1909f56bfc062723c751e8b465ee728b) (PreviewImporter) -> (artifact id: '00000000000000000000000000000000') in 0.0005536 seconds
Import Error Code:(4)
Message: Build asset version error: assets/scripts/mainmenu.cs in SourceAssetDB has modification time of '2025-04-30T19:29:19.2731904Z' while content on disk has modification time of '2025-04-30T19:29:20.0365723Z'
  ERROR: Build asset version error: assets/scripts/mainmenu.cs in SourceAssetDB has modification time of '2025-04-30T19:29:19.2731904Z' while content on disk has modification time of '2025-04-30T19:29:20.0365723Z'
Number of updated asset objects reloaded before import = 0Number of asset objects unloaded after import = 0

========================================================================
Received Import Request.
  Time since last request: 0.000016 seconds.
  path: Assets/Scripts/MainMenu.cs
  artifactKey: Guid(bec661b304bf33645abee6d5b105ce53) Importer(815301076,1909f56bfc062723c751e8b465ee728b)
Start importing Assets/Scripts/MainMenu.cs using Guid(bec661b304bf33645abee6d5b105ce53) Importer(815301076,1909f56bfc062723c751e8b465ee728b) (PreviewImporter) -> (artifact id: '00000000000000000000000000000000') in 0.0005126 seconds
Import Error Code:(4)
Message: Build asset version error: assets/scripts/mainmenu.cs in SourceAssetDB has modification time of '2025-04-30T19:29:19.2731904Z' while content on disk has modification time of '2025-04-30T19:29:20.0365723Z'
  ERROR: Build asset version error: assets/scripts/mainmenu.cs in SourceAssetDB has modification time of '2025-04-30T19:29:19.2731904Z' while content on disk has modification time of '2025-04-30T19:29:20.0365723Z'
Number of updated asset objects reloaded before import = 0Number of asset objects unloaded after import = 0

========================================================================
Received Import Request.
  Time since last request: 0.000016 seconds.
  path: Assets/Scripts/MainMenu.cs
  artifactKey: Guid(bec661b304bf33645abee6d5b105ce53) Importer(815301076,1909f56bfc062723c751e8b465ee728b)
Start importing Assets/Scripts/MainMenu.cs using Guid(bec661b304bf33645abee6d5b105ce53) Importer(815301076,1909f56bfc062723c751e8b465ee728b) (PreviewImporter) -> (artifact id: '00000000000000000000000000000000') in 0.000508 seconds
Import Error Code:(4)
Message: Build asset version error: assets/scripts/mainmenu.cs in SourceAssetDB has modification time of '2025-04-30T19:29:19.2731904Z' while content on disk has modification time of '2025-04-30T19:29:20.0365723Z'
  ERROR: Build asset version error: assets/scripts/mainmenu.cs in SourceAssetDB has modification time of '2025-04-30T19:29:19.2731904Z' while content on disk has modification time of '2025-04-30T19:29:20.0365723Z'
Number of updated asset objects reloaded before import = 0Number of asset objects unloaded after import = 0

========================================================================
Received Import Request.
  Time since last request: 0.000017 seconds.
  path: Assets/Scripts/MainMenu.cs
  artifactKey: Guid(bec661b304bf33645abee6d5b105ce53) Importer(815301076,1909f56bfc062723c751e8b465ee728b)
Start importing Assets/Scripts/MainMenu.cs using Guid(bec661b304bf33645abee6d5b105ce53) Importer(815301076,1909f56bfc062723c751e8b465ee728b) (PreviewImporter) -> (artifact id: '00000000000000000000000000000000') in 0.0004692 seconds
Import Error Code:(4)
Message: Build asset version error: assets/scripts/mainmenu.cs in SourceAssetDB has modification time of '2025-04-30T19:29:19.2731904Z' while content on disk has modification time of '2025-04-30T19:29:20.0365723Z'
  ERROR: Build asset version error: assets/scripts/mainmenu.cs in SourceAssetDB has modification time of '2025-04-30T19:29:19.2731904Z' while content on disk has modification time of '2025-04-30T19:29:20.0365723Z'
Number of updated asset objects reloaded before import = 0Number of asset objects unloaded after import = 0

========================================================================
Received Import Request.
  Time since last request: 0.000018 seconds.
  path: Assets/Scripts/MainMenu.cs
  artifactKey: Guid(bec661b304bf33645abee6d5b105ce53) Importer(815301076,1909f56bfc062723c751e8b465ee728b)
Start importing Assets/Scripts/MainMenu.cs using Guid(bec661b304bf33645abee6d5b105ce53) Importer(815301076,1909f56bfc062723c751e8b465ee728b) (PreviewImporter) -> (artifact id: '00000000000000000000000000000000') in 0.0005255 seconds
Import Error Code:(4)
Message: Build asset version error: assets/scripts/mainmenu.cs in SourceAssetDB has modification time of '2025-04-30T19:29:19.2731904Z' while content on disk has modification time of '2025-04-30T19:29:20.0365723Z'
  ERROR: Build asset version error: assets/scripts/mainmenu.cs in SourceAssetDB has modification time of '2025-04-30T19:29:19.2731904Z' while content on disk has modification time of '2025-04-30T19:29:20.0365723Z'
Number of updated asset objects reloaded before import = 0Number of asset objects unloaded after import = 0

========================================================================
Received Import Request.
  Time since last request: 0.000027 seconds.
  path: Assets/Scripts/MainMenu.cs
  artifactKey: Guid(bec661b304bf33645abee6d5b105ce53) Importer(815301076,1909f56bfc062723c751e8b465ee728b)
Start importing Assets/Scripts/MainMenu.cs using Guid(bec661b304bf33645abee6d5b105ce53) Importer(815301076,1909f56bfc062723c751e8b465ee728b) (PreviewImporter) -> (artifact id: '00000000000000000000000000000000') in 0.0005375 seconds
Import Error Code:(4)
Message: Build asset version error: assets/scripts/mainmenu.cs in SourceAssetDB has modification time of '2025-04-30T19:29:19.2731904Z' while content on disk has modification time of '2025-04-30T19:29:20.0365723Z'
  ERROR: Build asset version error: assets/scripts/mainmenu.cs in SourceAssetDB has modification time of '2025-04-30T19:29:19.2731904Z' while content on disk has modification time of '2025-04-30T19:29:20.0365723Z'
Number of updated asset objects reloaded before import = 0Number of asset objects unloaded after import = 0

========================================================================
Received Import Request.
  Time since last request: 0.000017 seconds.
  path: Assets/Scripts/MainMenu.cs
  artifactKey: Guid(bec661b304bf33645abee6d5b105ce53) Importer(815301076,1909f56bfc062723c751e8b465ee728b)
Start importing Assets/Scripts/MainMenu.cs using Guid(bec661b304bf33645abee6d5b105ce53) Importer(815301076,1909f56bfc062723c751e8b465ee728b) (PreviewImporter) -> (artifact id: '00000000000000000000000000000000') in 0.000494 seconds
Import Error Code:(4)
Message: Build asset version error: assets/scripts/mainmenu.cs in SourceAssetDB has modification time of '2025-04-30T19:29:19.2731904Z' while content on disk has modification time of '2025-04-30T19:29:20.0365723Z'
  ERROR: Build asset version error: assets/scripts/mainmenu.cs in SourceAssetDB has modification time of '2025-04-30T19:29:19.2731904Z' while content on disk has modification time of '2025-04-30T19:29:20.0365723Z'
Number of updated asset objects reloaded before import = 0Number of asset objects unloaded after import = 0

========================================================================
Received Import Request.
  Time since last request: 0.000014 seconds.
  path: Assets/Scripts/MainMenu.cs
  artifactKey: Guid(bec661b304bf33645abee6d5b105ce53) Importer(815301076,1909f56bfc062723c751e8b465ee728b)
Start importing Assets/Scripts/MainMenu.cs using Guid(bec661b304bf33645abee6d5b105ce53) Importer(815301076,1909f56bfc062723c751e8b465ee728b) (PreviewImporter) -> (artifact id: '00000000000000000000000000000000') in 0.0005513 seconds
Import Error Code:(4)
Message: Build asset version error: assets/scripts/mainmenu.cs in SourceAssetDB has modification time of '2025-04-30T19:29:19.2731904Z' while content on disk has modification time of '2025-04-30T19:29:20.0365723Z'
  ERROR: Build asset version error: assets/scripts/mainmenu.cs in SourceAssetDB has modification time of '2025-04-30T19:29:19.2731904Z' while content on disk has modification time of '2025-04-30T19:29:20.0365723Z'
Number of updated asset objects reloaded before import = 0Number of asset objects unloaded after import = 0

========================================================================
Received Import Request.
  Time since last request: 0.000016 seconds.
  path: Assets/Scripts/MainMenu.cs
  artifactKey: Guid(bec661b304bf33645abee6d5b105ce53) Importer(815301076,1909f56bfc062723c751e8b465ee728b)
Start importing Assets/Scripts/MainMenu.cs using Guid(bec661b304bf33645abee6d5b105ce53) Importer(815301076,1909f56bfc062723c751e8b465ee728b) (PreviewImporter) -> (artifact id: '00000000000000000000000000000000') in 0.0006171 seconds
Import Error Code:(4)
Message: Build asset version error: assets/scripts/mainmenu.cs in SourceAssetDB has modification time of '2025-04-30T19:29:19.2731904Z' while content on disk has modification time of '2025-04-30T19:29:20.0365723Z'
  ERROR: Build asset version error: assets/scripts/mainmenu.cs in SourceAssetDB has modification time of '2025-04-30T19:29:19.2731904Z' while content on disk has modification time of '2025-04-30T19:29:20.0365723Z'
Number of updated asset objects reloaded before import = 0Number of asset objects unloaded after import = 0

========================================================================
Received Import Request.
  Time since last request: 0.000021 seconds.
  path: Assets/Scripts/MainMenu.cs
  artifactKey: Guid(bec661b304bf33645abee6d5b105ce53) Importer(815301076,1909f56bfc062723c751e8b465ee728b)
Start importing Assets/Scripts/MainMenu.cs using Guid(bec661b304bf33645abee6d5b105ce53) Importer(815301076,1909f56bfc062723c751e8b465ee728b) (PreviewImporter) -> (artifact id: '00000000000000000000000000000000') in 0.0006177 seconds
Import Error Code:(4)
Message: Build asset version error: assets/scripts/mainmenu.cs in SourceAssetDB has modification time of '2025-04-30T19:29:19.2731904Z' while content on disk has modification time of '2025-04-30T19:29:20.0365723Z'
  ERROR: Build asset version error: assets/scripts/mainmenu.cs in SourceAssetDB has modification time of '2025-04-30T19:29:19.2731904Z' while content on disk has modification time of '2025-04-30T19:29:20.0365723Z'
Number of updated asset objects reloaded before import = 0Number of asset objects unloaded after import = 0

========================================================================
Received Import Request.
  Time since last request: 0.000021 seconds.
  path: Assets/Scripts/MainMenu.cs
  artifactKey: Guid(bec661b304bf33645abee6d5b105ce53) Importer(815301076,1909f56bfc062723c751e8b465ee728b)
Start importing Assets/Scripts/MainMenu.cs using Guid(bec661b304bf33645abee6d5b105ce53) Importer(815301076,1909f56bfc062723c751e8b465ee728b) (PreviewImporter) -> (artifact id: '00000000000000000000000000000000') in 0.0007402 seconds
Import Error Code:(4)
Message: Build asset version error: assets/scripts/mainmenu.cs in SourceAssetDB has modification time of '2025-04-30T19:29:19.2731904Z' while content on disk has modification time of '2025-04-30T19:29:20.0365723Z'
  ERROR: Build asset version error: assets/scripts/mainmenu.cs in SourceAssetDB has modification time of '2025-04-30T19:29:19.2731904Z' while content on disk has modification time of '2025-04-30T19:29:20.0365723Z'
Number of updated asset objects reloaded before import = 0Number of asset objects unloaded after import = 0

========================================================================
Received Import Request.
  Time since last request: 0.000016 seconds.
  path: Assets/Scripts/MainMenu.cs
  artifactKey: Guid(bec661b304bf33645abee6d5b105ce53) Importer(815301076,1909f56bfc062723c751e8b465ee728b)
Start importing Assets/Scripts/MainMenu.cs using Guid(bec661b304bf33645abee6d5b105ce53) Importer(815301076,1909f56bfc062723c751e8b465ee728b) (PreviewImporter) -> (artifact id: '00000000000000000000000000000000') in 0.0005342 seconds
Import Error Code:(4)
Message: Build asset version error: assets/scripts/mainmenu.cs in SourceAssetDB has modification time of '2025-04-30T19:29:19.2731904Z' while content on disk has modification time of '2025-04-30T19:29:20.0365723Z'
  ERROR: Build asset version error: assets/scripts/mainmenu.cs in SourceAssetDB has modification time of '2025-04-30T19:29:19.2731904Z' while content on disk has modification time of '2025-04-30T19:29:20.0365723Z'
Number of updated asset objects reloaded before import = 0Number of asset objects unloaded after import = 0

========================================================================
Received Import Request.
  Time since last request: 0.000014 seconds.
  path: Assets/Scripts/MainMenu.cs
  artifactKey: Guid(bec661b304bf33645abee6d5b105ce53) Importer(815301076,1909f56bfc062723c751e8b465ee728b)
Start importing Assets/Scripts/MainMenu.cs using Guid(bec661b304bf33645abee6d5b105ce53) Importer(815301076,1909f56bfc062723c751e8b465ee728b) (PreviewImporter) -> (artifact id: '00000000000000000000000000000000') in 0.0005337 seconds
Import Error Code:(4)
Message: Build asset version error: assets/scripts/mainmenu.cs in SourceAssetDB has modification time of '2025-04-30T19:29:19.2731904Z' while content on disk has modification time of '2025-04-30T19:29:20.0365723Z'
  ERROR: Build asset version error: assets/scripts/mainmenu.cs in SourceAssetDB has modification time of '2025-04-30T19:29:19.2731904Z' while content on disk has modification time of '2025-04-30T19:29:20.0365723Z'
Number of updated asset objects reloaded before import = 0Number of asset objects unloaded after import = 0

========================================================================
Received Import Request.
  Time since last request: 0.000019 seconds.
  path: Assets/Scripts/MainMenu.cs
  artifactKey: Guid(bec661b304bf33645abee6d5b105ce53) Importer(815301076,1909f56bfc062723c751e8b465ee728b)
Start importing Assets/Scripts/MainMenu.cs using Guid(bec661b304bf33645abee6d5b105ce53) Importer(815301076,1909f56bfc062723c751e8b465ee728b) (PreviewImporter) -> (artifact id: '00000000000000000000000000000000') in 0.0005367 seconds
Import Error Code:(4)
Message: Build asset version error: assets/scripts/mainmenu.cs in SourceAssetDB has modification time of '2025-04-30T19:29:19.2731904Z' while content on disk has modification time of '2025-04-30T19:29:20.0365723Z'
  ERROR: Build asset version error: assets/scripts/mainmenu.cs in SourceAssetDB has modification time of '2025-04-30T19:29:19.2731904Z' while content on disk has modification time of '2025-04-30T19:29:20.0365723Z'
Number of updated asset objects reloaded before import = 0Number of asset objects unloaded after import = 0

========================================================================
Received Import Request.
  Time since last request: 0.000026 seconds.
  path: Assets/Scripts/MainMenu.cs
  artifactKey: Guid(bec661b304bf33645abee6d5b105ce53) Importer(815301076,1909f56bfc062723c751e8b465ee728b)
Start importing Assets/Scripts/MainMenu.cs using Guid(bec661b304bf33645abee6d5b105ce53) Importer(815301076,1909f56bfc062723c751e8b465ee728b) (PreviewImporter) -> (artifact id: '00000000000000000000000000000000') in 0.0005459 seconds
Import Error Code:(4)
Message: Build asset version error: assets/scripts/mainmenu.cs in SourceAssetDB has modification time of '2025-04-30T19:29:19.2731904Z' while content on disk has modification time of '2025-04-30T19:29:20.0365723Z'
  ERROR: Build asset version error: assets/scripts/mainmenu.cs in SourceAssetDB has modification time of '2025-04-30T19:29:19.2731904Z' while content on disk has modification time of '2025-04-30T19:29:20.0365723Z'
Number of updated asset objects reloaded before import = 0Number of asset objects unloaded after import = 0

========================================================================
Received Import Request.
  Time since last request: 0.000017 seconds.
  path: Assets/Scripts/MainMenu.cs
  artifactKey: Guid(bec661b304bf33645abee6d5b105ce53) Importer(815301076,1909f56bfc062723c751e8b465ee728b)
Start importing Assets/Scripts/MainMenu.cs using Guid(bec661b304bf33645abee6d5b105ce53) Importer(815301076,1909f56bfc062723c751e8b465ee728b) (PreviewImporter) -> (artifact id: '00000000000000000000000000000000') in 0.0005673 seconds
Import Error Code:(4)
Message: Build asset version error: assets/scripts/mainmenu.cs in SourceAssetDB has modification time of '2025-04-30T19:29:19.2731904Z' while content on disk has modification time of '2025-04-30T19:29:20.0365723Z'
  ERROR: Build asset version error: assets/scripts/mainmenu.cs in SourceAssetDB has modification time of '2025-04-30T19:29:19.2731904Z' while content on disk has modification time of '2025-04-30T19:29:20.0365723Z'
Number of updated asset objects reloaded before import = 0Number of asset objects unloaded after import = 0

========================================================================
Received Import Request.
  Time since last request: 0.000015 seconds.
  path: Assets/Scripts/MainMenu.cs
  artifactKey: Guid(bec661b304bf33645abee6d5b105ce53) Importer(815301076,1909f56bfc062723c751e8b465ee728b)
Start importing Assets/Scripts/MainMenu.cs using Guid(bec661b304bf33645abee6d5b105ce53) Importer(815301076,1909f56bfc062723c751e8b465ee728b) (PreviewImporter) -> (artifact id: '00000000000000000000000000000000') in 0.0005127 seconds
Import Error Code:(4)
Message: Build asset version error: assets/scripts/mainmenu.cs in SourceAssetDB has modification time of '2025-04-30T19:29:19.2731904Z' while content on disk has modification time of '2025-04-30T19:29:20.0365723Z'
  ERROR: Build asset version error: assets/scripts/mainmenu.cs in SourceAssetDB has modification time of '2025-04-30T19:29:19.2731904Z' while content on disk has modification time of '2025-04-30T19:29:20.0365723Z'
Number of updated asset objects reloaded before import = 0Number of asset objects unloaded after import = 0

========================================================================
Received Import Request.
  Time since last request: 0.000016 seconds.
  path: Assets/Scripts/MainMenu.cs
  artifactKey: Guid(bec661b304bf33645abee6d5b105ce53) Importer(815301076,1909f56bfc062723c751e8b465ee728b)
Start importing Assets/Scripts/MainMenu.cs using Guid(bec661b304bf33645abee6d5b105ce53) Importer(815301076,1909f56bfc062723c751e8b465ee728b) (PreviewImporter) -> (artifact id: '00000000000000000000000000000000') in 0.0005226 seconds
Import Error Code:(4)
Message: Build asset version error: assets/scripts/mainmenu.cs in SourceAssetDB has modification time of '2025-04-30T19:29:19.2731904Z' while content on disk has modification time of '2025-04-30T19:29:20.0365723Z'
  ERROR: Build asset version error: assets/scripts/mainmenu.cs in SourceAssetDB has modification time of '2025-04-30T19:29:19.2731904Z' while content on disk has modification time of '2025-04-30T19:29:20.0365723Z'
Number of updated asset objects reloaded before import = 0Number of asset objects unloaded after import = 0

========================================================================
Received Import Request.
  Time since last request: 0.000014 seconds.
  path: Assets/Scripts/MainMenu.cs
  artifactKey: Guid(bec661b304bf33645abee6d5b105ce53) Importer(815301076,1909f56bfc062723c751e8b465ee728b)
Start importing Assets/Scripts/MainMenu.cs using Guid(bec661b304bf33645abee6d5b105ce53) Importer(815301076,1909f56bfc062723c751e8b465ee728b) (PreviewImporter) -> (artifact id: '00000000000000000000000000000000') in 0.0005482 seconds
Import Error Code:(4)
Message: Build asset version error: assets/scripts/mainmenu.cs in SourceAssetDB has modification time of '2025-04-30T19:29:19.2731904Z' while content on disk has modification time of '2025-04-30T19:29:20.0365723Z'
  ERROR: Build asset version error: assets/scripts/mainmenu.cs in SourceAssetDB has modification time of '2025-04-30T19:29:19.2731904Z' while content on disk has modification time of '2025-04-30T19:29:20.0365723Z'
Number of updated asset objects reloaded before import = 0Number of asset objects unloaded after import = 0

========================================================================
Received Import Request.
  Time since last request: 0.000012 seconds.
  path: Assets/Scripts/MainMenu.cs
  artifactKey: Guid(bec661b304bf33645abee6d5b105ce53) Importer(815301076,1909f56bfc062723c751e8b465ee728b)
Start importing Assets/Scripts/MainMenu.cs using Guid(bec661b304bf33645abee6d5b105ce53) Importer(815301076,1909f56bfc062723c751e8b465ee728b) (PreviewImporter) -> (artifact id: '00000000000000000000000000000000') in 0.0005092 seconds
Import Error Code:(4)
Message: Build asset version error: assets/scripts/mainmenu.cs in SourceAssetDB has modification time of '2025-04-30T19:29:19.2731904Z' while content on disk has modification time of '2025-04-30T19:29:20.0365723Z'
  ERROR: Build asset version error: assets/scripts/mainmenu.cs in SourceAssetDB has modification time of '2025-04-30T19:29:19.2731904Z' while content on disk has modification time of '2025-04-30T19:29:20.0365723Z'
Number of updated asset objects reloaded before import = 0Number of asset objects unloaded after import = 0

========================================================================
Received Import Request.
  Time since last request: 0.000014 seconds.
  path: Assets/Scripts/MainMenu.cs
  artifactKey: Guid(bec661b304bf33645abee6d5b105ce53) Importer(815301076,1909f56bfc062723c751e8b465ee728b)
Start importing Assets/Scripts/MainMenu.cs using Guid(bec661b304bf33645abee6d5b105ce53) Importer(815301076,1909f56bfc062723c751e8b465ee728b) (PreviewImporter) -> (artifact id: '00000000000000000000000000000000') in 0.000521 seconds
Import Error Code:(4)
Message: Build asset version error: assets/scripts/mainmenu.cs in SourceAssetDB has modification time of '2025-04-30T19:29:19.2731904Z' while content on disk has modification time of '2025-04-30T19:29:20.0365723Z'
  ERROR: Build asset version error: assets/scripts/mainmenu.cs in SourceAssetDB has modification time of '2025-04-30T19:29:19.2731904Z' while content on disk has modification time of '2025-04-30T19:29:20.0365723Z'
Number of updated asset objects reloaded before import = 0Number of asset objects unloaded after import = 0

========================================================================
Received Import Request.
  Time since last request: 0.000013 seconds.
  path: Assets/Scripts/MainMenu.cs
  artifactKey: Guid(bec661b304bf33645abee6d5b105ce53) Importer(815301076,1909f56bfc062723c751e8b465ee728b)
Start importing Assets/Scripts/MainMenu.cs using Guid(bec661b304bf33645abee6d5b105ce53) Importer(815301076,1909f56bfc062723c751e8b465ee728b) (PreviewImporter) -> (artifact id: '00000000000000000000000000000000') in 0.0005162 seconds
Import Error Code:(4)
Message: Build asset version error: assets/scripts/mainmenu.cs in SourceAssetDB has modification time of '2025-04-30T19:29:19.2731904Z' while content on disk has modification time of '2025-04-30T19:29:20.0365723Z'
  ERROR: Build asset version error: assets/scripts/mainmenu.cs in SourceAssetDB has modification time of '2025-04-30T19:29:19.2731904Z' while content on disk has modification time of '2025-04-30T19:29:20.0365723Z'
Number of updated asset objects reloaded before import = 0Number of asset objects unloaded after import = 0

========================================================================
Received Import Request.
  Time since last request: 0.000018 seconds.
  path: Assets/Scripts/MainMenu.cs
  artifactKey: Guid(bec661b304bf33645abee6d5b105ce53) Importer(815301076,1909f56bfc062723c751e8b465ee728b)
Start importing Assets/Scripts/MainMenu.cs using Guid(bec661b304bf33645abee6d5b105ce53) Importer(815301076,1909f56bfc062723c751e8b465ee728b) (PreviewImporter) -> (artifact id: '00000000000000000000000000000000') in 0.0008004 seconds
Import Error Code:(4)
Message: Build asset version error: assets/scripts/mainmenu.cs in SourceAssetDB has modification time of '2025-04-30T19:29:19.2731904Z' while content on disk has modification time of '2025-04-30T19:29:20.0365723Z'
  ERROR: Build asset version error: assets/scripts/mainmenu.cs in SourceAssetDB has modification time of '2025-04-30T19:29:19.2731904Z' while content on disk has modification time of '2025-04-30T19:29:20.0365723Z'
Number of updated asset objects reloaded before import = 0Number of asset objects unloaded after import = 0

========================================================================
Received Import Request.
  Time since last request: 0.000030 seconds.
  path: Assets/Scripts/MainMenu.cs
  artifactKey: Guid(bec661b304bf33645abee6d5b105ce53) Importer(815301076,1909f56bfc062723c751e8b465ee728b)
Start importing Assets/Scripts/MainMenu.cs using Guid(bec661b304bf33645abee6d5b105ce53) Importer(815301076,1909f56bfc062723c751e8b465ee728b) (PreviewImporter) -> (artifact id: '00000000000000000000000000000000') in 0.0005522 seconds
Import Error Code:(4)
Message: Build asset version error: assets/scripts/mainmenu.cs in SourceAssetDB has modification time of '2025-04-30T19:29:19.2731904Z' while content on disk has modification time of '2025-04-30T19:29:20.0365723Z'
  ERROR: Build asset version error: assets/scripts/mainmenu.cs in SourceAssetDB has modification time of '2025-04-30T19:29:19.2731904Z' while content on disk has modification time of '2025-04-30T19:29:20.0365723Z'
Number of updated asset objects reloaded before import = 0Number of asset objects unloaded after import = 0

========================================================================
Received Import Request.
  Time since last request: 0.000016 seconds.
  path: Assets/Scripts/MainMenu.cs
  artifactKey: Guid(bec661b304bf33645abee6d5b105ce53) Importer(815301076,1909f56bfc062723c751e8b465ee728b)
Start importing Assets/Scripts/MainMenu.cs using Guid(bec661b304bf33645abee6d5b105ce53) Importer(815301076,1909f56bfc062723c751e8b465ee728b) (PreviewImporter) -> (artifact id: '00000000000000000000000000000000') in 0.0005532 seconds
Import Error Code:(4)
Message: Build asset version error: assets/scripts/mainmenu.cs in SourceAssetDB has modification time of '2025-04-30T19:29:19.2731904Z' while content on disk has modification time of '2025-04-30T19:29:20.0365723Z'
  ERROR: Build asset version error: assets/scripts/mainmenu.cs in SourceAssetDB has modification time of '2025-04-30T19:29:19.2731904Z' while content on disk has modification time of '2025-04-30T19:29:20.0365723Z'
Number of updated asset objects reloaded before import = 0Number of asset objects unloaded after import = 0

========================================================================
Received Import Request.
  Time since last request: 0.000027 seconds.
  path: Assets/Scripts/MainMenu.cs
  artifactKey: Guid(bec661b304bf33645abee6d5b105ce53) Importer(815301076,1909f56bfc062723c751e8b465ee728b)
Start importing Assets/Scripts/MainMenu.cs using Guid(bec661b304bf33645abee6d5b105ce53) Importer(815301076,1909f56bfc062723c751e8b465ee728b) (PreviewImporter) -> (artifact id: '00000000000000000000000000000000') in 0.0005744 seconds
Import Error Code:(4)
Message: Build asset version error: assets/scripts/mainmenu.cs in SourceAssetDB has modification time of '2025-04-30T19:29:19.2731904Z' while content on disk has modification time of '2025-04-30T19:29:20.0365723Z'
  ERROR: Build asset version error: assets/scripts/mainmenu.cs in SourceAssetDB has modification time of '2025-04-30T19:29:19.2731904Z' while content on disk has modification time of '2025-04-30T19:29:20.0365723Z'
Number of updated asset objects reloaded before import = 0Number of asset objects unloaded after import = 0

========================================================================
Received Import Request.
  Time since last request: 0.000017 seconds.
  path: Assets/Scripts/MainMenu.cs
  artifactKey: Guid(bec661b304bf33645abee6d5b105ce53) Importer(815301076,1909f56bfc062723c751e8b465ee728b)
Start importing Assets/Scripts/MainMenu.cs using Guid(bec661b304bf33645abee6d5b105ce53) Importer(815301076,1909f56bfc062723c751e8b465ee728b) (PreviewImporter) -> (artifact id: '00000000000000000000000000000000') in 0.0006225 seconds
Import Error Code:(4)
Message: Build asset version error: assets/scripts/mainmenu.cs in SourceAssetDB has modification time of '2025-04-30T19:29:19.2731904Z' while content on disk has modification time of '2025-04-30T19:29:20.0365723Z'
  ERROR: Build asset version error: assets/scripts/mainmenu.cs in SourceAssetDB has modification time of '2025-04-30T19:29:19.2731904Z' while content on disk has modification time of '2025-04-30T19:29:20.0365723Z'
Number of updated asset objects reloaded before import = 0Number of asset objects unloaded after import = 0

========================================================================
Received Import Request.
  Time since last request: 0.000016 seconds.
  path: Assets/Scripts/MainMenu.cs
  artifactKey: Guid(bec661b304bf33645abee6d5b105ce53) Importer(815301076,1909f56bfc062723c751e8b465ee728b)
Start importing Assets/Scripts/MainMenu.cs using Guid(bec661b304bf33645abee6d5b105ce53) Importer(815301076,1909f56bfc062723c751e8b465ee728b) (PreviewImporter) -> (artifact id: '00000000000000000000000000000000') in 0.0006922 seconds
Import Error Code:(4)
Message: Build asset version error: assets/scripts/mainmenu.cs in SourceAssetDB has modification time of '2025-04-30T19:29:19.2731904Z' while content on disk has modification time of '2025-04-30T19:29:20.0365723Z'
  ERROR: Build asset version error: assets/scripts/mainmenu.cs in SourceAssetDB has modification time of '2025-04-30T19:29:19.2731904Z' while content on disk has modification time of '2025-04-30T19:29:20.0365723Z'
Number of updated asset objects reloaded before import = 0Number of asset objects unloaded after import = 0

========================================================================
Received Import Request.
  Time since last request: 0.000016 seconds.
  path: Assets/Scripts/MainMenu.cs
  artifactKey: Guid(bec661b304bf33645abee6d5b105ce53) Importer(815301076,1909f56bfc062723c751e8b465ee728b)
Start importing Assets/Scripts/MainMenu.cs using Guid(bec661b304bf33645abee6d5b105ce53) Importer(815301076,1909f56bfc062723c751e8b465ee728b) (PreviewImporter) -> (artifact id: '00000000000000000000000000000000') in 0.0006 seconds
Import Error Code:(4)
Message: Build asset version error: assets/scripts/mainmenu.cs in SourceAssetDB has modification time of '2025-04-30T19:29:19.2731904Z' while content on disk has modification time of '2025-04-30T19:29:20.0365723Z'
  ERROR: Build asset version error: assets/scripts/mainmenu.cs in SourceAssetDB has modification time of '2025-04-30T19:29:19.2731904Z' while content on disk has modification time of '2025-04-30T19:29:20.0365723Z'
Number of updated asset objects reloaded before import = 0Number of asset objects unloaded after import = 0

========================================================================
Received Import Request.
  Time since last request: 0.000020 seconds.
  path: Assets/Scripts/MainMenu.cs
  artifactKey: Guid(bec661b304bf33645abee6d5b105ce53) Importer(815301076,1909f56bfc062723c751e8b465ee728b)
Start importing Assets/Scripts/MainMenu.cs using Guid(bec661b304bf33645abee6d5b105ce53) Importer(815301076,1909f56bfc062723c751e8b465ee728b) (PreviewImporter) -> (artifact id: '00000000000000000000000000000000') in 0.0006295 seconds
Import Error Code:(4)
Message: Build asset version error: assets/scripts/mainmenu.cs in SourceAssetDB has modification time of '2025-04-30T19:29:19.2731904Z' while content on disk has modification time of '2025-04-30T19:29:20.0365723Z'
  ERROR: Build asset version error: assets/scripts/mainmenu.cs in SourceAssetDB has modification time of '2025-04-30T19:29:19.2731904Z' while content on disk has modification time of '2025-04-30T19:29:20.0365723Z'
Number of updated asset objects reloaded before import = 0Number of asset objects unloaded after import = 0

========================================================================
Received Import Request.
  Time since last request: 0.000016 seconds.
  path: Assets/Scripts/MainMenu.cs
  artifactKey: Guid(bec661b304bf33645abee6d5b105ce53) Importer(815301076,1909f56bfc062723c751e8b465ee728b)
Start importing Assets/Scripts/MainMenu.cs using Guid(bec661b304bf33645abee6d5b105ce53) Importer(815301076,1909f56bfc062723c751e8b465ee728b) (PreviewImporter) -> (artifact id: '00000000000000000000000000000000') in 0.0005376 seconds
Import Error Code:(4)
Message: Build asset version error: assets/scripts/mainmenu.cs in SourceAssetDB has modification time of '2025-04-30T19:29:19.2731904Z' while content on disk has modification time of '2025-04-30T19:29:20.0365723Z'
  ERROR: Build asset version error: assets/scripts/mainmenu.cs in SourceAssetDB has modification time of '2025-04-30T19:29:19.2731904Z' while content on disk has modification time of '2025-04-30T19:29:20.0365723Z'
Number of updated asset objects reloaded before import = 0Number of asset objects unloaded after import = 0

========================================================================
Received Import Request.
  Time since last request: 0.000021 seconds.
  path: Assets/Scripts/MainMenu.cs
  artifactKey: Guid(bec661b304bf33645abee6d5b105ce53) Importer(815301076,1909f56bfc062723c751e8b465ee728b)
Start importing Assets/Scripts/MainMenu.cs using Guid(bec661b304bf33645abee6d5b105ce53) Importer(815301076,1909f56bfc062723c751e8b465ee728b) (PreviewImporter) -> (artifact id: '00000000000000000000000000000000') in 0.0007018 seconds
Import Error Code:(4)
Message: Build asset version error: assets/scripts/mainmenu.cs in SourceAssetDB has modification time of '2025-04-30T19:29:19.2731904Z' while content on disk has modification time of '2025-04-30T19:29:20.0365723Z'
  ERROR: Build asset version error: assets/scripts/mainmenu.cs in SourceAssetDB has modification time of '2025-04-30T19:29:19.2731904Z' while content on disk has modification time of '2025-04-30T19:29:20.0365723Z'
Number of updated asset objects reloaded before import = 0Number of asset objects unloaded after import = 0

========================================================================
Received Import Request.
  Time since last request: 0.000030 seconds.
  path: Assets/Scripts/MainMenu.cs
  artifactKey: Guid(bec661b304bf33645abee6d5b105ce53) Importer(815301076,1909f56bfc062723c751e8b465ee728b)
Start importing Assets/Scripts/MainMenu.cs using Guid(bec661b304bf33645abee6d5b105ce53) Importer(815301076,1909f56bfc062723c751e8b465ee728b) (PreviewImporter) -> (artifact id: '00000000000000000000000000000000') in 0.0005387 seconds
Import Error Code:(4)
Message: Build asset version error: assets/scripts/mainmenu.cs in SourceAssetDB has modification time of '2025-04-30T19:29:19.2731904Z' while content on disk has modification time of '2025-04-30T19:29:20.0365723Z'
  ERROR: Build asset version error: assets/scripts/mainmenu.cs in SourceAssetDB has modification time of '2025-04-30T19:29:19.2731904Z' while content on disk has modification time of '2025-04-30T19:29:20.0365723Z'
Number of updated asset objects reloaded before import = 0Number of asset objects unloaded after import = 0

========================================================================
Received Import Request.
  Time since last request: 0.000017 seconds.
  path: Assets/Scripts/MainMenu.cs
  artifactKey: Guid(bec661b304bf33645abee6d5b105ce53) Importer(815301076,1909f56bfc062723c751e8b465ee728b)
Start importing Assets/Scripts/MainMenu.cs using Guid(bec661b304bf33645abee6d5b105ce53) Importer(815301076,1909f56bfc062723c751e8b465ee728b) (PreviewImporter) -> (artifact id: '00000000000000000000000000000000') in 0.0005206 seconds
Import Error Code:(4)
Message: Build asset version error: assets/scripts/mainmenu.cs in SourceAssetDB has modification time of '2025-04-30T19:29:19.2731904Z' while content on disk has modification time of '2025-04-30T19:29:20.0365723Z'
  ERROR: Build asset version error: assets/scripts/mainmenu.cs in SourceAssetDB has modification time of '2025-04-30T19:29:19.2731904Z' while content on disk has modification time of '2025-04-30T19:29:20.0365723Z'
Number of updated asset objects reloaded before import = 0Number of asset objects unloaded after import = 0

========================================================================
Received Import Request.
  Time since last request: 0.000017 seconds.
  path: Assets/Scripts/MainMenu.cs
  artifactKey: Guid(bec661b304bf33645abee6d5b105ce53) Importer(815301076,1909f56bfc062723c751e8b465ee728b)
Start importing Assets/Scripts/MainMenu.cs using Guid(bec661b304bf33645abee6d5b105ce53) Importer(815301076,1909f56bfc062723c751e8b465ee728b) (PreviewImporter) -> (artifact id: '00000000000000000000000000000000') in 0.0004895 seconds
Import Error Code:(4)
Message: Build asset version error: assets/scripts/mainmenu.cs in SourceAssetDB has modification time of '2025-04-30T19:29:19.2731904Z' while content on disk has modification time of '2025-04-30T19:29:20.0365723Z'
  ERROR: Build asset version error: assets/scripts/mainmenu.cs in SourceAssetDB has modification time of '2025-04-30T19:29:19.2731904Z' while content on disk has modification time of '2025-04-30T19:29:20.0365723Z'
Number of updated asset objects reloaded before import = 0Number of asset objects unloaded after import = 0

========================================================================
Received Import Request.
  Time since last request: 0.000014 seconds.
  path: Assets/Scripts/MainMenu.cs
  artifactKey: Guid(bec661b304bf33645abee6d5b105ce53) Importer(815301076,1909f56bfc062723c751e8b465ee728b)
Start importing Assets/Scripts/MainMenu.cs using Guid(bec661b304bf33645abee6d5b105ce53) Importer(815301076,1909f56bfc062723c751e8b465ee728b) (PreviewImporter) -> (artifact id: '00000000000000000000000000000000') in 0.0004993 seconds
Import Error Code:(4)
Message: Build asset version error: assets/scripts/mainmenu.cs in SourceAssetDB has modification time of '2025-04-30T19:29:19.2731904Z' while content on disk has modification time of '2025-04-30T19:29:20.0365723Z'
  ERROR: Build asset version error: assets/scripts/mainmenu.cs in SourceAssetDB has modification time of '2025-04-30T19:29:19.2731904Z' while content on disk has modification time of '2025-04-30T19:29:20.0365723Z'
Number of updated asset objects reloaded before import = 0Number of asset objects unloaded after import = 0

========================================================================
Received Import Request.
  Time since last request: 0.000016 seconds.
  path: Assets/Scripts/MainMenu.cs
  artifactKey: Guid(bec661b304bf33645abee6d5b105ce53) Importer(815301076,1909f56bfc062723c751e8b465ee728b)
Start importing Assets/Scripts/MainMenu.cs using Guid(bec661b304bf33645abee6d5b105ce53) Importer(815301076,1909f56bfc062723c751e8b465ee728b) (PreviewImporter) -> (artifact id: '00000000000000000000000000000000') in 0.0005257 seconds
Import Error Code:(4)
Message: Build asset version error: assets/scripts/mainmenu.cs in SourceAssetDB has modification time of '2025-04-30T19:29:19.2731904Z' while content on disk has modification time of '2025-04-30T19:29:20.0365723Z'
  ERROR: Build asset version error: assets/scripts/mainmenu.cs in SourceAssetDB has modification time of '2025-04-30T19:29:19.2731904Z' while content on disk has modification time of '2025-04-30T19:29:20.0365723Z'
Number of updated asset objects reloaded before import = 0Number of asset objects unloaded after import = 0

========================================================================
Received Import Request.
  Time since last request: 0.000016 seconds.
  path: Assets/Scripts/MainMenu.cs
  artifactKey: Guid(bec661b304bf33645abee6d5b105ce53) Importer(815301076,1909f56bfc062723c751e8b465ee728b)
Start importing Assets/Scripts/MainMenu.cs using Guid(bec661b304bf33645abee6d5b105ce53) Importer(815301076,1909f56bfc062723c751e8b465ee728b) (PreviewImporter) -> (artifact id: '00000000000000000000000000000000') in 0.0005222 seconds
Import Error Code:(4)
Message: Build asset version error: assets/scripts/mainmenu.cs in SourceAssetDB has modification time of '2025-04-30T19:29:19.2731904Z' while content on disk has modification time of '2025-04-30T19:29:20.0365723Z'
  ERROR: Build asset version error: assets/scripts/mainmenu.cs in SourceAssetDB has modification time of '2025-04-30T19:29:19.2731904Z' while content on disk has modification time of '2025-04-30T19:29:20.0365723Z'
Number of updated asset objects reloaded before import = 0Number of asset objects unloaded after import = 0

========================================================================
Received Import Request.
  Time since last request: 0.000015 seconds.
  path: Assets/Scripts/MainMenu.cs
  artifactKey: Guid(bec661b304bf33645abee6d5b105ce53) Importer(815301076,1909f56bfc062723c751e8b465ee728b)
Start importing Assets/Scripts/MainMenu.cs using Guid(bec661b304bf33645abee6d5b105ce53) Importer(815301076,1909f56bfc062723c751e8b465ee728b) (PreviewImporter) -> (artifact id: '00000000000000000000000000000000') in 0.0005581 seconds
Import Error Code:(4)
Message: Build asset version error: assets/scripts/mainmenu.cs in SourceAssetDB has modification time of '2025-04-30T19:29:19.2731904Z' while content on disk has modification time of '2025-04-30T19:29:20.0365723Z'
  ERROR: Build asset version error: assets/scripts/mainmenu.cs in SourceAssetDB has modification time of '2025-04-30T19:29:19.2731904Z' while content on disk has modification time of '2025-04-30T19:29:20.0365723Z'
Number of updated asset objects reloaded before import = 0Number of asset objects unloaded after import = 0

========================================================================
Received Import Request.
  Time since last request: 0.000017 seconds.
  path: Assets/Scripts/MainMenu.cs
  artifactKey: Guid(bec661b304bf33645abee6d5b105ce53) Importer(815301076,1909f56bfc062723c751e8b465ee728b)
Start importing Assets/Scripts/MainMenu.cs using Guid(bec661b304bf33645abee6d5b105ce53) Importer(815301076,1909f56bfc062723c751e8b465ee728b) (PreviewImporter) -> (artifact id: '00000000000000000000000000000000') in 0.0005174 seconds
Import Error Code:(4)
Message: Build asset version error: assets/scripts/mainmenu.cs in SourceAssetDB has modification time of '2025-04-30T19:29:19.2731904Z' while content on disk has modification time of '2025-04-30T19:29:20.0365723Z'
  ERROR: Build asset version error: assets/scripts/mainmenu.cs in SourceAssetDB has modification time of '2025-04-30T19:29:19.2731904Z' while content on disk has modification time of '2025-04-30T19:29:20.0365723Z'
Number of updated asset objects reloaded before import = 0Number of asset objects unloaded after import = 0

========================================================================
Received Import Request.
  Time since last request: 0.000019 seconds.
  path: Assets/Scripts/MainMenu.cs
  artifactKey: Guid(bec661b304bf33645abee6d5b105ce53) Importer(815301076,1909f56bfc062723c751e8b465ee728b)
Start importing Assets/Scripts/MainMenu.cs using Guid(bec661b304bf33645abee6d5b105ce53) Importer(815301076,1909f56bfc062723c751e8b465ee728b) (PreviewImporter) -> (artifact id: '00000000000000000000000000000000') in 0.0005487 seconds
Import Error Code:(4)
Message: Build asset version error: assets/scripts/mainmenu.cs in SourceAssetDB has modification time of '2025-04-30T19:29:19.2731904Z' while content on disk has modification time of '2025-04-30T19:29:20.0365723Z'
  ERROR: Build asset version error: assets/scripts/mainmenu.cs in SourceAssetDB has modification time of '2025-04-30T19:29:19.2731904Z' while content on disk has modification time of '2025-04-30T19:29:20.0365723Z'
Number of updated asset objects reloaded before import = 0Number of asset objects unloaded after import = 0

========================================================================
Received Import Request.
  Time since last request: 0.000030 seconds.
  path: Assets/Scripts/MainMenu.cs
  artifactKey: Guid(bec661b304bf33645abee6d5b105ce53) Importer(815301076,1909f56bfc062723c751e8b465ee728b)
Start importing Assets/Scripts/MainMenu.cs using Guid(bec661b304bf33645abee6d5b105ce53) Importer(815301076,1909f56bfc062723c751e8b465ee728b) (PreviewImporter) -> (artifact id: '00000000000000000000000000000000') in 0.0005551 seconds
Import Error Code:(4)
Message: Build asset version error: assets/scripts/mainmenu.cs in SourceAssetDB has modification time of '2025-04-30T19:29:19.2731904Z' while content on disk has modification time of '2025-04-30T19:29:20.0365723Z'
  ERROR: Build asset version error: assets/scripts/mainmenu.cs in SourceAssetDB has modification time of '2025-04-30T19:29:19.2731904Z' while content on disk has modification time of '2025-04-30T19:29:20.0365723Z'
Number of updated asset objects reloaded before import = 0Number of asset objects unloaded after import = 0

========================================================================
Received Import Request.
  Time since last request: 0.000016 seconds.
  path: Assets/Scripts/MainMenu.cs
  artifactKey: Guid(bec661b304bf33645abee6d5b105ce53) Importer(815301076,1909f56bfc062723c751e8b465ee728b)
Start importing Assets/Scripts/MainMenu.cs using Guid(bec661b304bf33645abee6d5b105ce53) Importer(815301076,1909f56bfc062723c751e8b465ee728b) (PreviewImporter) -> (artifact id: '00000000000000000000000000000000') in 0.000555 seconds
Import Error Code:(4)
Message: Build asset version error: assets/scripts/mainmenu.cs in SourceAssetDB has modification time of '2025-04-30T19:29:19.2731904Z' while content on disk has modification time of '2025-04-30T19:29:20.0365723Z'
  ERROR: Build asset version error: assets/scripts/mainmenu.cs in SourceAssetDB has modification time of '2025-04-30T19:29:19.2731904Z' while content on disk has modification time of '2025-04-30T19:29:20.0365723Z'
Number of updated asset objects reloaded before import = 0Number of asset objects unloaded after import = 0

========================================================================
Received Import Request.
  Time since last request: 0.000018 seconds.
  path: Assets/Scripts/MainMenu.cs
  artifactKey: Guid(bec661b304bf33645abee6d5b105ce53) Importer(815301076,1909f56bfc062723c751e8b465ee728b)
Start importing Assets/Scripts/MainMenu.cs using Guid(bec661b304bf33645abee6d5b105ce53) Importer(815301076,1909f56bfc062723c751e8b465ee728b) (PreviewImporter) -> (artifact id: '00000000000000000000000000000000') in 0.0005594 seconds
Import Error Code:(4)
Message: Build asset version error: assets/scripts/mainmenu.cs in SourceAssetDB has modification time of '2025-04-30T19:29:19.2731904Z' while content on disk has modification time of '2025-04-30T19:29:20.0365723Z'
  ERROR: Build asset version error: assets/scripts/mainmenu.cs in SourceAssetDB has modification time of '2025-04-30T19:29:19.2731904Z' while content on disk has modification time of '2025-04-30T19:29:20.0365723Z'
Number of updated asset objects reloaded before import = 0Number of asset objects unloaded after import = 0

========================================================================
Received Import Request.
  Time since last request: 0.000017 seconds.
  path: Assets/Scripts/MainMenu.cs
  artifactKey: Guid(bec661b304bf33645abee6d5b105ce53) Importer(815301076,1909f56bfc062723c751e8b465ee728b)
Start importing Assets/Scripts/MainMenu.cs using Guid(bec661b304bf33645abee6d5b105ce53) Importer(815301076,1909f56bfc062723c751e8b465ee728b) (PreviewImporter) -> (artifact id: '00000000000000000000000000000000') in 0.0005299 seconds
Import Error Code:(4)
Message: Build asset version error: assets/scripts/mainmenu.cs in SourceAssetDB has modification time of '2025-04-30T19:29:19.2731904Z' while content on disk has modification time of '2025-04-30T19:29:20.0365723Z'
  ERROR: Build asset version error: assets/scripts/mainmenu.cs in SourceAssetDB has modification time of '2025-04-30T19:29:19.2731904Z' while content on disk has modification time of '2025-04-30T19:29:20.0365723Z'
Number of updated asset objects reloaded before import = 0Number of asset objects unloaded after import = 0

========================================================================
Received Import Request.
  Time since last request: 0.000018 seconds.
  path: Assets/Scripts/MainMenu.cs
  artifactKey: Guid(bec661b304bf33645abee6d5b105ce53) Importer(815301076,1909f56bfc062723c751e8b465ee728b)
Start importing Assets/Scripts/MainMenu.cs using Guid(bec661b304bf33645abee6d5b105ce53) Importer(815301076,1909f56bfc062723c751e8b465ee728b) (PreviewImporter) -> (artifact id: '00000000000000000000000000000000') in 0.0005523 seconds
Import Error Code:(4)
Message: Build asset version error: assets/scripts/mainmenu.cs in SourceAssetDB has modification time of '2025-04-30T19:29:19.2731904Z' while content on disk has modification time of '2025-04-30T19:29:20.0365723Z'
  ERROR: Build asset version error: assets/scripts/mainmenu.cs in SourceAssetDB has modification time of '2025-04-30T19:29:19.2731904Z' while content on disk has modification time of '2025-04-30T19:29:20.0365723Z'
Number of updated asset objects reloaded before import = 0Number of asset objects unloaded after import = 0

========================================================================
Received Import Request.
  Time since last request: 0.000016 seconds.
  path: Assets/Scripts/MainMenu.cs
  artifactKey: Guid(bec661b304bf33645abee6d5b105ce53) Importer(815301076,1909f56bfc062723c751e8b465ee728b)
Start importing Assets/Scripts/MainMenu.cs using Guid(bec661b304bf33645abee6d5b105ce53) Importer(815301076,1909f56bfc062723c751e8b465ee728b) (PreviewImporter) -> (artifact id: '00000000000000000000000000000000') in 0.0005421 seconds
Import Error Code:(4)
Message: Build asset version error: assets/scripts/mainmenu.cs in SourceAssetDB has modification time of '2025-04-30T19:29:19.2731904Z' while content on disk has modification time of '2025-04-30T19:29:20.0365723Z'
  ERROR: Build asset version error: assets/scripts/mainmenu.cs in SourceAssetDB has modification time of '2025-04-30T19:29:19.2731904Z' while content on disk has modification time of '2025-04-30T19:29:20.0365723Z'
Number of updated asset objects reloaded before import = 0Number of asset objects unloaded after import = 0

========================================================================
Received Import Request.
  Time since last request: 0.000014 seconds.
  path: Assets/Scripts/MainMenu.cs
  artifactKey: Guid(bec661b304bf33645abee6d5b105ce53) Importer(815301076,1909f56bfc062723c751e8b465ee728b)
Start importing Assets/Scripts/MainMenu.cs using Guid(bec661b304bf33645abee6d5b105ce53) Importer(815301076,1909f56bfc062723c751e8b465ee728b) (PreviewImporter) -> (artifact id: '00000000000000000000000000000000') in 0.0006947 seconds
Import Error Code:(4)
Message: Build asset version error: assets/scripts/mainmenu.cs in SourceAssetDB has modification time of '2025-04-30T19:29:19.2731904Z' while content on disk has modification time of '2025-04-30T19:29:20.0365723Z'
  ERROR: Build asset version error: assets/scripts/mainmenu.cs in SourceAssetDB has modification time of '2025-04-30T19:29:19.2731904Z' while content on disk has modification time of '2025-04-30T19:29:20.0365723Z'
Number of updated asset objects reloaded before import = 0Number of asset objects unloaded after import = 0

========================================================================
Received Import Request.
  Time since last request: 0.000016 seconds.
  path: Assets/Scripts/MainMenu.cs
  artifactKey: Guid(bec661b304bf33645abee6d5b105ce53) Importer(815301076,1909f56bfc062723c751e8b465ee728b)
Start importing Assets/Scripts/MainMenu.cs using Guid(bec661b304bf33645abee6d5b105ce53) Importer(815301076,1909f56bfc062723c751e8b465ee728b) (PreviewImporter) -> (artifact id: '00000000000000000000000000000000') in 0.0005339 seconds
Import Error Code:(4)
Message: Build asset version error: assets/scripts/mainmenu.cs in SourceAssetDB has modification time of '2025-04-30T19:29:19.2731904Z' while content on disk has modification time of '2025-04-30T19:29:20.0365723Z'
  ERROR: Build asset version error: assets/scripts/mainmenu.cs in SourceAssetDB has modification time of '2025-04-30T19:29:19.2731904Z' while content on disk has modification time of '2025-04-30T19:29:20.0365723Z'
Number of updated asset objects reloaded before import = 0Number of asset objects unloaded after import = 0

========================================================================
Received Import Request.
  Time since last request: 0.000034 seconds.
  path: Assets/Scripts/MainMenu.cs
  artifactKey: Guid(bec661b304bf33645abee6d5b105ce53) Importer(815301076,1909f56bfc062723c751e8b465ee728b)
Start importing Assets/Scripts/MainMenu.cs using Guid(bec661b304bf33645abee6d5b105ce53) Importer(815301076,1909f56bfc062723c751e8b465ee728b) (PreviewImporter) -> (artifact id: '00000000000000000000000000000000') in 0.0006447 seconds
Import Error Code:(4)
Message: Build asset version error: assets/scripts/mainmenu.cs in SourceAssetDB has modification time of '2025-04-30T19:29:19.2731904Z' while content on disk has modification time of '2025-04-30T19:29:20.0365723Z'
  ERROR: Build asset version error: assets/scripts/mainmenu.cs in SourceAssetDB has modification time of '2025-04-30T19:29:19.2731904Z' while content on disk has modification time of '2025-04-30T19:29:20.0365723Z'
Number of updated asset objects reloaded before import = 0Number of asset objects unloaded after import = 0

========================================================================
Received Import Request.
  Time since last request: 0.000028 seconds.
  path: Assets/Scripts/MainMenu.cs
  artifactKey: Guid(bec661b304bf33645abee6d5b105ce53) Importer(815301076,1909f56bfc062723c751e8b465ee728b)
Start importing Assets/Scripts/MainMenu.cs using Guid(bec661b304bf33645abee6d5b105ce53) Importer(815301076,1909f56bfc062723c751e8b465ee728b) (PreviewImporter) -> (artifact id: '00000000000000000000000000000000') in 0.0006983 seconds
Import Error Code:(4)
Message: Build asset version error: assets/scripts/mainmenu.cs in SourceAssetDB has modification time of '2025-04-30T19:29:19.2731904Z' while content on disk has modification time of '2025-04-30T19:29:20.0365723Z'
  ERROR: Build asset version error: assets/scripts/mainmenu.cs in SourceAssetDB has modification time of '2025-04-30T19:29:19.2731904Z' while content on disk has modification time of '2025-04-30T19:29:20.0365723Z'
Number of updated asset objects reloaded before import = 0Number of asset objects unloaded after import = 0

========================================================================
Received Import Request.
  Time since last request: 0.000018 seconds.
  path: Assets/Scripts/MainMenu.cs
  artifactKey: Guid(bec661b304bf33645abee6d5b105ce53) Importer(815301076,1909f56bfc062723c751e8b465ee728b)
Start importing Assets/Scripts/MainMenu.cs using Guid(bec661b304bf33645abee6d5b105ce53) Importer(815301076,1909f56bfc062723c751e8b465ee728b) (PreviewImporter) -> (artifact id: '00000000000000000000000000000000') in 0.0005812 seconds
Import Error Code:(4)
Message: Build asset version error: assets/scripts/mainmenu.cs in SourceAssetDB has modification time of '2025-04-30T19:29:19.2731904Z' while content on disk has modification time of '2025-04-30T19:29:20.0365723Z'
  ERROR: Build asset version error: assets/scripts/mainmenu.cs in SourceAssetDB has modification time of '2025-04-30T19:29:19.2731904Z' while content on disk has modification time of '2025-04-30T19:29:20.0365723Z'
Number of updated asset objects reloaded before import = 0Number of asset objects unloaded after import = 0

========================================================================
Received Import Request.
  Time since last request: 0.000016 seconds.
  path: Assets/Scripts/MainMenu.cs
  artifactKey: Guid(bec661b304bf33645abee6d5b105ce53) Importer(815301076,1909f56bfc062723c751e8b465ee728b)
Start importing Assets/Scripts/MainMenu.cs using Guid(bec661b304bf33645abee6d5b105ce53) Importer(815301076,1909f56bfc062723c751e8b465ee728b) (PreviewImporter) -> (artifact id: '00000000000000000000000000000000') in 0.0005088 seconds
Import Error Code:(4)
Message: Build asset version error: assets/scripts/mainmenu.cs in SourceAssetDB has modification time of '2025-04-30T19:29:19.2731904Z' while content on disk has modification time of '2025-04-30T19:29:20.0365723Z'
  ERROR: Build asset version error: assets/scripts/mainmenu.cs in SourceAssetDB has modification time of '2025-04-30T19:29:19.2731904Z' while content on disk has modification time of '2025-04-30T19:29:20.0365723Z'
Number of updated asset objects reloaded before import = 0Number of asset objects unloaded after import = 0

========================================================================
Received Import Request.
  Time since last request: 0.000015 seconds.
  path: Assets/Scripts/MainMenu.cs
  artifactKey: Guid(bec661b304bf33645abee6d5b105ce53) Importer(815301076,1909f56bfc062723c751e8b465ee728b)
Start importing Assets/Scripts/MainMenu.cs using Guid(bec661b304bf33645abee6d5b105ce53) Importer(815301076,1909f56bfc062723c751e8b465ee728b) (PreviewImporter) -> (artifact id: '00000000000000000000000000000000') in 0.0005288 seconds
Import Error Code:(4)
Message: Build asset version error: assets/scripts/mainmenu.cs in SourceAssetDB has modification time of '2025-04-30T19:29:19.2731904Z' while content on disk has modification time of '2025-04-30T19:29:20.0365723Z'
  ERROR: Build asset version error: assets/scripts/mainmenu.cs in SourceAssetDB has modification time of '2025-04-30T19:29:19.2731904Z' while content on disk has modification time of '2025-04-30T19:29:20.0365723Z'
Number of updated asset objects reloaded before import = 0Number of asset objects unloaded after import = 0

========================================================================
Received Import Request.
  Time since last request: 0.000014 seconds.
  path: Assets/Scripts/MainMenu.cs
  artifactKey: Guid(bec661b304bf33645abee6d5b105ce53) Importer(815301076,1909f56bfc062723c751e8b465ee728b)
Start importing Assets/Scripts/MainMenu.cs using Guid(bec661b304bf33645abee6d5b105ce53) Importer(815301076,1909f56bfc062723c751e8b465ee728b) (PreviewImporter) -> (artifact id: '00000000000000000000000000000000') in 0.0005269 seconds
Import Error Code:(4)
Message: Build asset version error: assets/scripts/mainmenu.cs in SourceAssetDB has modification time of '2025-04-30T19:29:19.2731904Z' while content on disk has modification time of '2025-04-30T19:29:20.0365723Z'
  ERROR: Build asset version error: assets/scripts/mainmenu.cs in SourceAssetDB has modification time of '2025-04-30T19:29:19.2731904Z' while content on disk has modification time of '2025-04-30T19:29:20.0365723Z'
Number of updated asset objects reloaded before import = 0Number of asset objects unloaded after import = 0

========================================================================
Received Import Request.
  Time since last request: 0.000016 seconds.
  path: Assets/Scripts/MainMenu.cs
  artifactKey: Guid(bec661b304bf33645abee6d5b105ce53) Importer(815301076,1909f56bfc062723c751e8b465ee728b)
Start importing Assets/Scripts/MainMenu.cs using Guid(bec661b304bf33645abee6d5b105ce53) Importer(815301076,1909f56bfc062723c751e8b465ee728b) (PreviewImporter) -> (artifact id: '00000000000000000000000000000000') in 0.0005403 seconds
Import Error Code:(4)
Message: Build asset version error: assets/scripts/mainmenu.cs in SourceAssetDB has modification time of '2025-04-30T19:29:19.2731904Z' while content on disk has modification time of '2025-04-30T19:29:20.0365723Z'
  ERROR: Build asset version error: assets/scripts/mainmenu.cs in SourceAssetDB has modification time of '2025-04-30T19:29:19.2731904Z' while content on disk has modification time of '2025-04-30T19:29:20.0365723Z'
Number of updated asset objects reloaded before import = 0Number of asset objects unloaded after import = 0

========================================================================
Received Import Request.
  Time since last request: 0.000015 seconds.
  path: Assets/Scripts/MainMenu.cs
  artifactKey: Guid(bec661b304bf33645abee6d5b105ce53) Importer(815301076,1909f56bfc062723c751e8b465ee728b)
Start importing Assets/Scripts/MainMenu.cs using Guid(bec661b304bf33645abee6d5b105ce53) Importer(815301076,1909f56bfc062723c751e8b465ee728b) (PreviewImporter) -> (artifact id: '00000000000000000000000000000000') in 0.0005209 seconds
Import Error Code:(4)
Message: Build asset version error: assets/scripts/mainmenu.cs in SourceAssetDB has modification time of '2025-04-30T19:29:19.2731904Z' while content on disk has modification time of '2025-04-30T19:29:20.0365723Z'
  ERROR: Build asset version error: assets/scripts/mainmenu.cs in SourceAssetDB has modification time of '2025-04-30T19:29:19.2731904Z' while content on disk has modification time of '2025-04-30T19:29:20.0365723Z'
Number of updated asset objects reloaded before import = 0Number of asset objects unloaded after import = 0

========================================================================
Received Import Request.
  Time since last request: 0.000017 seconds.
  path: Assets/Scripts/MainMenu.cs
  artifactKey: Guid(bec661b304bf33645abee6d5b105ce53) Importer(815301076,1909f56bfc062723c751e8b465ee728b)
Start importing Assets/Scripts/MainMenu.cs using Guid(bec661b304bf33645abee6d5b105ce53) Importer(815301076,1909f56bfc062723c751e8b465ee728b) (PreviewImporter) -> (artifact id: '00000000000000000000000000000000') in 0.0008529 seconds
Import Error Code:(4)
Message: Build asset version error: assets/scripts/mainmenu.cs in SourceAssetDB has modification time of '2025-04-30T19:29:19.2731904Z' while content on disk has modification time of '2025-04-30T19:29:20.0365723Z'
  ERROR: Build asset version error: assets/scripts/mainmenu.cs in SourceAssetDB has modification time of '2025-04-30T19:29:19.2731904Z' while content on disk has modification time of '2025-04-30T19:29:20.0365723Z'
Number of updated asset objects reloaded before import = 0Number of asset objects unloaded after import = 0

========================================================================
Received Import Request.
  Time since last request: 0.000020 seconds.
  path: Assets/Scripts/MainMenu.cs
  artifactKey: Guid(bec661b304bf33645abee6d5b105ce53) Importer(815301076,1909f56bfc062723c751e8b465ee728b)
Start importing Assets/Scripts/MainMenu.cs using Guid(bec661b304bf33645abee6d5b105ce53) Importer(815301076,1909f56bfc062723c751e8b465ee728b) (PreviewImporter) -> (artifact id: '00000000000000000000000000000000') in 0.0008162 seconds
Import Error Code:(4)
Message: Build asset version error: assets/scripts/mainmenu.cs in SourceAssetDB has modification time of '2025-04-30T19:29:19.2731904Z' while content on disk has modification time of '2025-04-30T19:29:20.0365723Z'
  ERROR: Build asset version error: assets/scripts/mainmenu.cs in SourceAssetDB has modification time of '2025-04-30T19:29:19.2731904Z' while content on disk has modification time of '2025-04-30T19:29:20.0365723Z'
Number of updated asset objects reloaded before import = 0Number of asset objects unloaded after import = 0

========================================================================
Received Import Request.
  Time since last request: 0.000028 seconds.
  path: Assets/Scripts/MainMenu.cs
  artifactKey: Guid(bec661b304bf33645abee6d5b105ce53) Importer(815301076,1909f56bfc062723c751e8b465ee728b)
Start importing Assets/Scripts/MainMenu.cs using Guid(bec661b304bf33645abee6d5b105ce53) Importer(815301076,1909f56bfc062723c751e8b465ee728b) (PreviewImporter) -> (artifact id: '00000000000000000000000000000000') in 0.0005323 seconds
Import Error Code:(4)
Message: Build asset version error: assets/scripts/mainmenu.cs in SourceAssetDB has modification time of '2025-04-30T19:29:19.2731904Z' while content on disk has modification time of '2025-04-30T19:29:20.0365723Z'
  ERROR: Build asset version error: assets/scripts/mainmenu.cs in SourceAssetDB has modification time of '2025-04-30T19:29:19.2731904Z' while content on disk has modification time of '2025-04-30T19:29:20.0365723Z'
Number of updated asset objects reloaded before import = 0Number of asset objects unloaded after import = 0

========================================================================
Received Import Request.
  Time since last request: 0.000016 seconds.
  path: Assets/Scripts/MainMenu.cs
  artifactKey: Guid(bec661b304bf33645abee6d5b105ce53) Importer(815301076,1909f56bfc062723c751e8b465ee728b)
Start importing Assets/Scripts/MainMenu.cs using Guid(bec661b304bf33645abee6d5b105ce53) Importer(815301076,1909f56bfc062723c751e8b465ee728b) (PreviewImporter) -> (artifact id: '00000000000000000000000000000000') in 0.0004659 seconds
Import Error Code:(4)
Message: Build asset version error: assets/scripts/mainmenu.cs in SourceAssetDB has modification time of '2025-04-30T19:29:19.2731904Z' while content on disk has modification time of '2025-04-30T19:29:20.0365723Z'
  ERROR: Build asset version error: assets/scripts/mainmenu.cs in SourceAssetDB has modification time of '2025-04-30T19:29:19.2731904Z' while content on disk has modification time of '2025-04-30T19:29:20.0365723Z'
Number of updated asset objects reloaded before import = 0Number of asset objects unloaded after import = 0

========================================================================
Received Import Request.
  Time since last request: 0.000013 seconds.
  path: Assets/Scripts/MainMenu.cs
  artifactKey: Guid(bec661b304bf33645abee6d5b105ce53) Importer(815301076,1909f56bfc062723c751e8b465ee728b)
Start importing Assets/Scripts/MainMenu.cs using Guid(bec661b304bf33645abee6d5b105ce53) Importer(815301076,1909f56bfc062723c751e8b465ee728b) (PreviewImporter) -> (artifact id: '00000000000000000000000000000000') in 0.0005259 seconds
Import Error Code:(4)
Message: Build asset version error: assets/scripts/mainmenu.cs in SourceAssetDB has modification time of '2025-04-30T19:29:19.2731904Z' while content on disk has modification time of '2025-04-30T19:29:20.0365723Z'
  ERROR: Build asset version error: assets/scripts/mainmenu.cs in SourceAssetDB has modification time of '2025-04-30T19:29:19.2731904Z' while content on disk has modification time of '2025-04-30T19:29:20.0365723Z'
Number of updated asset objects reloaded before import = 0Number of asset objects unloaded after import = 0

========================================================================
Received Import Request.
  Time since last request: 0.000015 seconds.
  path: Assets/Scripts/MainMenu.cs
  artifactKey: Guid(bec661b304bf33645abee6d5b105ce53) Importer(815301076,1909f56bfc062723c751e8b465ee728b)
Start importing Assets/Scripts/MainMenu.cs using Guid(bec661b304bf33645abee6d5b105ce53) Importer(815301076,1909f56bfc062723c751e8b465ee728b) (PreviewImporter) -> (artifact id: '00000000000000000000000000000000') in 0.0005228 seconds
Import Error Code:(4)
Message: Build asset version error: assets/scripts/mainmenu.cs in SourceAssetDB has modification time of '2025-04-30T19:29:19.2731904Z' while content on disk has modification time of '2025-04-30T19:29:20.0365723Z'
  ERROR: Build asset version error: assets/scripts/mainmenu.cs in SourceAssetDB has modification time of '2025-04-30T19:29:19.2731904Z' while content on disk has modification time of '2025-04-30T19:29:20.0365723Z'
Number of updated asset objects reloaded before import = 0Number of asset objects unloaded after import = 0

========================================================================
Received Import Request.
  Time since last request: 0.000016 seconds.
  path: Assets/Scripts/MainMenu.cs
  artifactKey: Guid(bec661b304bf33645abee6d5b105ce53) Importer(815301076,1909f56bfc062723c751e8b465ee728b)
Start importing Assets/Scripts/MainMenu.cs using Guid(bec661b304bf33645abee6d5b105ce53) Importer(815301076,1909f56bfc062723c751e8b465ee728b) (PreviewImporter) -> (artifact id: '00000000000000000000000000000000') in 0.0008072 seconds
Import Error Code:(4)
Message: Build asset version error: assets/scripts/mainmenu.cs in SourceAssetDB has modification time of '2025-04-30T19:29:19.2731904Z' while content on disk has modification time of '2025-04-30T19:29:20.0365723Z'
  ERROR: Build asset version error: assets/scripts/mainmenu.cs in SourceAssetDB has modification time of '2025-04-30T19:29:19.2731904Z' while content on disk has modification time of '2025-04-30T19:29:20.0365723Z'
Number of updated asset objects reloaded before import = 0Number of asset objects unloaded after import = 0

========================================================================
Received Import Request.
  Time since last request: 0.000016 seconds.
  path: Assets/Scripts/MainMenu.cs
  artifactKey: Guid(bec661b304bf33645abee6d5b105ce53) Importer(815301076,1909f56bfc062723c751e8b465ee728b)
Start importing Assets/Scripts/MainMenu.cs using Guid(bec661b304bf33645abee6d5b105ce53) Importer(815301076,1909f56bfc062723c751e8b465ee728b) (PreviewImporter) -> (artifact id: '00000000000000000000000000000000') in 0.0005605 seconds
Import Error Code:(4)
Message: Build asset version error: assets/scripts/mainmenu.cs in SourceAssetDB has modification time of '2025-04-30T19:29:19.2731904Z' while content on disk has modification time of '2025-04-30T19:29:20.0365723Z'
  ERROR: Build asset version error: assets/scripts/mainmenu.cs in SourceAssetDB has modification time of '2025-04-30T19:29:19.2731904Z' while content on disk has modification time of '2025-04-30T19:29:20.0365723Z'
Number of updated asset objects reloaded before import = 0Number of asset objects unloaded after import = 0

========================================================================
Received Import Request.
  Time since last request: 0.000013 seconds.
  path: Assets/Scripts/MainMenu.cs
  artifactKey: Guid(bec661b304bf33645abee6d5b105ce53) Importer(815301076,1909f56bfc062723c751e8b465ee728b)
Start importing Assets/Scripts/MainMenu.cs using Guid(bec661b304bf33645abee6d5b105ce53) Importer(815301076,1909f56bfc062723c751e8b465ee728b) (PreviewImporter) -> (artifact id: '00000000000000000000000000000000') in 0.0004255 seconds
Import Error Code:(4)
Message: Build asset version error: assets/scripts/mainmenu.cs in SourceAssetDB has modification time of '2025-04-30T19:29:19.2731904Z' while content on disk has modification time of '2025-04-30T19:29:20.0365723Z'
  ERROR: Build asset version error: assets/scripts/mainmenu.cs in SourceAssetDB has modification time of '2025-04-30T19:29:19.2731904Z' while content on disk has modification time of '2025-04-30T19:29:20.0365723Z'
Number of updated asset objects reloaded before import = 0Number of asset objects unloaded after import = 0

========================================================================
Received Import Request.
  Time since last request: 0.000022 seconds.
  path: Assets/Scripts/MainMenu.cs
  artifactKey: Guid(bec661b304bf33645abee6d5b105ce53) Importer(815301076,1909f56bfc062723c751e8b465ee728b)
Start importing Assets/Scripts/MainMenu.cs using Guid(bec661b304bf33645abee6d5b105ce53) Importer(815301076,1909f56bfc062723c751e8b465ee728b) (PreviewImporter) -> (artifact id: '00000000000000000000000000000000') in 0.0005303 seconds
Import Error Code:(4)
Message: Build asset version error: assets/scripts/mainmenu.cs in SourceAssetDB has modification time of '2025-04-30T19:29:19.2731904Z' while content on disk has modification time of '2025-04-30T19:29:20.0365723Z'
  ERROR: Build asset version error: assets/scripts/mainmenu.cs in SourceAssetDB has modification time of '2025-04-30T19:29:19.2731904Z' while content on disk has modification time of '2025-04-30T19:29:20.0365723Z'
Number of updated asset objects reloaded before import = 0Number of asset objects unloaded after import = 0

========================================================================
Received Import Request.
  Time since last request: 0.000018 seconds.
  path: Assets/Scripts/MainMenu.cs
  artifactKey: Guid(bec661b304bf33645abee6d5b105ce53) Importer(815301076,1909f56bfc062723c751e8b465ee728b)
Start importing Assets/Scripts/MainMenu.cs using Guid(bec661b304bf33645abee6d5b105ce53) Importer(815301076,1909f56bfc062723c751e8b465ee728b) (PreviewImporter) -> (artifact id: '00000000000000000000000000000000') in 0.0004975 seconds
Import Error Code:(4)
Message: Build asset version error: assets/scripts/mainmenu.cs in SourceAssetDB has modification time of '2025-04-30T19:29:19.2731904Z' while content on disk has modification time of '2025-04-30T19:29:20.0365723Z'
  ERROR: Build asset version error: assets/scripts/mainmenu.cs in SourceAssetDB has modification time of '2025-04-30T19:29:19.2731904Z' while content on disk has modification time of '2025-04-30T19:29:20.0365723Z'
Number of updated asset objects reloaded before import = 0Number of asset objects unloaded after import = 0

========================================================================
Received Import Request.
  Time since last request: 0.000026 seconds.
  path: Assets/Scripts/MainMenu.cs
  artifactKey: Guid(bec661b304bf33645abee6d5b105ce53) Importer(815301076,1909f56bfc062723c751e8b465ee728b)
Start importing Assets/Scripts/MainMenu.cs using Guid(bec661b304bf33645abee6d5b105ce53) Importer(815301076,1909f56bfc062723c751e8b465ee728b) (PreviewImporter) -> (artifact id: '00000000000000000000000000000000') in 0.0005189 seconds
Import Error Code:(4)
Message: Build asset version error: assets/scripts/mainmenu.cs in SourceAssetDB has modification time of '2025-04-30T19:29:19.2731904Z' while content on disk has modification time of '2025-04-30T19:29:20.0365723Z'
  ERROR: Build asset version error: assets/scripts/mainmenu.cs in SourceAssetDB has modification time of '2025-04-30T19:29:19.2731904Z' while content on disk has modification time of '2025-04-30T19:29:20.0365723Z'
Number of updated asset objects reloaded before import = 0Number of asset objects unloaded after import = 0

========================================================================
Received Import Request.
  Time since last request: 0.000016 seconds.
  path: Assets/Scripts/MainMenu.cs
  artifactKey: Guid(bec661b304bf33645abee6d5b105ce53) Importer(815301076,1909f56bfc062723c751e8b465ee728b)
Start importing Assets/Scripts/MainMenu.cs using Guid(bec661b304bf33645abee6d5b105ce53) Importer(815301076,1909f56bfc062723c751e8b465ee728b) (PreviewImporter) -> (artifact id: '00000000000000000000000000000000') in 0.0005165 seconds
Import Error Code:(4)
Message: Build asset version error: assets/scripts/mainmenu.cs in SourceAssetDB has modification time of '2025-04-30T19:29:19.2731904Z' while content on disk has modification time of '2025-04-30T19:29:20.0365723Z'
  ERROR: Build asset version error: assets/scripts/mainmenu.cs in SourceAssetDB has modification time of '2025-04-30T19:29:19.2731904Z' while content on disk has modification time of '2025-04-30T19:29:20.0365723Z'
Number of updated asset objects reloaded before import = 0Number of asset objects unloaded after import = 0

========================================================================
Received Import Request.
  Time since last request: 0.000015 seconds.
  path: Assets/Scripts/MainMenu.cs
  artifactKey: Guid(bec661b304bf33645abee6d5b105ce53) Importer(815301076,1909f56bfc062723c751e8b465ee728b)
Start importing Assets/Scripts/MainMenu.cs using Guid(bec661b304bf33645abee6d5b105ce53) Importer(815301076,1909f56bfc062723c751e8b465ee728b) (PreviewImporter) -> (artifact id: '00000000000000000000000000000000') in 0.0005305 seconds
Import Error Code:(4)
Message: Build asset version error: assets/scripts/mainmenu.cs in SourceAssetDB has modification time of '2025-04-30T19:29:19.2731904Z' while content on disk has modification time of '2025-04-30T19:29:20.0365723Z'
  ERROR: Build asset version error: assets/scripts/mainmenu.cs in SourceAssetDB has modification time of '2025-04-30T19:29:19.2731904Z' while content on disk has modification time of '2025-04-30T19:29:20.0365723Z'
Number of updated asset objects reloaded before import = 0Number of asset objects unloaded after import = 0

========================================================================
Received Import Request.
  Time since last request: 0.000014 seconds.
  path: Assets/Scripts/MainMenu.cs
  artifactKey: Guid(bec661b304bf33645abee6d5b105ce53) Importer(815301076,1909f56bfc062723c751e8b465ee728b)
Start importing Assets/Scripts/MainMenu.cs using Guid(bec661b304bf33645abee6d5b105ce53) Importer(815301076,1909f56bfc062723c751e8b465ee728b) (PreviewImporter) -> (artifact id: '00000000000000000000000000000000') in 0.000493 seconds
Import Error Code:(4)
Message: Build asset version error: assets/scripts/mainmenu.cs in SourceAssetDB has modification time of '2025-04-30T19:29:19.2731904Z' while content on disk has modification time of '2025-04-30T19:29:20.0365723Z'
  ERROR: Build asset version error: assets/scripts/mainmenu.cs in SourceAssetDB has modification time of '2025-04-30T19:29:19.2731904Z' while content on disk has modification time of '2025-04-30T19:29:20.0365723Z'
Number of updated asset objects reloaded before import = 0Number of asset objects unloaded after import = 0

========================================================================
Received Import Request.
  Time since last request: 0.000015 seconds.
  path: Assets/Scripts/MainMenu.cs
  artifactKey: Guid(bec661b304bf33645abee6d5b105ce53) Importer(815301076,1909f56bfc062723c751e8b465ee728b)
Start importing Assets/Scripts/MainMenu.cs using Guid(bec661b304bf33645abee6d5b105ce53) Importer(815301076,1909f56bfc062723c751e8b465ee728b) (PreviewImporter) -> (artifact id: '00000000000000000000000000000000') in 0.0005126 seconds
Import Error Code:(4)
Message: Build asset version error: assets/scripts/mainmenu.cs in SourceAssetDB has modification time of '2025-04-30T19:29:19.2731904Z' while content on disk has modification time of '2025-04-30T19:29:20.0365723Z'
  ERROR: Build asset version error: assets/scripts/mainmenu.cs in SourceAssetDB has modification time of '2025-04-30T19:29:19.2731904Z' while content on disk has modification time of '2025-04-30T19:29:20.0365723Z'
Number of updated asset objects reloaded before import = 0Number of asset objects unloaded after import = 0

========================================================================
Received Import Request.
  Time since last request: 0.000014 seconds.
  path: Assets/Scripts/MainMenu.cs
  artifactKey: Guid(bec661b304bf33645abee6d5b105ce53) Importer(815301076,1909f56bfc062723c751e8b465ee728b)
Start importing Assets/Scripts/MainMenu.cs using Guid(bec661b304bf33645abee6d5b105ce53) Importer(815301076,1909f56bfc062723c751e8b465ee728b) (PreviewImporter) -> (artifact id: '00000000000000000000000000000000') in 0.0004622 seconds
Import Error Code:(4)
Message: Build asset version error: assets/scripts/mainmenu.cs in SourceAssetDB has modification time of '2025-04-30T19:29:19.2731904Z' while content on disk has modification time of '2025-04-30T19:29:20.0365723Z'
  ERROR: Build asset version error: assets/scripts/mainmenu.cs in SourceAssetDB has modification time of '2025-04-30T19:29:19.2731904Z' while content on disk has modification time of '2025-04-30T19:29:20.0365723Z'
Number of updated asset objects reloaded before import = 0Number of asset objects unloaded after import = 0

========================================================================
Received Import Request.
  Time since last request: 0.000013 seconds.
  path: Assets/Scripts/MainMenu.cs
  artifactKey: Guid(bec661b304bf33645abee6d5b105ce53) Importer(815301076,1909f56bfc062723c751e8b465ee728b)
Start importing Assets/Scripts/MainMenu.cs using Guid(bec661b304bf33645abee6d5b105ce53) Importer(815301076,1909f56bfc062723c751e8b465ee728b) (PreviewImporter) -> (artifact id: '00000000000000000000000000000000') in 0.0004907 seconds
Import Error Code:(4)
Message: Build asset version error: assets/scripts/mainmenu.cs in SourceAssetDB has modification time of '2025-04-30T19:29:19.2731904Z' while content on disk has modification time of '2025-04-30T19:29:20.0365723Z'
  ERROR: Build asset version error: assets/scripts/mainmenu.cs in SourceAssetDB has modification time of '2025-04-30T19:29:19.2731904Z' while content on disk has modification time of '2025-04-30T19:29:20.0365723Z'
Number of updated asset objects reloaded before import = 0Number of asset objects unloaded after import = 0

========================================================================
Received Import Request.
  Time since last request: 0.000022 seconds.
  path: Assets/Scripts/MainMenu.cs
  artifactKey: Guid(bec661b304bf33645abee6d5b105ce53) Importer(815301076,1909f56bfc062723c751e8b465ee728b)
Start importing Assets/Scripts/MainMenu.cs using Guid(bec661b304bf33645abee6d5b105ce53) Importer(815301076,1909f56bfc062723c751e8b465ee728b) (PreviewImporter) -> (artifact id: '00000000000000000000000000000000') in 0.0005313 seconds
Import Error Code:(4)
Message: Build asset version error: assets/scripts/mainmenu.cs in SourceAssetDB has modification time of '2025-04-30T19:29:19.2731904Z' while content on disk has modification time of '2025-04-30T19:29:20.0365723Z'
  ERROR: Build asset version error: assets/scripts/mainmenu.cs in SourceAssetDB has modification time of '2025-04-30T19:29:19.2731904Z' while content on disk has modification time of '2025-04-30T19:29:20.0365723Z'
Number of updated asset objects reloaded before import = 0Number of asset objects unloaded after import = 0

========================================================================
Received Import Request.
  Time since last request: 0.000013 seconds.
  path: Assets/Scripts/MainMenu.cs
  artifactKey: Guid(bec661b304bf33645abee6d5b105ce53) Importer(815301076,1909f56bfc062723c751e8b465ee728b)
Start importing Assets/Scripts/MainMenu.cs using Guid(bec661b304bf33645abee6d5b105ce53) Importer(815301076,1909f56bfc062723c751e8b465ee728b) (PreviewImporter) -> (artifact id: '00000000000000000000000000000000') in 0.0005357 seconds
Import Error Code:(4)
Message: Build asset version error: assets/scripts/mainmenu.cs in SourceAssetDB has modification time of '2025-04-30T19:29:19.2731904Z' while content on disk has modification time of '2025-04-30T19:29:20.0365723Z'
  ERROR: Build asset version error: assets/scripts/mainmenu.cs in SourceAssetDB has modification time of '2025-04-30T19:29:19.2731904Z' while content on disk has modification time of '2025-04-30T19:29:20.0365723Z'
Number of updated asset objects reloaded before import = 0Number of asset objects unloaded after import = 0

========================================================================
Received Import Request.
  Time since last request: 0.000018 seconds.
  path: Assets/Scripts/MainMenu.cs
  artifactKey: Guid(bec661b304bf33645abee6d5b105ce53) Importer(815301076,1909f56bfc062723c751e8b465ee728b)
Start importing Assets/Scripts/MainMenu.cs using Guid(bec661b304bf33645abee6d5b105ce53) Importer(815301076,1909f56bfc062723c751e8b465ee728b) (PreviewImporter) -> (artifact id: '00000000000000000000000000000000') in 0.0005135 seconds
Import Error Code:(4)
Message: Build asset version error: assets/scripts/mainmenu.cs in SourceAssetDB has modification time of '2025-04-30T19:29:19.2731904Z' while content on disk has modification time of '2025-04-30T19:29:20.0365723Z'
  ERROR: Build asset version error: assets/scripts/mainmenu.cs in SourceAssetDB has modification time of '2025-04-30T19:29:19.2731904Z' while content on disk has modification time of '2025-04-30T19:29:20.0365723Z'
Number of updated asset objects reloaded before import = 0Number of asset objects unloaded after import = 0

========================================================================
Received Import Request.
  Time since last request: 0.000027 seconds.
  path: Assets/Scripts/MainMenu.cs
  artifactKey: Guid(bec661b304bf33645abee6d5b105ce53) Importer(815301076,1909f56bfc062723c751e8b465ee728b)
Start importing Assets/Scripts/MainMenu.cs using Guid(bec661b304bf33645abee6d5b105ce53) Importer(815301076,1909f56bfc062723c751e8b465ee728b) (PreviewImporter) -> (artifact id: '00000000000000000000000000000000') in 0.0005062 seconds
Import Error Code:(4)
Message: Build asset version error: assets/scripts/mainmenu.cs in SourceAssetDB has modification time of '2025-04-30T19:29:19.2731904Z' while content on disk has modification time of '2025-04-30T19:29:20.0365723Z'
  ERROR: Build asset version error: assets/scripts/mainmenu.cs in SourceAssetDB has modification time of '2025-04-30T19:29:19.2731904Z' while content on disk has modification time of '2025-04-30T19:29:20.0365723Z'
Number of updated asset objects reloaded before import = 0Number of asset objects unloaded after import = 0

========================================================================
Received Import Request.
  Time since last request: 0.000018 seconds.
  path: Assets/Scripts/MainMenu.cs
  artifactKey: Guid(bec661b304bf33645abee6d5b105ce53) Importer(815301076,1909f56bfc062723c751e8b465ee728b)
Start importing Assets/Scripts/MainMenu.cs using Guid(bec661b304bf33645abee6d5b105ce53) Importer(815301076,1909f56bfc062723c751e8b465ee728b) (PreviewImporter) -> (artifact id: '00000000000000000000000000000000') in 0.0004632 seconds
Import Error Code:(4)
Message: Build asset version error: assets/scripts/mainmenu.cs in SourceAssetDB has modification time of '2025-04-30T19:29:19.2731904Z' while content on disk has modification time of '2025-04-30T19:29:20.0365723Z'
  ERROR: Build asset version error: assets/scripts/mainmenu.cs in SourceAssetDB has modification time of '2025-04-30T19:29:19.2731904Z' while content on disk has modification time of '2025-04-30T19:29:20.0365723Z'
Number of updated asset objects reloaded before import = 0Number of asset objects unloaded after import = 0

========================================================================
Received Import Request.
  Time since last request: 0.000016 seconds.
  path: Assets/Scripts/MainMenu.cs
  artifactKey: Guid(bec661b304bf33645abee6d5b105ce53) Importer(815301076,1909f56bfc062723c751e8b465ee728b)
Start importing Assets/Scripts/MainMenu.cs using Guid(bec661b304bf33645abee6d5b105ce53) Importer(815301076,1909f56bfc062723c751e8b465ee728b) (PreviewImporter) -> (artifact id: '00000000000000000000000000000000') in 0.0004741 seconds
Import Error Code:(4)
Message: Build asset version error: assets/scripts/mainmenu.cs in SourceAssetDB has modification time of '2025-04-30T19:29:19.2731904Z' while content on disk has modification time of '2025-04-30T19:29:20.0365723Z'
  ERROR: Build asset version error: assets/scripts/mainmenu.cs in SourceAssetDB has modification time of '2025-04-30T19:29:19.2731904Z' while content on disk has modification time of '2025-04-30T19:29:20.0365723Z'
Number of updated asset objects reloaded before import = 0Number of asset objects unloaded after import = 0

========================================================================
Received Import Request.
  Time since last request: 0.000015 seconds.
  path: Assets/Scripts/MainMenu.cs
  artifactKey: Guid(bec661b304bf33645abee6d5b105ce53) Importer(815301076,1909f56bfc062723c751e8b465ee728b)
Start importing Assets/Scripts/MainMenu.cs using Guid(bec661b304bf33645abee6d5b105ce53) Importer(815301076,1909f56bfc062723c751e8b465ee728b) (PreviewImporter) -> (artifact id: '00000000000000000000000000000000') in 0.0005011 seconds
Import Error Code:(4)
Message: Build asset version error: assets/scripts/mainmenu.cs in SourceAssetDB has modification time of '2025-04-30T19:29:19.2731904Z' while content on disk has modification time of '2025-04-30T19:29:20.0365723Z'
  ERROR: Build asset version error: assets/scripts/mainmenu.cs in SourceAssetDB has modification time of '2025-04-30T19:29:19.2731904Z' while content on disk has modification time of '2025-04-30T19:29:20.0365723Z'
Number of updated asset objects reloaded before import = 0Number of asset objects unloaded after import = 0

========================================================================
Received Import Request.
  Time since last request: 0.000014 seconds.
  path: Assets/Scripts/MainMenu.cs
  artifactKey: Guid(bec661b304bf33645abee6d5b105ce53) Importer(815301076,1909f56bfc062723c751e8b465ee728b)
Start importing Assets/Scripts/MainMenu.cs using Guid(bec661b304bf33645abee6d5b105ce53) Importer(815301076,1909f56bfc062723c751e8b465ee728b) (PreviewImporter) -> (artifact id: '00000000000000000000000000000000') in 0.000552 seconds
Import Error Code:(4)
Message: Build asset version error: assets/scripts/mainmenu.cs in SourceAssetDB has modification time of '2025-04-30T19:29:19.2731904Z' while content on disk has modification time of '2025-04-30T19:29:20.0365723Z'
  ERROR: Build asset version error: assets/scripts/mainmenu.cs in SourceAssetDB has modification time of '2025-04-30T19:29:19.2731904Z' while content on disk has modification time of '2025-04-30T19:29:20.0365723Z'
Number of updated asset objects reloaded before import = 0Number of asset objects unloaded after import = 0

========================================================================
Received Import Request.
  Time since last request: 0.000016 seconds.
  path: Assets/Scripts/MainMenu.cs
  artifactKey: Guid(bec661b304bf33645abee6d5b105ce53) Importer(815301076,1909f56bfc062723c751e8b465ee728b)
Start importing Assets/Scripts/MainMenu.cs using Guid(bec661b304bf33645abee6d5b105ce53) Importer(815301076,1909f56bfc062723c751e8b465ee728b) (PreviewImporter) -> (artifact id: '00000000000000000000000000000000') in 0.0006937 seconds
Import Error Code:(4)
Message: Build asset version error: assets/scripts/mainmenu.cs in SourceAssetDB has modification time of '2025-04-30T19:29:19.2731904Z' while content on disk has modification time of '2025-04-30T19:29:20.0365723Z'
  ERROR: Build asset version error: assets/scripts/mainmenu.cs in SourceAssetDB has modification time of '2025-04-30T19:29:19.2731904Z' while content on disk has modification time of '2025-04-30T19:29:20.0365723Z'
Number of updated asset objects reloaded before import = 0Number of asset objects unloaded after import = 0

========================================================================
Received Import Request.
  Time since last request: 0.000016 seconds.
  path: Assets/Scripts/MainMenu.cs
  artifactKey: Guid(bec661b304bf33645abee6d5b105ce53) Importer(815301076,1909f56bfc062723c751e8b465ee728b)
Start importing Assets/Scripts/MainMenu.cs using Guid(bec661b304bf33645abee6d5b105ce53) Importer(815301076,1909f56bfc062723c751e8b465ee728b) (PreviewImporter) -> (artifact id: '00000000000000000000000000000000') in 0.0005037 seconds
Import Error Code:(4)
Message: Build asset version error: assets/scripts/mainmenu.cs in SourceAssetDB has modification time of '2025-04-30T19:29:19.2731904Z' while content on disk has modification time of '2025-04-30T19:29:20.0365723Z'
  ERROR: Build asset version error: assets/scripts/mainmenu.cs in SourceAssetDB has modification time of '2025-04-30T19:29:19.2731904Z' while content on disk has modification time of '2025-04-30T19:29:20.0365723Z'
Number of updated asset objects reloaded before import = 0Number of asset objects unloaded after import = 0

========================================================================
Received Import Request.
  Time since last request: 0.000018 seconds.
  path: Assets/Scripts/MainMenu.cs
  artifactKey: Guid(bec661b304bf33645abee6d5b105ce53) Importer(815301076,1909f56bfc062723c751e8b465ee728b)
Start importing Assets/Scripts/MainMenu.cs using Guid(bec661b304bf33645abee6d5b105ce53) Importer(815301076,1909f56bfc062723c751e8b465ee728b) (PreviewImporter) -> (artifact id: '00000000000000000000000000000000') in 0.0005646 seconds
Import Error Code:(4)
Message: Build asset version error: assets/scripts/mainmenu.cs in SourceAssetDB has modification time of '2025-04-30T19:29:19.2731904Z' while content on disk has modification time of '2025-04-30T19:29:20.0365723Z'
  ERROR: Build asset version error: assets/scripts/mainmenu.cs in SourceAssetDB has modification time of '2025-04-30T19:29:19.2731904Z' while content on disk has modification time of '2025-04-30T19:29:20.0365723Z'
Number of updated asset objects reloaded before import = 0Number of asset objects unloaded after import = 0

========================================================================
Received Import Request.
  Time since last request: 0.000019 seconds.
  path: Assets/Scripts/MainMenu.cs
  artifactKey: Guid(bec661b304bf33645abee6d5b105ce53) Importer(815301076,1909f56bfc062723c751e8b465ee728b)
Start importing Assets/Scripts/MainMenu.cs using Guid(bec661b304bf33645abee6d5b105ce53) Importer(815301076,1909f56bfc062723c751e8b465ee728b) (PreviewImporter) -> (artifact id: '00000000000000000000000000000000') in 0.0005369 seconds
Import Error Code:(4)
Message: Build asset version error: assets/scripts/mainmenu.cs in SourceAssetDB has modification time of '2025-04-30T19:29:19.2731904Z' while content on disk has modification time of '2025-04-30T19:29:20.0365723Z'
  ERROR: Build asset version error: assets/scripts/mainmenu.cs in SourceAssetDB has modification time of '2025-04-30T19:29:19.2731904Z' while content on disk has modification time of '2025-04-30T19:29:20.0365723Z'
Number of updated asset objects reloaded before import = 0Number of asset objects unloaded after import = 0

========================================================================
Received Import Request.
  Time since last request: 0.000027 seconds.
  path: Assets/Scripts/MainMenu.cs
  artifactKey: Guid(bec661b304bf33645abee6d5b105ce53) Importer(815301076,1909f56bfc062723c751e8b465ee728b)
Start importing Assets/Scripts/MainMenu.cs using Guid(bec661b304bf33645abee6d5b105ce53) Importer(815301076,1909f56bfc062723c751e8b465ee728b) (PreviewImporter) -> (artifact id: '00000000000000000000000000000000') in 0.0005435 seconds
Import Error Code:(4)
Message: Build asset version error: assets/scripts/mainmenu.cs in SourceAssetDB has modification time of '2025-04-30T19:29:19.2731904Z' while content on disk has modification time of '2025-04-30T19:29:20.0365723Z'
  ERROR: Build asset version error: assets/scripts/mainmenu.cs in SourceAssetDB has modification time of '2025-04-30T19:29:19.2731904Z' while content on disk has modification time of '2025-04-30T19:29:20.0365723Z'
Number of updated asset objects reloaded before import = 0Number of asset objects unloaded after import = 0

========================================================================
Received Import Request.
  Time since last request: 0.000017 seconds.
  path: Assets/Scripts/MainMenu.cs
  artifactKey: Guid(bec661b304bf33645abee6d5b105ce53) Importer(815301076,1909f56bfc062723c751e8b465ee728b)
Start importing Assets/Scripts/MainMenu.cs using Guid(bec661b304bf33645abee6d5b105ce53) Importer(815301076,1909f56bfc062723c751e8b465ee728b) (PreviewImporter) -> (artifact id: '00000000000000000000000000000000') in 0.0005355 seconds
Import Error Code:(4)
Message: Build asset version error: assets/scripts/mainmenu.cs in SourceAssetDB has modification time of '2025-04-30T19:29:19.2731904Z' while content on disk has modification time of '2025-04-30T19:29:20.0365723Z'
  ERROR: Build asset version error: assets/scripts/mainmenu.cs in SourceAssetDB has modification time of '2025-04-30T19:29:19.2731904Z' while content on disk has modification time of '2025-04-30T19:29:20.0365723Z'
Number of updated asset objects reloaded before import = 0Number of asset objects unloaded after import = 0

========================================================================
Received Import Request.
  Time since last request: 0.000015 seconds.
  path: Assets/Scripts/MainMenu.cs
  artifactKey: Guid(bec661b304bf33645abee6d5b105ce53) Importer(815301076,1909f56bfc062723c751e8b465ee728b)
Start importing Assets/Scripts/MainMenu.cs using Guid(bec661b304bf33645abee6d5b105ce53) Importer(815301076,1909f56bfc062723c751e8b465ee728b) (PreviewImporter) -> (artifact id: '00000000000000000000000000000000') in 0.0005307 seconds
Import Error Code:(4)
Message: Build asset version error: assets/scripts/mainmenu.cs in SourceAssetDB has modification time of '2025-04-30T19:29:19.2731904Z' while content on disk has modification time of '2025-04-30T19:29:20.0365723Z'
  ERROR: Build asset version error: assets/scripts/mainmenu.cs in SourceAssetDB has modification time of '2025-04-30T19:29:19.2731904Z' while content on disk has modification time of '2025-04-30T19:29:20.0365723Z'
Number of updated asset objects reloaded before import = 0Number of asset objects unloaded after import = 0

========================================================================
Received Import Request.
  Time since last request: 0.000018 seconds.
  path: Assets/Scripts/MainMenu.cs
  artifactKey: Guid(bec661b304bf33645abee6d5b105ce53) Importer(815301076,1909f56bfc062723c751e8b465ee728b)
Start importing Assets/Scripts/MainMenu.cs using Guid(bec661b304bf33645abee6d5b105ce53) Importer(815301076,1909f56bfc062723c751e8b465ee728b) (PreviewImporter) -> (artifact id: '00000000000000000000000000000000') in 0.0006696 seconds
Import Error Code:(4)
Message: Build asset version error: assets/scripts/mainmenu.cs in SourceAssetDB has modification time of '2025-04-30T19:29:19.2731904Z' while content on disk has modification time of '2025-04-30T19:29:20.0365723Z'
  ERROR: Build asset version error: assets/scripts/mainmenu.cs in SourceAssetDB has modification time of '2025-04-30T19:29:19.2731904Z' while content on disk has modification time of '2025-04-30T19:29:20.0365723Z'
Number of updated asset objects reloaded before import = 0Number of asset objects unloaded after import = 0

========================================================================
Received Import Request.
  Time since last request: 0.000018 seconds.
  path: Assets/Scripts/MainMenu.cs
  artifactKey: Guid(bec661b304bf33645abee6d5b105ce53) Importer(815301076,1909f56bfc062723c751e8b465ee728b)
Start importing Assets/Scripts/MainMenu.cs using Guid(bec661b304bf33645abee6d5b105ce53) Importer(815301076,1909f56bfc062723c751e8b465ee728b) (PreviewImporter) -> (artifact id: '00000000000000000000000000000000') in 0.0005294 seconds
Import Error Code:(4)
Message: Build asset version error: assets/scripts/mainmenu.cs in SourceAssetDB has modification time of '2025-04-30T19:29:19.2731904Z' while content on disk has modification time of '2025-04-30T19:29:20.0365723Z'
  ERROR: Build asset version error: assets/scripts/mainmenu.cs in SourceAssetDB has modification time of '2025-04-30T19:29:19.2731904Z' while content on disk has modification time of '2025-04-30T19:29:20.0365723Z'
Number of updated asset objects reloaded before import = 0Number of asset objects unloaded after import = 0

========================================================================
Received Import Request.
  Time since last request: 0.000019 seconds.
  path: Assets/Scripts/MainMenu.cs
  artifactKey: Guid(bec661b304bf33645abee6d5b105ce53) Importer(815301076,1909f56bfc062723c751e8b465ee728b)
Start importing Assets/Scripts/MainMenu.cs using Guid(bec661b304bf33645abee6d5b105ce53) Importer(815301076,1909f56bfc062723c751e8b465ee728b) (PreviewImporter) -> (artifact id: '00000000000000000000000000000000') in 0.0005903 seconds
Import Error Code:(4)
Message: Build asset version error: assets/scripts/mainmenu.cs in SourceAssetDB has modification time of '2025-04-30T19:29:19.2731904Z' while content on disk has modification time of '2025-04-30T19:29:20.0365723Z'
  ERROR: Build asset version error: assets/scripts/mainmenu.cs in SourceAssetDB has modification time of '2025-04-30T19:29:19.2731904Z' while content on disk has modification time of '2025-04-30T19:29:20.0365723Z'
Number of updated asset objects reloaded before import = 0Number of asset objects unloaded after import = 0

========================================================================
Received Import Request.
  Time since last request: 0.000018 seconds.
  path: Assets/Scripts/MainMenu.cs
  artifactKey: Guid(bec661b304bf33645abee6d5b105ce53) Importer(815301076,1909f56bfc062723c751e8b465ee728b)
Start importing Assets/Scripts/MainMenu.cs using Guid(bec661b304bf33645abee6d5b105ce53) Importer(815301076,1909f56bfc062723c751e8b465ee728b) (PreviewImporter) -> (artifact id: '00000000000000000000000000000000') in 0.0006025 seconds
Import Error Code:(4)
Message: Build asset version error: assets/scripts/mainmenu.cs in SourceAssetDB has modification time of '2025-04-30T19:29:19.2731904Z' while content on disk has modification time of '2025-04-30T19:29:20.0365723Z'
  ERROR: Build asset version error: assets/scripts/mainmenu.cs in SourceAssetDB has modification time of '2025-04-30T19:29:19.2731904Z' while content on disk has modification time of '2025-04-30T19:29:20.0365723Z'
Number of updated asset objects reloaded before import = 0Number of asset objects unloaded after import = 0

========================================================================
Received Import Request.
  Time since last request: 0.000020 seconds.
  path: Assets/Scripts/MainMenu.cs
  artifactKey: Guid(bec661b304bf33645abee6d5b105ce53) Importer(815301076,1909f56bfc062723c751e8b465ee728b)
Start importing Assets/Scripts/MainMenu.cs using Guid(bec661b304bf33645abee6d5b105ce53) Importer(815301076,1909f56bfc062723c751e8b465ee728b) (PreviewImporter) -> (artifact id: '00000000000000000000000000000000') in 0.0005172 seconds
Import Error Code:(4)
Message: Build asset version error: assets/scripts/mainmenu.cs in SourceAssetDB has modification time of '2025-04-30T19:29:19.2731904Z' while content on disk has modification time of '2025-04-30T19:29:20.0365723Z'
  ERROR: Build asset version error: assets/scripts/mainmenu.cs in SourceAssetDB has modification time of '2025-04-30T19:29:19.2731904Z' while content on disk has modification time of '2025-04-30T19:29:20.0365723Z'
Number of updated asset objects reloaded before import = 0Number of asset objects unloaded after import = 0

========================================================================
Received Import Request.
  Time since last request: 0.000034 seconds.
  path: Assets/Scripts/MainMenu.cs
  artifactKey: Guid(bec661b304bf33645abee6d5b105ce53) Importer(815301076,1909f56bfc062723c751e8b465ee728b)
Start importing Assets/Scripts/MainMenu.cs using Guid(bec661b304bf33645abee6d5b105ce53) Importer(815301076,1909f56bfc062723c751e8b465ee728b) (PreviewImporter) -> (artifact id: '00000000000000000000000000000000') in 0.0006791 seconds
Import Error Code:(4)
Message: Build asset version error: assets/scripts/mainmenu.cs in SourceAssetDB has modification time of '2025-04-30T19:29:19.2731904Z' while content on disk has modification time of '2025-04-30T19:29:20.0365723Z'
  ERROR: Build asset version error: assets/scripts/mainmenu.cs in SourceAssetDB has modification time of '2025-04-30T19:29:19.2731904Z' while content on disk has modification time of '2025-04-30T19:29:20.0365723Z'
Number of updated asset objects reloaded before import = 0Number of asset objects unloaded after import = 0

========================================================================
Received Import Request.
  Time since last request: 0.000032 seconds.
  path: Assets/Scripts/MainMenu.cs
  artifactKey: Guid(bec661b304bf33645abee6d5b105ce53) Importer(815301076,1909f56bfc062723c751e8b465ee728b)
Start importing Assets/Scripts/MainMenu.cs using Guid(bec661b304bf33645abee6d5b105ce53) Importer(815301076,1909f56bfc062723c751e8b465ee728b) (PreviewImporter) -> (artifact id: '00000000000000000000000000000000') in 0.0006607 seconds
Import Error Code:(4)
Message: Build asset version error: assets/scripts/mainmenu.cs in SourceAssetDB has modification time of '2025-04-30T19:29:19.2731904Z' while content on disk has modification time of '2025-04-30T19:29:20.0365723Z'
  ERROR: Build asset version error: assets/scripts/mainmenu.cs in SourceAssetDB has modification time of '2025-04-30T19:29:19.2731904Z' while content on disk has modification time of '2025-04-30T19:29:20.0365723Z'
Number of updated asset objects reloaded before import = 0Number of asset objects unloaded after import = 0

========================================================================
Received Import Request.
  Time since last request: 0.000018 seconds.
  path: Assets/Scripts/MainMenu.cs
  artifactKey: Guid(bec661b304bf33645abee6d5b105ce53) Importer(815301076,1909f56bfc062723c751e8b465ee728b)
Start importing Assets/Scripts/MainMenu.cs using Guid(bec661b304bf33645abee6d5b105ce53) Importer(815301076,1909f56bfc062723c751e8b465ee728b) (PreviewImporter) -> (artifact id: '00000000000000000000000000000000') in 0.0005246 seconds
Import Error Code:(4)
Message: Build asset version error: assets/scripts/mainmenu.cs in SourceAssetDB has modification time of '2025-04-30T19:29:19.2731904Z' while content on disk has modification time of '2025-04-30T19:29:20.0365723Z'
  ERROR: Build asset version error: assets/scripts/mainmenu.cs in SourceAssetDB has modification time of '2025-04-30T19:29:19.2731904Z' while content on disk has modification time of '2025-04-30T19:29:20.0365723Z'
Number of updated asset objects reloaded before import = 0Number of asset objects unloaded after import = 0

========================================================================
Received Import Request.
  Time since last request: 0.000014 seconds.
  path: Assets/Scripts/MainMenu.cs
  artifactKey: Guid(bec661b304bf33645abee6d5b105ce53) Importer(815301076,1909f56bfc062723c751e8b465ee728b)
Start importing Assets/Scripts/MainMenu.cs using Guid(bec661b304bf33645abee6d5b105ce53) Importer(815301076,1909f56bfc062723c751e8b465ee728b) (PreviewImporter) -> (artifact id: '00000000000000000000000000000000') in 0.0005301 seconds
Import Error Code:(4)
Message: Build asset version error: assets/scripts/mainmenu.cs in SourceAssetDB has modification time of '2025-04-30T19:29:19.2731904Z' while content on disk has modification time of '2025-04-30T19:29:20.0365723Z'
  ERROR: Build asset version error: assets/scripts/mainmenu.cs in SourceAssetDB has modification time of '2025-04-30T19:29:19.2731904Z' while content on disk has modification time of '2025-04-30T19:29:20.0365723Z'
Number of updated asset objects reloaded before import = 0Number of asset objects unloaded after import = 0

========================================================================
Received Import Request.
  Time since last request: 0.000019 seconds.
  path: Assets/Scripts/MainMenu.cs
  artifactKey: Guid(bec661b304bf33645abee6d5b105ce53) Importer(815301076,1909f56bfc062723c751e8b465ee728b)
Start importing Assets/Scripts/MainMenu.cs using Guid(bec661b304bf33645abee6d5b105ce53) Importer(815301076,1909f56bfc062723c751e8b465ee728b) (PreviewImporter) -> (artifact id: '00000000000000000000000000000000') in 0.0005861 seconds
Import Error Code:(4)
Message: Build asset version error: assets/scripts/mainmenu.cs in SourceAssetDB has modification time of '2025-04-30T19:29:19.2731904Z' while content on disk has modification time of '2025-04-30T19:29:20.0365723Z'
  ERROR: Build asset version error: assets/scripts/mainmenu.cs in SourceAssetDB has modification time of '2025-04-30T19:29:19.2731904Z' while content on disk has modification time of '2025-04-30T19:29:20.0365723Z'
Number of updated asset objects reloaded before import = 0Number of asset objects unloaded after import = 0

========================================================================
Received Import Request.
  Time since last request: 0.000020 seconds.
  path: Assets/Scripts/MainMenu.cs
  artifactKey: Guid(bec661b304bf33645abee6d5b105ce53) Importer(815301076,1909f56bfc062723c751e8b465ee728b)
Start importing Assets/Scripts/MainMenu.cs using Guid(bec661b304bf33645abee6d5b105ce53) Importer(815301076,1909f56bfc062723c751e8b465ee728b) (PreviewImporter) -> (artifact id: '00000000000000000000000000000000') in 0.0005573 seconds
Import Error Code:(4)
Message: Build asset version error: assets/scripts/mainmenu.cs in SourceAssetDB has modification time of '2025-04-30T19:29:19.2731904Z' while content on disk has modification time of '2025-04-30T19:29:20.0365723Z'
  ERROR: Build asset version error: assets/scripts/mainmenu.cs in SourceAssetDB has modification time of '2025-04-30T19:29:19.2731904Z' while content on disk has modification time of '2025-04-30T19:29:20.0365723Z'
Number of updated asset objects reloaded before import = 0Number of asset objects unloaded after import = 0

========================================================================
Received Import Request.
  Time since last request: 0.000017 seconds.
  path: Assets/Scripts/MainMenu.cs
  artifactKey: Guid(bec661b304bf33645abee6d5b105ce53) Importer(815301076,1909f56bfc062723c751e8b465ee728b)
Start importing Assets/Scripts/MainMenu.cs using Guid(bec661b304bf33645abee6d5b105ce53) Importer(815301076,1909f56bfc062723c751e8b465ee728b) (PreviewImporter) -> (artifact id: '00000000000000000000000000000000') in 0.0007018 seconds
Import Error Code:(4)
Message: Build asset version error: assets/scripts/mainmenu.cs in SourceAssetDB has modification time of '2025-04-30T19:29:19.2731904Z' while content on disk has modification time of '2025-04-30T19:29:20.0365723Z'
  ERROR: Build asset version error: assets/scripts/mainmenu.cs in SourceAssetDB has modification time of '2025-04-30T19:29:19.2731904Z' while content on disk has modification time of '2025-04-30T19:29:20.0365723Z'
Number of updated asset objects reloaded before import = 0Number of asset objects unloaded after import = 0

========================================================================
Received Import Request.
  Time since last request: 0.000017 seconds.
  path: Assets/Scripts/MainMenu.cs
  artifactKey: Guid(bec661b304bf33645abee6d5b105ce53) Importer(815301076,1909f56bfc062723c751e8b465ee728b)
Start importing Assets/Scripts/MainMenu.cs using Guid(bec661b304bf33645abee6d5b105ce53) Importer(815301076,1909f56bfc062723c751e8b465ee728b) (PreviewImporter) -> (artifact id: '00000000000000000000000000000000') in 0.000565 seconds
Import Error Code:(4)
Message: Build asset version error: assets/scripts/mainmenu.cs in SourceAssetDB has modification time of '2025-04-30T19:29:19.2731904Z' while content on disk has modification time of '2025-04-30T19:29:20.0365723Z'
  ERROR: Build asset version error: assets/scripts/mainmenu.cs in SourceAssetDB has modification time of '2025-04-30T19:29:19.2731904Z' while content on disk has modification time of '2025-04-30T19:29:20.0365723Z'
Number of updated asset objects reloaded before import = 0Number of asset objects unloaded after import = 0

========================================================================
Received Import Request.
  Time since last request: 0.000020 seconds.
  path: Assets/Scripts/MainMenu.cs
  artifactKey: Guid(bec661b304bf33645abee6d5b105ce53) Importer(815301076,1909f56bfc062723c751e8b465ee728b)
Start importing Assets/Scripts/MainMenu.cs using Guid(bec661b304bf33645abee6d5b105ce53) Importer(815301076,1909f56bfc062723c751e8b465ee728b) (PreviewImporter) -> (artifact id: '00000000000000000000000000000000') in 0.0005483 seconds
Import Error Code:(4)
Message: Build asset version error: assets/scripts/mainmenu.cs in SourceAssetDB has modification time of '2025-04-30T19:29:19.2731904Z' while content on disk has modification time of '2025-04-30T19:29:20.0365723Z'
  ERROR: Build asset version error: assets/scripts/mainmenu.cs in SourceAssetDB has modification time of '2025-04-30T19:29:19.2731904Z' while content on disk has modification time of '2025-04-30T19:29:20.0365723Z'
Number of updated asset objects reloaded before import = 0Number of asset objects unloaded after import = 0

========================================================================
Received Import Request.
  Time since last request: 0.000025 seconds.
  path: Assets/Scripts/MainMenu.cs
  artifactKey: Guid(bec661b304bf33645abee6d5b105ce53) Importer(815301076,1909f56bfc062723c751e8b465ee728b)
Start importing Assets/Scripts/MainMenu.cs using Guid(bec661b304bf33645abee6d5b105ce53) Importer(815301076,1909f56bfc062723c751e8b465ee728b) (PreviewImporter) -> (artifact id: '00000000000000000000000000000000') in 0.0006838 seconds
Import Error Code:(4)
Message: Build asset version error: assets/scripts/mainmenu.cs in SourceAssetDB has modification time of '2025-04-30T19:29:19.2731904Z' while content on disk has modification time of '2025-04-30T19:29:20.0365723Z'
  ERROR: Build asset version error: assets/scripts/mainmenu.cs in SourceAssetDB has modification time of '2025-04-30T19:29:19.2731904Z' while content on disk has modification time of '2025-04-30T19:29:20.0365723Z'
Number of updated asset objects reloaded before import = 0Number of asset objects unloaded after import = 0

========================================================================
Received Import Request.
  Time since last request: 0.000041 seconds.
  path: Assets/Scripts/MainMenu.cs
  artifactKey: Guid(bec661b304bf33645abee6d5b105ce53) Importer(815301076,1909f56bfc062723c751e8b465ee728b)
Start importing Assets/Scripts/MainMenu.cs using Guid(bec661b304bf33645abee6d5b105ce53) Importer(815301076,1909f56bfc062723c751e8b465ee728b) (PreviewImporter) -> (artifact id: '00000000000000000000000000000000') in 0.0005137 seconds
Import Error Code:(4)
Message: Build asset version error: assets/scripts/mainmenu.cs in SourceAssetDB has modification time of '2025-04-30T19:29:19.2731904Z' while content on disk has modification time of '2025-04-30T19:29:20.0365723Z'
  ERROR: Build asset version error: assets/scripts/mainmenu.cs in SourceAssetDB has modification time of '2025-04-30T19:29:19.2731904Z' while content on disk has modification time of '2025-04-30T19:29:20.0365723Z'
Number of updated asset objects reloaded before import = 0Number of asset objects unloaded after import = 0

========================================================================
Received Import Request.
  Time since last request: 0.000017 seconds.
  path: Assets/Scripts/MainMenu.cs
  artifactKey: Guid(bec661b304bf33645abee6d5b105ce53) Importer(815301076,1909f56bfc062723c751e8b465ee728b)
Start importing Assets/Scripts/MainMenu.cs using Guid(bec661b304bf33645abee6d5b105ce53) Importer(815301076,1909f56bfc062723c751e8b465ee728b) (PreviewImporter) -> (artifact id: '00000000000000000000000000000000') in 0.0006406 seconds
Import Error Code:(4)
Message: Build asset version error: assets/scripts/mainmenu.cs in SourceAssetDB has modification time of '2025-04-30T19:29:19.2731904Z' while content on disk has modification time of '2025-04-30T19:29:20.0365723Z'
  ERROR: Build asset version error: assets/scripts/mainmenu.cs in SourceAssetDB has modification time of '2025-04-30T19:29:19.2731904Z' while content on disk has modification time of '2025-04-30T19:29:20.0365723Z'
Number of updated asset objects reloaded before import = 0Number of asset objects unloaded after import = 0

========================================================================
Received Import Request.
  Time since last request: 0.000017 seconds.
  path: Assets/Scripts/MainMenu.cs
  artifactKey: Guid(bec661b304bf33645abee6d5b105ce53) Importer(815301076,1909f56bfc062723c751e8b465ee728b)
Start importing Assets/Scripts/MainMenu.cs using Guid(bec661b304bf33645abee6d5b105ce53) Importer(815301076,1909f56bfc062723c751e8b465ee728b) (PreviewImporter) -> (artifact id: '00000000000000000000000000000000') in 0.000989 seconds
Import Error Code:(4)
Message: Build asset version error: assets/scripts/mainmenu.cs in SourceAssetDB has modification time of '2025-04-30T19:29:19.2731904Z' while content on disk has modification time of '2025-04-30T19:29:20.0365723Z'
  ERROR: Build asset version error: assets/scripts/mainmenu.cs in SourceAssetDB has modification time of '2025-04-30T19:29:19.2731904Z' while content on disk has modification time of '2025-04-30T19:29:20.0365723Z'
Number of updated asset objects reloaded before import = 0Number of asset objects unloaded after import = 0

========================================================================
Received Import Request.
  Time since last request: 0.000015 seconds.
  path: Assets/Scripts/MainMenu.cs
  artifactKey: Guid(bec661b304bf33645abee6d5b105ce53) Importer(815301076,1909f56bfc062723c751e8b465ee728b)
Start importing Assets/Scripts/MainMenu.cs using Guid(bec661b304bf33645abee6d5b105ce53) Importer(815301076,1909f56bfc062723c751e8b465ee728b) (PreviewImporter) -> (artifact id: '00000000000000000000000000000000') in 0.0005445 seconds
Import Error Code:(4)
Message: Build asset version error: assets/scripts/mainmenu.cs in SourceAssetDB has modification time of '2025-04-30T19:29:19.2731904Z' while content on disk has modification time of '2025-04-30T19:29:20.0365723Z'
  ERROR: Build asset version error: assets/scripts/mainmenu.cs in SourceAssetDB has modification time of '2025-04-30T19:29:19.2731904Z' while content on disk has modification time of '2025-04-30T19:29:20.0365723Z'
Number of updated asset objects reloaded before import = 0Number of asset objects unloaded after import = 0

========================================================================
Received Import Request.
  Time since last request: 0.000017 seconds.
  path: Assets/Scripts/MainMenu.cs
  artifactKey: Guid(bec661b304bf33645abee6d5b105ce53) Importer(815301076,1909f56bfc062723c751e8b465ee728b)
Start importing Assets/Scripts/MainMenu.cs using Guid(bec661b304bf33645abee6d5b105ce53) Importer(815301076,1909f56bfc062723c751e8b465ee728b) (PreviewImporter) -> (artifact id: '00000000000000000000000000000000') in 0.0005494 seconds
Import Error Code:(4)
Message: Build asset version error: assets/scripts/mainmenu.cs in SourceAssetDB has modification time of '2025-04-30T19:29:19.2731904Z' while content on disk has modification time of '2025-04-30T19:29:20.0365723Z'
  ERROR: Build asset version error: assets/scripts/mainmenu.cs in SourceAssetDB has modification time of '2025-04-30T19:29:19.2731904Z' while content on disk has modification time of '2025-04-30T19:29:20.0365723Z'
Number of updated asset objects reloaded before import = 0Number of asset objects unloaded after import = 0

========================================================================
Received Import Request.
  Time since last request: 0.000016 seconds.
  path: Assets/Scripts/MainMenu.cs
  artifactKey: Guid(bec661b304bf33645abee6d5b105ce53) Importer(815301076,1909f56bfc062723c751e8b465ee728b)
Start importing Assets/Scripts/MainMenu.cs using Guid(bec661b304bf33645abee6d5b105ce53) Importer(815301076,1909f56bfc062723c751e8b465ee728b) (PreviewImporter) -> (artifact id: '00000000000000000000000000000000') in 0.0005478 seconds
Import Error Code:(4)
Message: Build asset version error: assets/scripts/mainmenu.cs in SourceAssetDB has modification time of '2025-04-30T19:29:19.2731904Z' while content on disk has modification time of '2025-04-30T19:29:20.0365723Z'
  ERROR: Build asset version error: assets/scripts/mainmenu.cs in SourceAssetDB has modification time of '2025-04-30T19:29:19.2731904Z' while content on disk has modification time of '2025-04-30T19:29:20.0365723Z'
Number of updated asset objects reloaded before import = 0Number of asset objects unloaded after import = 0

========================================================================
Received Import Request.
  Time since last request: 0.000015 seconds.
  path: Assets/Scripts/MainMenu.cs
  artifactKey: Guid(bec661b304bf33645abee6d5b105ce53) Importer(815301076,1909f56bfc062723c751e8b465ee728b)
Start importing Assets/Scripts/MainMenu.cs using Guid(bec661b304bf33645abee6d5b105ce53) Importer(815301076,1909f56bfc062723c751e8b465ee728b) (PreviewImporter) -> (artifact id: '00000000000000000000000000000000') in 0.0005156 seconds
Import Error Code:(4)
Message: Build asset version error: assets/scripts/mainmenu.cs in SourceAssetDB has modification time of '2025-04-30T19:29:19.2731904Z' while content on disk has modification time of '2025-04-30T19:29:20.0365723Z'
  ERROR: Build asset version error: assets/scripts/mainmenu.cs in SourceAssetDB has modification time of '2025-04-30T19:29:19.2731904Z' while content on disk has modification time of '2025-04-30T19:29:20.0365723Z'
Number of updated asset objects reloaded before import = 0Number of asset objects unloaded after import = 0

========================================================================
Received Import Request.
  Time since last request: 0.000015 seconds.
  path: Assets/Scripts/MainMenu.cs
  artifactKey: Guid(bec661b304bf33645abee6d5b105ce53) Importer(815301076,1909f56bfc062723c751e8b465ee728b)
Start importing Assets/Scripts/MainMenu.cs using Guid(bec661b304bf33645abee6d5b105ce53) Importer(815301076,1909f56bfc062723c751e8b465ee728b) (PreviewImporter) -> (artifact id: '00000000000000000000000000000000') in 0.0005202 seconds
Import Error Code:(4)
Message: Build asset version error: assets/scripts/mainmenu.cs in SourceAssetDB has modification time of '2025-04-30T19:29:19.2731904Z' while content on disk has modification time of '2025-04-30T19:29:20.0365723Z'
  ERROR: Build asset version error: assets/scripts/mainmenu.cs in SourceAssetDB has modification time of '2025-04-30T19:29:19.2731904Z' while content on disk has modification time of '2025-04-30T19:29:20.0365723Z'
Number of updated asset objects reloaded before import = 0Number of asset objects unloaded after import = 0

========================================================================
Received Import Request.
  Time since last request: 0.000016 seconds.
  path: Assets/Scripts/MainMenu.cs
  artifactKey: Guid(bec661b304bf33645abee6d5b105ce53) Importer(815301076,1909f56bfc062723c751e8b465ee728b)
Start importing Assets/Scripts/MainMenu.cs using Guid(bec661b304bf33645abee6d5b105ce53) Importer(815301076,1909f56bfc062723c751e8b465ee728b) (PreviewImporter) -> (artifact id: '00000000000000000000000000000000') in 0.0008254 seconds
Import Error Code:(4)
Message: Build asset version error: assets/scripts/mainmenu.cs in SourceAssetDB has modification time of '2025-04-30T19:29:19.2731904Z' while content on disk has modification time of '2025-04-30T19:29:20.0365723Z'
  ERROR: Build asset version error: assets/scripts/mainmenu.cs in SourceAssetDB has modification time of '2025-04-30T19:29:19.2731904Z' while content on disk has modification time of '2025-04-30T19:29:20.0365723Z'
Number of updated asset objects reloaded before import = 0Number of asset objects unloaded after import = 0

========================================================================
Received Import Request.
  Time since last request: 0.000021 seconds.
  path: Assets/Scripts/MainMenu.cs
  artifactKey: Guid(bec661b304bf33645abee6d5b105ce53) Importer(815301076,1909f56bfc062723c751e8b465ee728b)
Start importing Assets/Scripts/MainMenu.cs using Guid(bec661b304bf33645abee6d5b105ce53) Importer(815301076,1909f56bfc062723c751e8b465ee728b) (PreviewImporter) -> (artifact id: '00000000000000000000000000000000') in 0.0005419 seconds
Import Error Code:(4)
Message: Build asset version error: assets/scripts/mainmenu.cs in SourceAssetDB has modification time of '2025-04-30T19:29:19.2731904Z' while content on disk has modification time of '2025-04-30T19:29:20.0365723Z'
  ERROR: Build asset version error: assets/scripts/mainmenu.cs in SourceAssetDB has modification time of '2025-04-30T19:29:19.2731904Z' while content on disk has modification time of '2025-04-30T19:29:20.0365723Z'
Number of updated asset objects reloaded before import = 0Number of asset objects unloaded after import = 0

========================================================================
Received Import Request.
  Time since last request: 0.000013 seconds.
  path: Assets/Scripts/MainMenu.cs
  artifactKey: Guid(bec661b304bf33645abee6d5b105ce53) Importer(815301076,1909f56bfc062723c751e8b465ee728b)
Start importing Assets/Scripts/MainMenu.cs using Guid(bec661b304bf33645abee6d5b105ce53) Importer(815301076,1909f56bfc062723c751e8b465ee728b) (PreviewImporter) -> (artifact id: '00000000000000000000000000000000') in 0.0007535 seconds
Import Error Code:(4)
Message: Build asset version error: assets/scripts/mainmenu.cs in SourceAssetDB has modification time of '2025-04-30T19:29:19.2731904Z' while content on disk has modification time of '2025-04-30T19:29:20.0365723Z'
  ERROR: Build asset version error: assets/scripts/mainmenu.cs in SourceAssetDB has modification time of '2025-04-30T19:29:19.2731904Z' while content on disk has modification time of '2025-04-30T19:29:20.0365723Z'
Number of updated asset objects reloaded before import = 0Number of asset objects unloaded after import = 0

========================================================================
Received Import Request.
  Time since last request: 0.000016 seconds.
  path: Assets/Scripts/MainMenu.cs
  artifactKey: Guid(bec661b304bf33645abee6d5b105ce53) Importer(815301076,1909f56bfc062723c751e8b465ee728b)
Start importing Assets/Scripts/MainMenu.cs using Guid(bec661b304bf33645abee6d5b105ce53) Importer(815301076,1909f56bfc062723c751e8b465ee728b) (PreviewImporter) -> (artifact id: '00000000000000000000000000000000') in 0.0007098 seconds
Import Error Code:(4)
Message: Build asset version error: assets/scripts/mainmenu.cs in SourceAssetDB has modification time of '2025-04-30T19:29:19.2731904Z' while content on disk has modification time of '2025-04-30T19:29:20.0365723Z'
  ERROR: Build asset version error: assets/scripts/mainmenu.cs in SourceAssetDB has modification time of '2025-04-30T19:29:19.2731904Z' while content on disk has modification time of '2025-04-30T19:29:20.0365723Z'
Number of updated asset objects reloaded before import = 0Number of asset objects unloaded after import = 0

========================================================================
Received Import Request.
  Time since last request: 0.000013 seconds.
  path: Assets/Scripts/MainMenu.cs
  artifactKey: Guid(bec661b304bf33645abee6d5b105ce53) Importer(815301076,1909f56bfc062723c751e8b465ee728b)
Start importing Assets/Scripts/MainMenu.cs using Guid(bec661b304bf33645abee6d5b105ce53) Importer(815301076,1909f56bfc062723c751e8b465ee728b) (PreviewImporter) -> (artifact id: '00000000000000000000000000000000') in 0.0004515 seconds
Import Error Code:(4)
Message: Build asset version error: assets/scripts/mainmenu.cs in SourceAssetDB has modification time of '2025-04-30T19:29:19.2731904Z' while content on disk has modification time of '2025-04-30T19:29:20.0365723Z'
  ERROR: Build asset version error: assets/scripts/mainmenu.cs in SourceAssetDB has modification time of '2025-04-30T19:29:19.2731904Z' while content on disk has modification time of '2025-04-30T19:29:20.0365723Z'
Number of updated asset objects reloaded before import = 0Number of asset objects unloaded after import = 0

========================================================================
Received Import Request.
  Time since last request: 0.000018 seconds.
  path: Assets/Scripts/MainMenu.cs
  artifactKey: Guid(bec661b304bf33645abee6d5b105ce53) Importer(815301076,1909f56bfc062723c751e8b465ee728b)
Start importing Assets/Scripts/MainMenu.cs using Guid(bec661b304bf33645abee6d5b105ce53) Importer(815301076,1909f56bfc062723c751e8b465ee728b) (PreviewImporter) -> (artifact id: '00000000000000000000000000000000') in 0.0005444 seconds
Import Error Code:(4)
Message: Build asset version error: assets/scripts/mainmenu.cs in SourceAssetDB has modification time of '2025-04-30T19:29:19.2731904Z' while content on disk has modification time of '2025-04-30T19:29:20.0365723Z'
  ERROR: Build asset version error: assets/scripts/mainmenu.cs in SourceAssetDB has modification time of '2025-04-30T19:29:19.2731904Z' while content on disk has modification time of '2025-04-30T19:29:20.0365723Z'
Number of updated asset objects reloaded before import = 0Number of asset objects unloaded after import = 0

========================================================================
Received Import Request.
  Time since last request: 0.000017 seconds.
  path: Assets/Scripts/MainMenu.cs
  artifactKey: Guid(bec661b304bf33645abee6d5b105ce53) Importer(815301076,1909f56bfc062723c751e8b465ee728b)
Start importing Assets/Scripts/MainMenu.cs using Guid(bec661b304bf33645abee6d5b105ce53) Importer(815301076,1909f56bfc062723c751e8b465ee728b) (PreviewImporter) -> (artifact id: '00000000000000000000000000000000') in 0.0007441 seconds
Import Error Code:(4)
Message: Build asset version error: assets/scripts/mainmenu.cs in SourceAssetDB has modification time of '2025-04-30T19:29:19.2731904Z' while content on disk has modification time of '2025-04-30T19:29:20.0365723Z'
  ERROR: Build asset version error: assets/scripts/mainmenu.cs in SourceAssetDB has modification time of '2025-04-30T19:29:19.2731904Z' while content on disk has modification time of '2025-04-30T19:29:20.0365723Z'
Number of updated asset objects reloaded before import = 0Number of asset objects unloaded after import = 0

========================================================================
Received Import Request.
  Time since last request: 0.000019 seconds.
  path: Assets/Scripts/MainMenu.cs
  artifactKey: Guid(bec661b304bf33645abee6d5b105ce53) Importer(815301076,1909f56bfc062723c751e8b465ee728b)
Start importing Assets/Scripts/MainMenu.cs using Guid(bec661b304bf33645abee6d5b105ce53) Importer(815301076,1909f56bfc062723c751e8b465ee728b) (PreviewImporter) -> (artifact id: '00000000000000000000000000000000') in 0.0005127 seconds
Import Error Code:(4)
Message: Build asset version error: assets/scripts/mainmenu.cs in SourceAssetDB has modification time of '2025-04-30T19:29:19.2731904Z' while content on disk has modification time of '2025-04-30T19:29:20.0365723Z'
  ERROR: Build asset version error: assets/scripts/mainmenu.cs in SourceAssetDB has modification time of '2025-04-30T19:29:19.2731904Z' while content on disk has modification time of '2025-04-30T19:29:20.0365723Z'
Number of updated asset objects reloaded before import = 0Number of asset objects unloaded after import = 0

========================================================================
Received Import Request.
  Time since last request: 0.000017 seconds.
  path: Assets/Scripts/MainMenu.cs
  artifactKey: Guid(bec661b304bf33645abee6d5b105ce53) Importer(815301076,1909f56bfc062723c751e8b465ee728b)
Start importing Assets/Scripts/MainMenu.cs using Guid(bec661b304bf33645abee6d5b105ce53) Importer(815301076,1909f56bfc062723c751e8b465ee728b) (PreviewImporter) -> (artifact id: '00000000000000000000000000000000') in 0.0005634 seconds
Import Error Code:(4)
Message: Build asset version error: assets/scripts/mainmenu.cs in SourceAssetDB has modification time of '2025-04-30T19:29:19.2731904Z' while content on disk has modification time of '2025-04-30T19:29:20.0365723Z'
  ERROR: Build asset version error: assets/scripts/mainmenu.cs in SourceAssetDB has modification time of '2025-04-30T19:29:19.2731904Z' while content on disk has modification time of '2025-04-30T19:29:20.0365723Z'
Number of updated asset objects reloaded before import = 0Number of asset objects unloaded after import = 0

========================================================================
Received Import Request.
  Time since last request: 0.000015 seconds.
  path: Assets/Scripts/MainMenu.cs
  artifactKey: Guid(bec661b304bf33645abee6d5b105ce53) Importer(815301076,1909f56bfc062723c751e8b465ee728b)
Start importing Assets/Scripts/MainMenu.cs using Guid(bec661b304bf33645abee6d5b105ce53) Importer(815301076,1909f56bfc062723c751e8b465ee728b) (PreviewImporter) -> (artifact id: '00000000000000000000000000000000') in 0.000442 seconds
Import Error Code:(4)
Message: Build asset version error: assets/scripts/mainmenu.cs in SourceAssetDB has modification time of '2025-04-30T19:29:19.2731904Z' while content on disk has modification time of '2025-04-30T19:29:20.0365723Z'
  ERROR: Build asset version error: assets/scripts/mainmenu.cs in SourceAssetDB has modification time of '2025-04-30T19:29:19.2731904Z' while content on disk has modification time of '2025-04-30T19:29:20.0365723Z'
Number of updated asset objects reloaded before import = 0Number of asset objects unloaded after import = 0

========================================================================
Received Import Request.
  Time since last request: 0.000026 seconds.
  path: Assets/Scripts/MainMenu.cs
  artifactKey: Guid(bec661b304bf33645abee6d5b105ce53) Importer(815301076,1909f56bfc062723c751e8b465ee728b)
Start importing Assets/Scripts/MainMenu.cs using Guid(bec661b304bf33645abee6d5b105ce53) Importer(815301076,1909f56bfc062723c751e8b465ee728b) (PreviewImporter) -> (artifact id: '00000000000000000000000000000000') in 0.0006279 seconds
Import Error Code:(4)
Message: Build asset version error: assets/scripts/mainmenu.cs in SourceAssetDB has modification time of '2025-04-30T19:29:19.2731904Z' while content on disk has modification time of '2025-04-30T19:29:20.0365723Z'
  ERROR: Build asset version error: assets/scripts/mainmenu.cs in SourceAssetDB has modification time of '2025-04-30T19:29:19.2731904Z' while content on disk has modification time of '2025-04-30T19:29:20.0365723Z'
Number of updated asset objects reloaded before import = 0Number of asset objects unloaded after import = 0

========================================================================
Received Import Request.
  Time since last request: 0.000016 seconds.
  path: Assets/Scripts/MainMenu.cs
  artifactKey: Guid(bec661b304bf33645abee6d5b105ce53) Importer(815301076,1909f56bfc062723c751e8b465ee728b)
Start importing Assets/Scripts/MainMenu.cs using Guid(bec661b304bf33645abee6d5b105ce53) Importer(815301076,1909f56bfc062723c751e8b465ee728b) (PreviewImporter) -> (artifact id: '00000000000000000000000000000000') in 0.0005693 seconds
Import Error Code:(4)
Message: Build asset version error: assets/scripts/mainmenu.cs in SourceAssetDB has modification time of '2025-04-30T19:29:19.2731904Z' while content on disk has modification time of '2025-04-30T19:29:20.0365723Z'
  ERROR: Build asset version error: assets/scripts/mainmenu.cs in SourceAssetDB has modification time of '2025-04-30T19:29:19.2731904Z' while content on disk has modification time of '2025-04-30T19:29:20.0365723Z'
Number of updated asset objects reloaded before import = 0Number of asset objects unloaded after import = 0

========================================================================
Received Import Request.
  Time since last request: 0.000016 seconds.
  path: Assets/Scripts/MainMenu.cs
  artifactKey: Guid(bec661b304bf33645abee6d5b105ce53) Importer(815301076,1909f56bfc062723c751e8b465ee728b)
Start importing Assets/Scripts/MainMenu.cs using Guid(bec661b304bf33645abee6d5b105ce53) Importer(815301076,1909f56bfc062723c751e8b465ee728b) (PreviewImporter) -> (artifact id: '00000000000000000000000000000000') in 0.0005299 seconds
Import Error Code:(4)
Message: Build asset version error: assets/scripts/mainmenu.cs in SourceAssetDB has modification time of '2025-04-30T19:29:19.2731904Z' while content on disk has modification time of '2025-04-30T19:29:20.0365723Z'
  ERROR: Build asset version error: assets/scripts/mainmenu.cs in SourceAssetDB has modification time of '2025-04-30T19:29:19.2731904Z' while content on disk has modification time of '2025-04-30T19:29:20.0365723Z'
Number of updated asset objects reloaded before import = 0Number of asset objects unloaded after import = 0

========================================================================
Received Import Request.
  Time since last request: 0.000016 seconds.
  path: Assets/Scripts/MainMenu.cs
  artifactKey: Guid(bec661b304bf33645abee6d5b105ce53) Importer(815301076,1909f56bfc062723c751e8b465ee728b)
Start importing Assets/Scripts/MainMenu.cs using Guid(bec661b304bf33645abee6d5b105ce53) Importer(815301076,1909f56bfc062723c751e8b465ee728b) (PreviewImporter) -> (artifact id: '00000000000000000000000000000000') in 0.0006171 seconds
Import Error Code:(4)
Message: Build asset version error: assets/scripts/mainmenu.cs in SourceAssetDB has modification time of '2025-04-30T19:29:19.2731904Z' while content on disk has modification time of '2025-04-30T19:29:20.0365723Z'
  ERROR: Build asset version error: assets/scripts/mainmenu.cs in SourceAssetDB has modification time of '2025-04-30T19:29:19.2731904Z' while content on disk has modification time of '2025-04-30T19:29:20.0365723Z'
Number of updated asset objects reloaded before import = 0Number of asset objects unloaded after import = 0

========================================================================
Received Import Request.
  Time since last request: 0.000016 seconds.
  path: Assets/Scripts/MainMenu.cs
  artifactKey: Guid(bec661b304bf33645abee6d5b105ce53) Importer(815301076,1909f56bfc062723c751e8b465ee728b)
Start importing Assets/Scripts/MainMenu.cs using Guid(bec661b304bf33645abee6d5b105ce53) Importer(815301076,1909f56bfc062723c751e8b465ee728b) (PreviewImporter) -> (artifact id: '00000000000000000000000000000000') in 0.0006167 seconds
Import Error Code:(4)
Message: Build asset version error: assets/scripts/mainmenu.cs in SourceAssetDB has modification time of '2025-04-30T19:29:19.2731904Z' while content on disk has modification time of '2025-04-30T19:29:20.0365723Z'
  ERROR: Build asset version error: assets/scripts/mainmenu.cs in SourceAssetDB has modification time of '2025-04-30T19:29:19.2731904Z' while content on disk has modification time of '2025-04-30T19:29:20.0365723Z'
Number of updated asset objects reloaded before import = 0Number of asset objects unloaded after import = 0

========================================================================
Received Import Request.
  Time since last request: 0.000030 seconds.
  path: Assets/Scripts/MainMenu.cs
  artifactKey: Guid(bec661b304bf33645abee6d5b105ce53) Importer(815301076,1909f56bfc062723c751e8b465ee728b)
Start importing Assets/Scripts/MainMenu.cs using Guid(bec661b304bf33645abee6d5b105ce53) Importer(815301076,1909f56bfc062723c751e8b465ee728b) (PreviewImporter) -> (artifact id: '00000000000000000000000000000000') in 0.0005406 seconds
Import Error Code:(4)
Message: Build asset version error: assets/scripts/mainmenu.cs in SourceAssetDB has modification time of '2025-04-30T19:29:19.2731904Z' while content on disk has modification time of '2025-04-30T19:29:20.0365723Z'
  ERROR: Build asset version error: assets/scripts/mainmenu.cs in SourceAssetDB has modification time of '2025-04-30T19:29:19.2731904Z' while content on disk has modification time of '2025-04-30T19:29:20.0365723Z'
Number of updated asset objects reloaded before import = 0Number of asset objects unloaded after import = 0

========================================================================
Received Import Request.
  Time since last request: 0.000018 seconds.
  path: Assets/Scripts/MainMenu.cs
  artifactKey: Guid(bec661b304bf33645abee6d5b105ce53) Importer(815301076,1909f56bfc062723c751e8b465ee728b)
Start importing Assets/Scripts/MainMenu.cs using Guid(bec661b304bf33645abee6d5b105ce53) Importer(815301076,1909f56bfc062723c751e8b465ee728b) (PreviewImporter) -> (artifact id: '00000000000000000000000000000000') in 0.000572 seconds
Import Error Code:(4)
Message: Build asset version error: assets/scripts/mainmenu.cs in SourceAssetDB has modification time of '2025-04-30T19:29:19.2731904Z' while content on disk has modification time of '2025-04-30T19:29:20.0365723Z'
  ERROR: Build asset version error: assets/scripts/mainmenu.cs in SourceAssetDB has modification time of '2025-04-30T19:29:19.2731904Z' while content on disk has modification time of '2025-04-30T19:29:20.0365723Z'
Number of updated asset objects reloaded before import = 0Number of asset objects unloaded after import = 0

========================================================================
Received Import Request.
  Time since last request: 0.000023 seconds.
  path: Assets/Scripts/MainMenu.cs
  artifactKey: Guid(bec661b304bf33645abee6d5b105ce53) Importer(815301076,1909f56bfc062723c751e8b465ee728b)
Start importing Assets/Scripts/MainMenu.cs using Guid(bec661b304bf33645abee6d5b105ce53) Importer(815301076,1909f56bfc062723c751e8b465ee728b) (PreviewImporter) -> (artifact id: '00000000000000000000000000000000') in 0.0006003 seconds
Import Error Code:(4)
Message: Build asset version error: assets/scripts/mainmenu.cs in SourceAssetDB has modification time of '2025-04-30T19:29:19.2731904Z' while content on disk has modification time of '2025-04-30T19:29:20.0365723Z'
  ERROR: Build asset version error: assets/scripts/mainmenu.cs in SourceAssetDB has modification time of '2025-04-30T19:29:19.2731904Z' while content on disk has modification time of '2025-04-30T19:29:20.0365723Z'
Number of updated asset objects reloaded before import = 0Number of asset objects unloaded after import = 0

========================================================================
Received Import Request.
  Time since last request: 0.000022 seconds.
  path: Assets/Scripts/MainMenu.cs
  artifactKey: Guid(bec661b304bf33645abee6d5b105ce53) Importer(815301076,1909f56bfc062723c751e8b465ee728b)
Start importing Assets/Scripts/MainMenu.cs using Guid(bec661b304bf33645abee6d5b105ce53) Importer(815301076,1909f56bfc062723c751e8b465ee728b) (PreviewImporter) -> (artifact id: '00000000000000000000000000000000') in 0.0005354 seconds
Import Error Code:(4)
Message: Build asset version error: assets/scripts/mainmenu.cs in SourceAssetDB has modification time of '2025-04-30T19:29:19.2731904Z' while content on disk has modification time of '2025-04-30T19:29:20.0365723Z'
  ERROR: Build asset version error: assets/scripts/mainmenu.cs in SourceAssetDB has modification time of '2025-04-30T19:29:19.2731904Z' while content on disk has modification time of '2025-04-30T19:29:20.0365723Z'
Number of updated asset objects reloaded before import = 0Number of asset objects unloaded after import = 0

========================================================================
Received Import Request.
  Time since last request: 0.000021 seconds.
  path: Assets/Scripts/MainMenu.cs
  artifactKey: Guid(bec661b304bf33645abee6d5b105ce53) Importer(815301076,1909f56bfc062723c751e8b465ee728b)
Start importing Assets/Scripts/MainMenu.cs using Guid(bec661b304bf33645abee6d5b105ce53) Importer(815301076,1909f56bfc062723c751e8b465ee728b) (PreviewImporter) -> (artifact id: '00000000000000000000000000000000') in 0.0004747 seconds
Import Error Code:(4)
Message: Build asset version error: assets/scripts/mainmenu.cs in SourceAssetDB has modification time of '2025-04-30T19:29:19.2731904Z' while content on disk has modification time of '2025-04-30T19:29:20.0365723Z'
  ERROR: Build asset version error: assets/scripts/mainmenu.cs in SourceAssetDB has modification time of '2025-04-30T19:29:19.2731904Z' while content on disk has modification time of '2025-04-30T19:29:20.0365723Z'
Number of updated asset objects reloaded before import = 0Number of asset objects unloaded after import = 0

========================================================================
Received Import Request.
  Time since last request: 0.000018 seconds.
  path: Assets/Scripts/MainMenu.cs
  artifactKey: Guid(bec661b304bf33645abee6d5b105ce53) Importer(815301076,1909f56bfc062723c751e8b465ee728b)
Start importing Assets/Scripts/MainMenu.cs using Guid(bec661b304bf33645abee6d5b105ce53) Importer(815301076,1909f56bfc062723c751e8b465ee728b) (PreviewImporter) -> (artifact id: '00000000000000000000000000000000') in 0.0005249 seconds
Import Error Code:(4)
Message: Build asset version error: assets/scripts/mainmenu.cs in SourceAssetDB has modification time of '2025-04-30T19:29:19.2731904Z' while content on disk has modification time of '2025-04-30T19:29:20.0365723Z'
  ERROR: Build asset version error: assets/scripts/mainmenu.cs in SourceAssetDB has modification time of '2025-04-30T19:29:19.2731904Z' while content on disk has modification time of '2025-04-30T19:29:20.0365723Z'
Number of updated asset objects reloaded before import = 0Number of asset objects unloaded after import = 0

========================================================================
Received Import Request.
  Time since last request: 0.000018 seconds.
  path: Assets/Scripts/MainMenu.cs
  artifactKey: Guid(bec661b304bf33645abee6d5b105ce53) Importer(815301076,1909f56bfc062723c751e8b465ee728b)
Start importing Assets/Scripts/MainMenu.cs using Guid(bec661b304bf33645abee6d5b105ce53) Importer(815301076,1909f56bfc062723c751e8b465ee728b) (PreviewImporter) -> (artifact id: '00000000000000000000000000000000') in 0.0007349 seconds
Import Error Code:(4)
Message: Build asset version error: assets/scripts/mainmenu.cs in SourceAssetDB has modification time of '2025-04-30T19:29:19.2731904Z' while content on disk has modification time of '2025-04-30T19:29:20.0365723Z'
  ERROR: Build asset version error: assets/scripts/mainmenu.cs in SourceAssetDB has modification time of '2025-04-30T19:29:19.2731904Z' while content on disk has modification time of '2025-04-30T19:29:20.0365723Z'
Number of updated asset objects reloaded before import = 0Number of asset objects unloaded after import = 0

========================================================================
Received Import Request.
  Time since last request: 0.000017 seconds.
  path: Assets/Scripts/MainMenu.cs
  artifactKey: Guid(bec661b304bf33645abee6d5b105ce53) Importer(815301076,1909f56bfc062723c751e8b465ee728b)
Start importing Assets/Scripts/MainMenu.cs using Guid(bec661b304bf33645abee6d5b105ce53) Importer(815301076,1909f56bfc062723c751e8b465ee728b) (PreviewImporter) -> (artifact id: '00000000000000000000000000000000') in 0.0006134 seconds
Import Error Code:(4)
Message: Build asset version error: assets/scripts/mainmenu.cs in SourceAssetDB has modification time of '2025-04-30T19:29:19.2731904Z' while content on disk has modification time of '2025-04-30T19:29:20.0365723Z'
  ERROR: Build asset version error: assets/scripts/mainmenu.cs in SourceAssetDB has modification time of '2025-04-30T19:29:19.2731904Z' while content on disk has modification time of '2025-04-30T19:29:20.0365723Z'
Number of updated asset objects reloaded before import = 0Number of asset objects unloaded after import = 0

========================================================================
Received Import Request.
  Time since last request: 0.000016 seconds.
  path: Assets/Scripts/MainMenu.cs
  artifactKey: Guid(bec661b304bf33645abee6d5b105ce53) Importer(815301076,1909f56bfc062723c751e8b465ee728b)
Start importing Assets/Scripts/MainMenu.cs using Guid(bec661b304bf33645abee6d5b105ce53) Importer(815301076,1909f56bfc062723c751e8b465ee728b) (PreviewImporter) -> (artifact id: '00000000000000000000000000000000') in 0.0005142 seconds
Import Error Code:(4)
Message: Build asset version error: assets/scripts/mainmenu.cs in SourceAssetDB has modification time of '2025-04-30T19:29:19.2731904Z' while content on disk has modification time of '2025-04-30T19:29:20.0365723Z'
  ERROR: Build asset version error: assets/scripts/mainmenu.cs in SourceAssetDB has modification time of '2025-04-30T19:29:19.2731904Z' while content on disk has modification time of '2025-04-30T19:29:20.0365723Z'
Number of updated asset objects reloaded before import = 0Number of asset objects unloaded after import = 0

========================================================================
Received Import Request.
  Time since last request: 0.000016 seconds.
  path: Assets/Scripts/MainMenu.cs
  artifactKey: Guid(bec661b304bf33645abee6d5b105ce53) Importer(815301076,1909f56bfc062723c751e8b465ee728b)
Start importing Assets/Scripts/MainMenu.cs using Guid(bec661b304bf33645abee6d5b105ce53) Importer(815301076,1909f56bfc062723c751e8b465ee728b) (PreviewImporter) -> (artifact id: '00000000000000000000000000000000') in 0.0004652 seconds
Import Error Code:(4)
Message: Build asset version error: assets/scripts/mainmenu.cs in SourceAssetDB has modification time of '2025-04-30T19:29:19.2731904Z' while content on disk has modification time of '2025-04-30T19:29:20.0365723Z'
  ERROR: Build asset version error: assets/scripts/mainmenu.cs in SourceAssetDB has modification time of '2025-04-30T19:29:19.2731904Z' while content on disk has modification time of '2025-04-30T19:29:20.0365723Z'
Number of updated asset objects reloaded before import = 0Number of asset objects unloaded after import = 0

========================================================================
Received Import Request.
  Time since last request: 0.000013 seconds.
  path: Assets/Scripts/MainMenu.cs
  artifactKey: Guid(bec661b304bf33645abee6d5b105ce53) Importer(815301076,1909f56bfc062723c751e8b465ee728b)
Start importing Assets/Scripts/MainMenu.cs using Guid(bec661b304bf33645abee6d5b105ce53) Importer(815301076,1909f56bfc062723c751e8b465ee728b) (PreviewImporter) -> (artifact id: '00000000000000000000000000000000') in 0.0005127 seconds
Import Error Code:(4)
Message: Build asset version error: assets/scripts/mainmenu.cs in SourceAssetDB has modification time of '2025-04-30T19:29:19.2731904Z' while content on disk has modification time of '2025-04-30T19:29:20.0365723Z'
  ERROR: Build asset version error: assets/scripts/mainmenu.cs in SourceAssetDB has modification time of '2025-04-30T19:29:19.2731904Z' while content on disk has modification time of '2025-04-30T19:29:20.0365723Z'
Number of updated asset objects reloaded before import = 0Number of asset objects unloaded after import = 0

========================================================================
Received Import Request.
  Time since last request: 0.000015 seconds.
  path: Assets/Scripts/MainMenu.cs
  artifactKey: Guid(bec661b304bf33645abee6d5b105ce53) Importer(815301076,1909f56bfc062723c751e8b465ee728b)
Start importing Assets/Scripts/MainMenu.cs using Guid(bec661b304bf33645abee6d5b105ce53) Importer(815301076,1909f56bfc062723c751e8b465ee728b) (PreviewImporter) -> (artifact id: '00000000000000000000000000000000') in 0.0006187 seconds
Import Error Code:(4)
Message: Build asset version error: assets/scripts/mainmenu.cs in SourceAssetDB has modification time of '2025-04-30T19:29:19.2731904Z' while content on disk has modification time of '2025-04-30T19:29:20.0365723Z'
  ERROR: Build asset version error: assets/scripts/mainmenu.cs in SourceAssetDB has modification time of '2025-04-30T19:29:19.2731904Z' while content on disk has modification time of '2025-04-30T19:29:20.0365723Z'
Number of updated asset objects reloaded before import = 0Number of asset objects unloaded after import = 0

========================================================================
Received Import Request.
  Time since last request: 0.000020 seconds.
  path: Assets/Scripts/MainMenu.cs
  artifactKey: Guid(bec661b304bf33645abee6d5b105ce53) Importer(815301076,1909f56bfc062723c751e8b465ee728b)
Start importing Assets/Scripts/MainMenu.cs using Guid(bec661b304bf33645abee6d5b105ce53) Importer(815301076,1909f56bfc062723c751e8b465ee728b) (PreviewImporter) -> (artifact id: '00000000000000000000000000000000') in 0.0005424 seconds
Import Error Code:(4)
Message: Build asset version error: assets/scripts/mainmenu.cs in SourceAssetDB has modification time of '2025-04-30T19:29:19.2731904Z' while content on disk has modification time of '2025-04-30T19:29:20.0365723Z'
  ERROR: Build asset version error: assets/scripts/mainmenu.cs in SourceAssetDB has modification time of '2025-04-30T19:29:19.2731904Z' while content on disk has modification time of '2025-04-30T19:29:20.0365723Z'
Number of updated asset objects reloaded before import = 0Number of asset objects unloaded after import = 0

========================================================================
Received Import Request.
  Time since last request: 0.000023 seconds.
  path: Assets/Scripts/MainMenu.cs
  artifactKey: Guid(bec661b304bf33645abee6d5b105ce53) Importer(815301076,1909f56bfc062723c751e8b465ee728b)
Start importing Assets/Scripts/MainMenu.cs using Guid(bec661b304bf33645abee6d5b105ce53) Importer(815301076,1909f56bfc062723c751e8b465ee728b) (PreviewImporter) -> (artifact id: '00000000000000000000000000000000') in 0.0005313 seconds
Import Error Code:(4)
Message: Build asset version error: assets/scripts/mainmenu.cs in SourceAssetDB has modification time of '2025-04-30T19:29:19.2731904Z' while content on disk has modification time of '2025-04-30T19:29:20.0365723Z'
  ERROR: Build asset version error: assets/scripts/mainmenu.cs in SourceAssetDB has modification time of '2025-04-30T19:29:19.2731904Z' while content on disk has modification time of '2025-04-30T19:29:20.0365723Z'
Number of updated asset objects reloaded before import = 0Number of asset objects unloaded after import = 0

========================================================================
Received Import Request.
  Time since last request: 0.000016 seconds.
  path: Assets/Scripts/MainMenu.cs
  artifactKey: Guid(bec661b304bf33645abee6d5b105ce53) Importer(815301076,1909f56bfc062723c751e8b465ee728b)
Start importing Assets/Scripts/MainMenu.cs using Guid(bec661b304bf33645abee6d5b105ce53) Importer(815301076,1909f56bfc062723c751e8b465ee728b) (PreviewImporter) -> (artifact id: '00000000000000000000000000000000') in 0.0005153 seconds
Import Error Code:(4)
Message: Build asset version error: assets/scripts/mainmenu.cs in SourceAssetDB has modification time of '2025-04-30T19:29:19.2731904Z' while content on disk has modification time of '2025-04-30T19:29:20.0365723Z'
  ERROR: Build asset version error: assets/scripts/mainmenu.cs in SourceAssetDB has modification time of '2025-04-30T19:29:19.2731904Z' while content on disk has modification time of '2025-04-30T19:29:20.0365723Z'
Number of updated asset objects reloaded before import = 0Number of asset objects unloaded after import = 0

========================================================================
Received Import Request.
  Time since last request: 0.000017 seconds.
  path: Assets/Scripts/MainMenu.cs
  artifactKey: Guid(bec661b304bf33645abee6d5b105ce53) Importer(815301076,1909f56bfc062723c751e8b465ee728b)
Start importing Assets/Scripts/MainMenu.cs using Guid(bec661b304bf33645abee6d5b105ce53) Importer(815301076,1909f56bfc062723c751e8b465ee728b) (PreviewImporter) -> (artifact id: '00000000000000000000000000000000') in 0.0007149 seconds
Import Error Code:(4)
Message: Build asset version error: assets/scripts/mainmenu.cs in SourceAssetDB has modification time of '2025-04-30T19:29:19.2731904Z' while content on disk has modification time of '2025-04-30T19:29:20.0365723Z'
  ERROR: Build asset version error: assets/scripts/mainmenu.cs in SourceAssetDB has modification time of '2025-04-30T19:29:19.2731904Z' while content on disk has modification time of '2025-04-30T19:29:20.0365723Z'
Number of updated asset objects reloaded before import = 0Number of asset objects unloaded after import = 0

========================================================================
Received Import Request.
  Time since last request: 0.000019 seconds.
  path: Assets/Scripts/MainMenu.cs
  artifactKey: Guid(bec661b304bf33645abee6d5b105ce53) Importer(815301076,1909f56bfc062723c751e8b465ee728b)
Start importing Assets/Scripts/MainMenu.cs using Guid(bec661b304bf33645abee6d5b105ce53) Importer(815301076,1909f56bfc062723c751e8b465ee728b) (PreviewImporter) -> (artifact id: '00000000000000000000000000000000') in 0.0007977 seconds
Import Error Code:(4)
Message: Build asset version error: assets/scripts/mainmenu.cs in SourceAssetDB has modification time of '2025-04-30T19:29:19.2731904Z' while content on disk has modification time of '2025-04-30T19:29:20.0365723Z'
  ERROR: Build asset version error: assets/scripts/mainmenu.cs in SourceAssetDB has modification time of '2025-04-30T19:29:19.2731904Z' while content on disk has modification time of '2025-04-30T19:29:20.0365723Z'
Number of updated asset objects reloaded before import = 0Number of asset objects unloaded after import = 0

========================================================================
Received Import Request.
  Time since last request: 0.000016 seconds.
  path: Assets/Scripts/MainMenu.cs
  artifactKey: Guid(bec661b304bf33645abee6d5b105ce53) Importer(815301076,1909f56bfc062723c751e8b465ee728b)
Start importing Assets/Scripts/MainMenu.cs using Guid(bec661b304bf33645abee6d5b105ce53) Importer(815301076,1909f56bfc062723c751e8b465ee728b) (PreviewImporter) -> (artifact id: '00000000000000000000000000000000') in 0.0005177 seconds
Import Error Code:(4)
Message: Build asset version error: assets/scripts/mainmenu.cs in SourceAssetDB has modification time of '2025-04-30T19:29:19.2731904Z' while content on disk has modification time of '2025-04-30T19:29:20.0365723Z'
  ERROR: Build asset version error: assets/scripts/mainmenu.cs in SourceAssetDB has modification time of '2025-04-30T19:29:19.2731904Z' while content on disk has modification time of '2025-04-30T19:29:20.0365723Z'
Number of updated asset objects reloaded before import = 0Number of asset objects unloaded after import = 0

========================================================================
Received Import Request.
  Time since last request: 0.000018 seconds.
  path: Assets/Scripts/MainMenu.cs
  artifactKey: Guid(bec661b304bf33645abee6d5b105ce53) Importer(815301076,1909f56bfc062723c751e8b465ee728b)
Start importing Assets/Scripts/MainMenu.cs using Guid(bec661b304bf33645abee6d5b105ce53) Importer(815301076,1909f56bfc062723c751e8b465ee728b) (PreviewImporter) -> (artifact id: '00000000000000000000000000000000') in 0.0004117 seconds
Import Error Code:(4)
Message: Build asset version error: assets/scripts/mainmenu.cs in SourceAssetDB has modification time of '2025-04-30T19:29:19.2731904Z' while content on disk has modification time of '2025-04-30T19:29:20.0365723Z'
  ERROR: Build asset version error: assets/scripts/mainmenu.cs in SourceAssetDB has modification time of '2025-04-30T19:29:19.2731904Z' while content on disk has modification time of '2025-04-30T19:29:20.0365723Z'
Number of updated asset objects reloaded before import = 0Number of asset objects unloaded after import = 0

========================================================================
Received Import Request.
  Time since last request: 0.000012 seconds.
  path: Assets/Scripts/MainMenu.cs
  artifactKey: Guid(bec661b304bf33645abee6d5b105ce53) Importer(815301076,1909f56bfc062723c751e8b465ee728b)
Start importing Assets/Scripts/MainMenu.cs using Guid(bec661b304bf33645abee6d5b105ce53) Importer(815301076,1909f56bfc062723c751e8b465ee728b) (PreviewImporter) -> (artifact id: '00000000000000000000000000000000') in 0.0007243 seconds
Import Error Code:(4)
Message: Build asset version error: assets/scripts/mainmenu.cs in SourceAssetDB has modification time of '2025-04-30T19:29:19.2731904Z' while content on disk has modification time of '2025-04-30T19:29:20.0365723Z'
  ERROR: Build asset version error: assets/scripts/mainmenu.cs in SourceAssetDB has modification time of '2025-04-30T19:29:19.2731904Z' while content on disk has modification time of '2025-04-30T19:29:20.0365723Z'
Number of updated asset objects reloaded before import = 0Number of asset objects unloaded after import = 0

========================================================================
Received Import Request.
  Time since last request: 0.000017 seconds.
  path: Assets/Scripts/MainMenu.cs
  artifactKey: Guid(bec661b304bf33645abee6d5b105ce53) Importer(815301076,1909f56bfc062723c751e8b465ee728b)
Start importing Assets/Scripts/MainMenu.cs using Guid(bec661b304bf33645abee6d5b105ce53) Importer(815301076,1909f56bfc062723c751e8b465ee728b) (PreviewImporter) -> (artifact id: '00000000000000000000000000000000') in 0.0006951 seconds
Import Error Code:(4)
Message: Build asset version error: assets/scripts/mainmenu.cs in SourceAssetDB has modification time of '2025-04-30T19:29:19.2731904Z' while content on disk has modification time of '2025-04-30T19:29:20.0365723Z'
  ERROR: Build asset version error: assets/scripts/mainmenu.cs in SourceAssetDB has modification time of '2025-04-30T19:29:19.2731904Z' while content on disk has modification time of '2025-04-30T19:29:20.0365723Z'
Number of updated asset objects reloaded before import = 0Number of asset objects unloaded after import = 0

========================================================================
Received Import Request.
  Time since last request: 0.000015 seconds.
  path: Assets/Scripts/MainMenu.cs
  artifactKey: Guid(bec661b304bf33645abee6d5b105ce53) Importer(815301076,1909f56bfc062723c751e8b465ee728b)
Start importing Assets/Scripts/MainMenu.cs using Guid(bec661b304bf33645abee6d5b105ce53) Importer(815301076,1909f56bfc062723c751e8b465ee728b) (PreviewImporter) -> (artifact id: '00000000000000000000000000000000') in 0.0005601 seconds
Import Error Code:(4)
Message: Build asset version error: assets/scripts/mainmenu.cs in SourceAssetDB has modification time of '2025-04-30T19:29:19.2731904Z' while content on disk has modification time of '2025-04-30T19:29:20.0365723Z'
  ERROR: Build asset version error: assets/scripts/mainmenu.cs in SourceAssetDB has modification time of '2025-04-30T19:29:19.2731904Z' while content on disk has modification time of '2025-04-30T19:29:20.0365723Z'
Number of updated asset objects reloaded before import = 0Number of asset objects unloaded after import = 0

========================================================================
Received Import Request.
  Time since last request: 0.000023 seconds.
  path: Assets/Scripts/MainMenu.cs
  artifactKey: Guid(bec661b304bf33645abee6d5b105ce53) Importer(815301076,1909f56bfc062723c751e8b465ee728b)
Start importing Assets/Scripts/MainMenu.cs using Guid(bec661b304bf33645abee6d5b105ce53) Importer(815301076,1909f56bfc062723c751e8b465ee728b) (PreviewImporter) -> (artifact id: '00000000000000000000000000000000') in 0.0004431 seconds
Import Error Code:(4)
Message: Build asset version error: assets/scripts/mainmenu.cs in SourceAssetDB has modification time of '2025-04-30T19:29:19.2731904Z' while content on disk has modification time of '2025-04-30T19:29:20.0365723Z'
  ERROR: Build asset version error: assets/scripts/mainmenu.cs in SourceAssetDB has modification time of '2025-04-30T19:29:19.2731904Z' while content on disk has modification time of '2025-04-30T19:29:20.0365723Z'
Number of updated asset objects reloaded before import = 0Number of asset objects unloaded after import = 0

========================================================================
Received Import Request.
  Time since last request: 0.000013 seconds.
  path: Assets/Scripts/MainMenu.cs
  artifactKey: Guid(bec661b304bf33645abee6d5b105ce53) Importer(815301076,1909f56bfc062723c751e8b465ee728b)
Start importing Assets/Scripts/MainMenu.cs using Guid(bec661b304bf33645abee6d5b105ce53) Importer(815301076,1909f56bfc062723c751e8b465ee728b) (PreviewImporter) -> (artifact id: '00000000000000000000000000000000') in 0.0004677 seconds
Import Error Code:(4)
Message: Build asset version error: assets/scripts/mainmenu.cs in SourceAssetDB has modification time of '2025-04-30T19:29:19.2731904Z' while content on disk has modification time of '2025-04-30T19:29:20.0365723Z'
  ERROR: Build asset version error: assets/scripts/mainmenu.cs in SourceAssetDB has modification time of '2025-04-30T19:29:19.2731904Z' while content on disk has modification time of '2025-04-30T19:29:20.0365723Z'
Number of updated asset objects reloaded before import = 0Number of asset objects unloaded after import = 0

========================================================================
Received Import Request.
  Time since last request: 0.000016 seconds.
  path: Assets/Scripts/MainMenu.cs
  artifactKey: Guid(bec661b304bf33645abee6d5b105ce53) Importer(815301076,1909f56bfc062723c751e8b465ee728b)
Start importing Assets/Scripts/MainMenu.cs using Guid(bec661b304bf33645abee6d5b105ce53) Importer(815301076,1909f56bfc062723c751e8b465ee728b) (PreviewImporter) -> (artifact id: '00000000000000000000000000000000') in 0.0004736 seconds
Import Error Code:(4)
Message: Build asset version error: assets/scripts/mainmenu.cs in SourceAssetDB has modification time of '2025-04-30T19:29:19.2731904Z' while content on disk has modification time of '2025-04-30T19:29:20.0365723Z'
  ERROR: Build asset version error: assets/scripts/mainmenu.cs in SourceAssetDB has modification time of '2025-04-30T19:29:19.2731904Z' while content on disk has modification time of '2025-04-30T19:29:20.0365723Z'
Number of updated asset objects reloaded before import = 0Number of asset objects unloaded after import = 0

========================================================================
Received Import Request.
  Time since last request: 0.000017 seconds.
  path: Assets/Scripts/MainMenu.cs
  artifactKey: Guid(bec661b304bf33645abee6d5b105ce53) Importer(815301076,1909f56bfc062723c751e8b465ee728b)
Start importing Assets/Scripts/MainMenu.cs using Guid(bec661b304bf33645abee6d5b105ce53) Importer(815301076,1909f56bfc062723c751e8b465ee728b) (PreviewImporter) -> (artifact id: '00000000000000000000000000000000') in 0.0005186 seconds
Import Error Code:(4)
Message: Build asset version error: assets/scripts/mainmenu.cs in SourceAssetDB has modification time of '2025-04-30T19:29:19.2731904Z' while content on disk has modification time of '2025-04-30T19:29:20.0365723Z'
  ERROR: Build asset version error: assets/scripts/mainmenu.cs in SourceAssetDB has modification time of '2025-04-30T19:29:19.2731904Z' while content on disk has modification time of '2025-04-30T19:29:20.0365723Z'
Number of updated asset objects reloaded before import = 0Number of asset objects unloaded after import = 0

========================================================================
Received Import Request.
  Time since last request: 0.000015 seconds.
  path: Assets/Scripts/MainMenu.cs
  artifactKey: Guid(bec661b304bf33645abee6d5b105ce53) Importer(815301076,1909f56bfc062723c751e8b465ee728b)
Start importing Assets/Scripts/MainMenu.cs using Guid(bec661b304bf33645abee6d5b105ce53) Importer(815301076,1909f56bfc062723c751e8b465ee728b) (PreviewImporter) -> (artifact id: '00000000000000000000000000000000') in 0.0005268 seconds
Import Error Code:(4)
Message: Build asset version error: assets/scripts/mainmenu.cs in SourceAssetDB has modification time of '2025-04-30T19:29:19.2731904Z' while content on disk has modification time of '2025-04-30T19:29:20.0365723Z'
  ERROR: Build asset version error: assets/scripts/mainmenu.cs in SourceAssetDB has modification time of '2025-04-30T19:29:19.2731904Z' while content on disk has modification time of '2025-04-30T19:29:20.0365723Z'
Number of updated asset objects reloaded before import = 0Number of asset objects unloaded after import = 0

========================================================================
Received Import Request.
  Time since last request: 0.000013 seconds.
  path: Assets/Scripts/MainMenu.cs
  artifactKey: Guid(bec661b304bf33645abee6d5b105ce53) Importer(815301076,1909f56bfc062723c751e8b465ee728b)
Start importing Assets/Scripts/MainMenu.cs using Guid(bec661b304bf33645abee6d5b105ce53) Importer(815301076,1909f56bfc062723c751e8b465ee728b) (PreviewImporter) -> (artifact id: '00000000000000000000000000000000') in 0.0004723 seconds
Import Error Code:(4)
Message: Build asset version error: assets/scripts/mainmenu.cs in SourceAssetDB has modification time of '2025-04-30T19:29:19.2731904Z' while content on disk has modification time of '2025-04-30T19:29:20.0365723Z'
  ERROR: Build asset version error: assets/scripts/mainmenu.cs in SourceAssetDB has modification time of '2025-04-30T19:29:19.2731904Z' while content on disk has modification time of '2025-04-30T19:29:20.0365723Z'
Number of updated asset objects reloaded before import = 0Number of asset objects unloaded after import = 0

========================================================================
Received Import Request.
  Time since last request: 0.000013 seconds.
  path: Assets/Scripts/MainMenu.cs
  artifactKey: Guid(bec661b304bf33645abee6d5b105ce53) Importer(815301076,1909f56bfc062723c751e8b465ee728b)
Start importing Assets/Scripts/MainMenu.cs using Guid(bec661b304bf33645abee6d5b105ce53) Importer(815301076,1909f56bfc062723c751e8b465ee728b) (PreviewImporter) -> (artifact id: '00000000000000000000000000000000') in 0.0004318 seconds
Import Error Code:(4)
Message: Build asset version error: assets/scripts/mainmenu.cs in SourceAssetDB has modification time of '2025-04-30T19:29:19.2731904Z' while content on disk has modification time of '2025-04-30T19:29:20.0365723Z'
  ERROR: Build asset version error: assets/scripts/mainmenu.cs in SourceAssetDB has modification time of '2025-04-30T19:29:19.2731904Z' while content on disk has modification time of '2025-04-30T19:29:20.0365723Z'
Number of updated asset objects reloaded before import = 0Number of asset objects unloaded after import = 0

========================================================================
Received Import Request.
  Time since last request: 0.000019 seconds.
  path: Assets/Scripts/MainMenu.cs
  artifactKey: Guid(bec661b304bf33645abee6d5b105ce53) Importer(815301076,1909f56bfc062723c751e8b465ee728b)
Start importing Assets/Scripts/MainMenu.cs using Guid(bec661b304bf33645abee6d5b105ce53) Importer(815301076,1909f56bfc062723c751e8b465ee728b) (PreviewImporter) -> (artifact id: '00000000000000000000000000000000') in 0.0005266 seconds
Import Error Code:(4)
Message: Build asset version error: assets/scripts/mainmenu.cs in SourceAssetDB has modification time of '2025-04-30T19:29:19.2731904Z' while content on disk has modification time of '2025-04-30T19:29:20.0365723Z'
  ERROR: Build asset version error: assets/scripts/mainmenu.cs in SourceAssetDB has modification time of '2025-04-30T19:29:19.2731904Z' while content on disk has modification time of '2025-04-30T19:29:20.0365723Z'
Number of updated asset objects reloaded before import = 0Number of asset objects unloaded after import = 0

========================================================================
Received Import Request.
  Time since last request: 0.000015 seconds.
  path: Assets/Scripts/MainMenu.cs
  artifactKey: Guid(bec661b304bf33645abee6d5b105ce53) Importer(815301076,1909f56bfc062723c751e8b465ee728b)
Start importing Assets/Scripts/MainMenu.cs using Guid(bec661b304bf33645abee6d5b105ce53) Importer(815301076,1909f56bfc062723c751e8b465ee728b) (PreviewImporter) -> (artifact id: '00000000000000000000000000000000') in 0.0004462 seconds
Import Error Code:(4)
Message: Build asset version error: assets/scripts/mainmenu.cs in SourceAssetDB has modification time of '2025-04-30T19:29:19.2731904Z' while content on disk has modification time of '2025-04-30T19:29:20.0365723Z'
  ERROR: Build asset version error: assets/scripts/mainmenu.cs in SourceAssetDB has modification time of '2025-04-30T19:29:19.2731904Z' while content on disk has modification time of '2025-04-30T19:29:20.0365723Z'
Number of updated asset objects reloaded before import = 0Number of asset objects unloaded after import = 0

========================================================================
Received Import Request.
  Time since last request: 0.000028 seconds.
  path: Assets/Scripts/MainMenu.cs
  artifactKey: Guid(bec661b304bf33645abee6d5b105ce53) Importer(815301076,1909f56bfc062723c751e8b465ee728b)
Start importing Assets/Scripts/MainMenu.cs using Guid(bec661b304bf33645abee6d5b105ce53) Importer(815301076,1909f56bfc062723c751e8b465ee728b) (PreviewImporter) -> (artifact id: '00000000000000000000000000000000') in 0.0006486 seconds
Import Error Code:(4)
Message: Build asset version error: assets/scripts/mainmenu.cs in SourceAssetDB has modification time of '2025-04-30T19:29:19.2731904Z' while content on disk has modification time of '2025-04-30T19:29:20.0365723Z'
  ERROR: Build asset version error: assets/scripts/mainmenu.cs in SourceAssetDB has modification time of '2025-04-30T19:29:19.2731904Z' while content on disk has modification time of '2025-04-30T19:29:20.0365723Z'
Number of updated asset objects reloaded before import = 0Number of asset objects unloaded after import = 0

========================================================================
Received Import Request.
  Time since last request: 0.000027 seconds.
  path: Assets/Scripts/MainMenu.cs
  artifactKey: Guid(bec661b304bf33645abee6d5b105ce53) Importer(815301076,1909f56bfc062723c751e8b465ee728b)
Start importing Assets/Scripts/MainMenu.cs using Guid(bec661b304bf33645abee6d5b105ce53) Importer(815301076,1909f56bfc062723c751e8b465ee728b) (PreviewImporter) -> (artifact id: '00000000000000000000000000000000') in 0.0005624 seconds
Import Error Code:(4)
Message: Build asset version error: assets/scripts/mainmenu.cs in SourceAssetDB has modification time of '2025-04-30T19:29:19.2731904Z' while content on disk has modification time of '2025-04-30T19:29:20.0365723Z'
  ERROR: Build asset version error: assets/scripts/mainmenu.cs in SourceAssetDB has modification time of '2025-04-30T19:29:19.2731904Z' while content on disk has modification time of '2025-04-30T19:29:20.0365723Z'
Number of updated asset objects reloaded before import = 0Number of asset objects unloaded after import = 0

========================================================================
Received Import Request.
  Time since last request: 0.000019 seconds.
  path: Assets/Scripts/MainMenu.cs
  artifactKey: Guid(bec661b304bf33645abee6d5b105ce53) Importer(815301076,1909f56bfc062723c751e8b465ee728b)
Start importing Assets/Scripts/MainMenu.cs using Guid(bec661b304bf33645abee6d5b105ce53) Importer(815301076,1909f56bfc062723c751e8b465ee728b) (PreviewImporter) -> (artifact id: '00000000000000000000000000000000') in 0.0005639 seconds
Import Error Code:(4)
Message: Build asset version error: assets/scripts/mainmenu.cs in SourceAssetDB has modification time of '2025-04-30T19:29:19.2731904Z' while content on disk has modification time of '2025-04-30T19:29:20.0365723Z'
  ERROR: Build asset version error: assets/scripts/mainmenu.cs in SourceAssetDB has modification time of '2025-04-30T19:29:19.2731904Z' while content on disk has modification time of '2025-04-30T19:29:20.0365723Z'
Number of updated asset objects reloaded before import = 0Number of asset objects unloaded after import = 0

========================================================================
Received Import Request.
  Time since last request: 0.000018 seconds.
  path: Assets/Scripts/MainMenu.cs
  artifactKey: Guid(bec661b304bf33645abee6d5b105ce53) Importer(815301076,1909f56bfc062723c751e8b465ee728b)
Start importing Assets/Scripts/MainMenu.cs using Guid(bec661b304bf33645abee6d5b105ce53) Importer(815301076,1909f56bfc062723c751e8b465ee728b) (PreviewImporter) -> (artifact id: '00000000000000000000000000000000') in 0.0005528 seconds
Import Error Code:(4)
Message: Build asset version error: assets/scripts/mainmenu.cs in SourceAssetDB has modification time of '2025-04-30T19:29:19.2731904Z' while content on disk has modification time of '2025-04-30T19:29:20.0365723Z'
  ERROR: Build asset version error: assets/scripts/mainmenu.cs in SourceAssetDB has modification time of '2025-04-30T19:29:19.2731904Z' while content on disk has modification time of '2025-04-30T19:29:20.0365723Z'
Number of updated asset objects reloaded before import = 0Number of asset objects unloaded after import = 0

========================================================================
Received Import Request.
  Time since last request: 0.000017 seconds.
  path: Assets/Scripts/MainMenu.cs
  artifactKey: Guid(bec661b304bf33645abee6d5b105ce53) Importer(815301076,1909f56bfc062723c751e8b465ee728b)
Start importing Assets/Scripts/MainMenu.cs using Guid(bec661b304bf33645abee6d5b105ce53) Importer(815301076,1909f56bfc062723c751e8b465ee728b) (PreviewImporter) -> (artifact id: '00000000000000000000000000000000') in 0.0005343 seconds
Import Error Code:(4)
Message: Build asset version error: assets/scripts/mainmenu.cs in SourceAssetDB has modification time of '2025-04-30T19:29:19.2731904Z' while content on disk has modification time of '2025-04-30T19:29:20.0365723Z'
  ERROR: Build asset version error: assets/scripts/mainmenu.cs in SourceAssetDB has modification time of '2025-04-30T19:29:19.2731904Z' while content on disk has modification time of '2025-04-30T19:29:20.0365723Z'
Number of updated asset objects reloaded before import = 0Number of asset objects unloaded after import = 0

========================================================================
Received Import Request.
  Time since last request: 0.000016 seconds.
  path: Assets/Scripts/MainMenu.cs
  artifactKey: Guid(bec661b304bf33645abee6d5b105ce53) Importer(815301076,1909f56bfc062723c751e8b465ee728b)
Start importing Assets/Scripts/MainMenu.cs using Guid(bec661b304bf33645abee6d5b105ce53) Importer(815301076,1909f56bfc062723c751e8b465ee728b) (PreviewImporter) -> (artifact id: '00000000000000000000000000000000') in 0.0005157 seconds
Import Error Code:(4)
Message: Build asset version error: assets/scripts/mainmenu.cs in SourceAssetDB has modification time of '2025-04-30T19:29:19.2731904Z' while content on disk has modification time of '2025-04-30T19:29:20.0365723Z'
  ERROR: Build asset version error: assets/scripts/mainmenu.cs in SourceAssetDB has modification time of '2025-04-30T19:29:19.2731904Z' while content on disk has modification time of '2025-04-30T19:29:20.0365723Z'
Number of updated asset objects reloaded before import = 0Number of asset objects unloaded after import = 0

========================================================================
Received Import Request.
  Time since last request: 0.000023 seconds.
  path: Assets/Scripts/MainMenu.cs
  artifactKey: Guid(bec661b304bf33645abee6d5b105ce53) Importer(815301076,1909f56bfc062723c751e8b465ee728b)
Start importing Assets/Scripts/MainMenu.cs using Guid(bec661b304bf33645abee6d5b105ce53) Importer(815301076,1909f56bfc062723c751e8b465ee728b) (PreviewImporter) -> (artifact id: '00000000000000000000000000000000') in 0.0005556 seconds
Import Error Code:(4)
Message: Build asset version error: assets/scripts/mainmenu.cs in SourceAssetDB has modification time of '2025-04-30T19:29:19.2731904Z' while content on disk has modification time of '2025-04-30T19:29:20.0365723Z'
  ERROR: Build asset version error: assets/scripts/mainmenu.cs in SourceAssetDB has modification time of '2025-04-30T19:29:19.2731904Z' while content on disk has modification time of '2025-04-30T19:29:20.0365723Z'
Number of updated asset objects reloaded before import = 0Number of asset objects unloaded after import = 0

========================================================================
Received Import Request.
  Time since last request: 0.000023 seconds.
  path: Assets/Scripts/MainMenu.cs
  artifactKey: Guid(bec661b304bf33645abee6d5b105ce53) Importer(815301076,1909f56bfc062723c751e8b465ee728b)
Start importing Assets/Scripts/MainMenu.cs using Guid(bec661b304bf33645abee6d5b105ce53) Importer(815301076,1909f56bfc062723c751e8b465ee728b) (PreviewImporter) -> (artifact id: '00000000000000000000000000000000') in 0.0005367 seconds
Import Error Code:(4)
Message: Build asset version error: assets/scripts/mainmenu.cs in SourceAssetDB has modification time of '2025-04-30T19:29:19.2731904Z' while content on disk has modification time of '2025-04-30T19:29:20.0365723Z'
  ERROR: Build asset version error: assets/scripts/mainmenu.cs in SourceAssetDB has modification time of '2025-04-30T19:29:19.2731904Z' while content on disk has modification time of '2025-04-30T19:29:20.0365723Z'
Number of updated asset objects reloaded before import = 0Number of asset objects unloaded after import = 0

========================================================================
Received Import Request.
  Time since last request: 0.000019 seconds.
  path: Assets/Scripts/MainMenu.cs
  artifactKey: Guid(bec661b304bf33645abee6d5b105ce53) Importer(815301076,1909f56bfc062723c751e8b465ee728b)
Start importing Assets/Scripts/MainMenu.cs using Guid(bec661b304bf33645abee6d5b105ce53) Importer(815301076,1909f56bfc062723c751e8b465ee728b) (PreviewImporter) -> (artifact id: '00000000000000000000000000000000') in 0.0004505 seconds
Import Error Code:(4)
Message: Build asset version error: assets/scripts/mainmenu.cs in SourceAssetDB has modification time of '2025-04-30T19:29:19.2731904Z' while content on disk has modification time of '2025-04-30T19:29:20.0365723Z'
  ERROR: Build asset version error: assets/scripts/mainmenu.cs in SourceAssetDB has modification time of '2025-04-30T19:29:19.2731904Z' while content on disk has modification time of '2025-04-30T19:29:20.0365723Z'
Number of updated asset objects reloaded before import = 0Number of asset objects unloaded after import = 0

========================================================================
Received Import Request.
  Time since last request: 0.000021 seconds.
  path: Assets/Scripts/MainMenu.cs
  artifactKey: Guid(bec661b304bf33645abee6d5b105ce53) Importer(815301076,1909f56bfc062723c751e8b465ee728b)
Start importing Assets/Scripts/MainMenu.cs using Guid(bec661b304bf33645abee6d5b105ce53) Importer(815301076,1909f56bfc062723c751e8b465ee728b) (PreviewImporter) -> (artifact id: '00000000000000000000000000000000') in 0.000532 seconds
Import Error Code:(4)
Message: Build asset version error: assets/scripts/mainmenu.cs in SourceAssetDB has modification time of '2025-04-30T19:29:19.2731904Z' while content on disk has modification time of '2025-04-30T19:29:20.0365723Z'
  ERROR: Build asset version error: assets/scripts/mainmenu.cs in SourceAssetDB has modification time of '2025-04-30T19:29:19.2731904Z' while content on disk has modification time of '2025-04-30T19:29:20.0365723Z'
Number of updated asset objects reloaded before import = 0Number of asset objects unloaded after import = 0

========================================================================
Received Import Request.
  Time since last request: 0.000032 seconds.
  path: Assets/Scripts/MainMenu.cs
  artifactKey: Guid(bec661b304bf33645abee6d5b105ce53) Importer(815301076,1909f56bfc062723c751e8b465ee728b)
Start importing Assets/Scripts/MainMenu.cs using Guid(bec661b304bf33645abee6d5b105ce53) Importer(815301076,1909f56bfc062723c751e8b465ee728b) (PreviewImporter) -> (artifact id: '00000000000000000000000000000000') in 0.0005801 seconds
Import Error Code:(4)
Message: Build asset version error: assets/scripts/mainmenu.cs in SourceAssetDB has modification time of '2025-04-30T19:29:19.2731904Z' while content on disk has modification time of '2025-04-30T19:29:20.0365723Z'
  ERROR: Build asset version error: assets/scripts/mainmenu.cs in SourceAssetDB has modification time of '2025-04-30T19:29:19.2731904Z' while content on disk has modification time of '2025-04-30T19:29:20.0365723Z'
Number of updated asset objects reloaded before import = 0Number of asset objects unloaded after import = 0

========================================================================
Received Import Request.
  Time since last request: 0.000017 seconds.
  path: Assets/Scripts/MainMenu.cs
  artifactKey: Guid(bec661b304bf33645abee6d5b105ce53) Importer(815301076,1909f56bfc062723c751e8b465ee728b)
Start importing Assets/Scripts/MainMenu.cs using Guid(bec661b304bf33645abee6d5b105ce53) Importer(815301076,1909f56bfc062723c751e8b465ee728b) (PreviewImporter) -> (artifact id: '00000000000000000000000000000000') in 0.0006364 seconds
Import Error Code:(4)
Message: Build asset version error: assets/scripts/mainmenu.cs in SourceAssetDB has modification time of '2025-04-30T19:29:19.2731904Z' while content on disk has modification time of '2025-04-30T19:29:20.0365723Z'
  ERROR: Build asset version error: assets/scripts/mainmenu.cs in SourceAssetDB has modification time of '2025-04-30T19:29:19.2731904Z' while content on disk has modification time of '2025-04-30T19:29:20.0365723Z'
Number of updated asset objects reloaded before import = 0Number of asset objects unloaded after import = 0

========================================================================
Received Import Request.
  Time since last request: 0.000015 seconds.
  path: Assets/Scripts/MainMenu.cs
  artifactKey: Guid(bec661b304bf33645abee6d5b105ce53) Importer(815301076,1909f56bfc062723c751e8b465ee728b)
Start importing Assets/Scripts/MainMenu.cs using Guid(bec661b304bf33645abee6d5b105ce53) Importer(815301076,1909f56bfc062723c751e8b465ee728b) (PreviewImporter) -> (artifact id: '00000000000000000000000000000000') in 0.0007741 seconds
Import Error Code:(4)
Message: Build asset version error: assets/scripts/mainmenu.cs in SourceAssetDB has modification time of '2025-04-30T19:29:19.2731904Z' while content on disk has modification time of '2025-04-30T19:29:20.0365723Z'
  ERROR: Build asset version error: assets/scripts/mainmenu.cs in SourceAssetDB has modification time of '2025-04-30T19:29:19.2731904Z' while content on disk has modification time of '2025-04-30T19:29:20.0365723Z'
Number of updated asset objects reloaded before import = 0Number of asset objects unloaded after import = 0

========================================================================
Received Import Request.
  Time since last request: 0.000015 seconds.
  path: Assets/Scripts/MainMenu.cs
  artifactKey: Guid(bec661b304bf33645abee6d5b105ce53) Importer(815301076,1909f56bfc062723c751e8b465ee728b)
Start importing Assets/Scripts/MainMenu.cs using Guid(bec661b304bf33645abee6d5b105ce53) Importer(815301076,1909f56bfc062723c751e8b465ee728b) (PreviewImporter) -> (artifact id: '00000000000000000000000000000000') in 0.0005851 seconds
Import Error Code:(4)
Message: Build asset version error: assets/scripts/mainmenu.cs in SourceAssetDB has modification time of '2025-04-30T19:29:19.2731904Z' while content on disk has modification time of '2025-04-30T19:29:20.0365723Z'
  ERROR: Build asset version error: assets/scripts/mainmenu.cs in SourceAssetDB has modification time of '2025-04-30T19:29:19.2731904Z' while content on disk has modification time of '2025-04-30T19:29:20.0365723Z'
Number of updated asset objects reloaded before import = 0Number of asset objects unloaded after import = 0

========================================================================
Received Import Request.
  Time since last request: 0.000014 seconds.
  path: Assets/Scripts/MainMenu.cs
  artifactKey: Guid(bec661b304bf33645abee6d5b105ce53) Importer(815301076,1909f56bfc062723c751e8b465ee728b)
Start importing Assets/Scripts/MainMenu.cs using Guid(bec661b304bf33645abee6d5b105ce53) Importer(815301076,1909f56bfc062723c751e8b465ee728b) (PreviewImporter) -> (artifact id: '00000000000000000000000000000000') in 0.0005347 seconds
Import Error Code:(4)
Message: Build asset version error: assets/scripts/mainmenu.cs in SourceAssetDB has modification time of '2025-04-30T19:29:19.2731904Z' while content on disk has modification time of '2025-04-30T19:29:20.0365723Z'
  ERROR: Build asset version error: assets/scripts/mainmenu.cs in SourceAssetDB has modification time of '2025-04-30T19:29:19.2731904Z' while content on disk has modification time of '2025-04-30T19:29:20.0365723Z'
Number of updated asset objects reloaded before import = 0Number of asset objects unloaded after import = 0

========================================================================
Received Import Request.
  Time since last request: 0.000016 seconds.
  path: Assets/Scripts/MainMenu.cs
  artifactKey: Guid(bec661b304bf33645abee6d5b105ce53) Importer(815301076,1909f56bfc062723c751e8b465ee728b)
Start importing Assets/Scripts/MainMenu.cs using Guid(bec661b304bf33645abee6d5b105ce53) Importer(815301076,1909f56bfc062723c751e8b465ee728b) (PreviewImporter) -> (artifact id: '00000000000000000000000000000000') in 0.0005254 seconds
Import Error Code:(4)
Message: Build asset version error: assets/scripts/mainmenu.cs in SourceAssetDB has modification time of '2025-04-30T19:29:19.2731904Z' while content on disk has modification time of '2025-04-30T19:29:20.0365723Z'
  ERROR: Build asset version error: assets/scripts/mainmenu.cs in SourceAssetDB has modification time of '2025-04-30T19:29:19.2731904Z' while content on disk has modification time of '2025-04-30T19:29:20.0365723Z'
Number of updated asset objects reloaded before import = 0Number of asset objects unloaded after import = 0

========================================================================
Received Import Request.
  Time since last request: 0.000017 seconds.
  path: Assets/Scripts/MainMenu.cs
  artifactKey: Guid(bec661b304bf33645abee6d5b105ce53) Importer(815301076,1909f56bfc062723c751e8b465ee728b)
Start importing Assets/Scripts/MainMenu.cs using Guid(bec661b304bf33645abee6d5b105ce53) Importer(815301076,1909f56bfc062723c751e8b465ee728b) (PreviewImporter) -> (artifact id: '00000000000000000000000000000000') in 0.0005916 seconds
Import Error Code:(4)
Message: Build asset version error: assets/scripts/mainmenu.cs in SourceAssetDB has modification time of '2025-04-30T19:29:19.2731904Z' while content on disk has modification time of '2025-04-30T19:29:20.0365723Z'
  ERROR: Build asset version error: assets/scripts/mainmenu.cs in SourceAssetDB has modification time of '2025-04-30T19:29:19.2731904Z' while content on disk has modification time of '2025-04-30T19:29:20.0365723Z'
Number of updated asset objects reloaded before import = 0Number of asset objects unloaded after import = 0

========================================================================
Received Import Request.
  Time since last request: 0.000020 seconds.
  path: Assets/Scripts/MainMenu.cs
  artifactKey: Guid(bec661b304bf33645abee6d5b105ce53) Importer(815301076,1909f56bfc062723c751e8b465ee728b)
Start importing Assets/Scripts/MainMenu.cs using Guid(bec661b304bf33645abee6d5b105ce53) Importer(815301076,1909f56bfc062723c751e8b465ee728b) (PreviewImporter) -> (artifact id: '00000000000000000000000000000000') in 0.000787 seconds
Import Error Code:(4)
Message: Build asset version error: assets/scripts/mainmenu.cs in SourceAssetDB has modification time of '2025-04-30T19:29:19.2731904Z' while content on disk has modification time of '2025-04-30T19:29:20.0365723Z'
  ERROR: Build asset version error: assets/scripts/mainmenu.cs in SourceAssetDB has modification time of '2025-04-30T19:29:19.2731904Z' while content on disk has modification time of '2025-04-30T19:29:20.0365723Z'
Number of updated asset objects reloaded before import = 0Number of asset objects unloaded after import = 0

========================================================================
Received Import Request.
  Time since last request: 0.000018 seconds.
  path: Assets/Scripts/MainMenu.cs
  artifactKey: Guid(bec661b304bf33645abee6d5b105ce53) Importer(815301076,1909f56bfc062723c751e8b465ee728b)
Start importing Assets/Scripts/MainMenu.cs using Guid(bec661b304bf33645abee6d5b105ce53) Importer(815301076,1909f56bfc062723c751e8b465ee728b) (PreviewImporter) -> (artifact id: '00000000000000000000000000000000') in 0.0005159 seconds
Import Error Code:(4)
Message: Build asset version error: assets/scripts/mainmenu.cs in SourceAssetDB has modification time of '2025-04-30T19:29:19.2731904Z' while content on disk has modification time of '2025-04-30T19:29:20.0365723Z'
  ERROR: Build asset version error: assets/scripts/mainmenu.cs in SourceAssetDB has modification time of '2025-04-30T19:29:19.2731904Z' while content on disk has modification time of '2025-04-30T19:29:20.0365723Z'
Number of updated asset objects reloaded before import = 0Number of asset objects unloaded after import = 0

========================================================================
Received Import Request.
  Time since last request: 0.000027 seconds.
  path: Assets/Scripts/MainMenu.cs
  artifactKey: Guid(bec661b304bf33645abee6d5b105ce53) Importer(815301076,1909f56bfc062723c751e8b465ee728b)
Start importing Assets/Scripts/MainMenu.cs using Guid(bec661b304bf33645abee6d5b105ce53) Importer(815301076,1909f56bfc062723c751e8b465ee728b) (PreviewImporter) -> (artifact id: '00000000000000000000000000000000') in 0.0004694 seconds
Import Error Code:(4)
Message: Build asset version error: assets/scripts/mainmenu.cs in SourceAssetDB has modification time of '2025-04-30T19:29:19.2731904Z' while content on disk has modification time of '2025-04-30T19:29:20.0365723Z'
  ERROR: Build asset version error: assets/scripts/mainmenu.cs in SourceAssetDB has modification time of '2025-04-30T19:29:19.2731904Z' while content on disk has modification time of '2025-04-30T19:29:20.0365723Z'
Number of updated asset objects reloaded before import = 0Number of asset objects unloaded after import = 0

========================================================================
Received Import Request.
  Time since last request: 0.000012 seconds.
  path: Assets/Scripts/MainMenu.cs
  artifactKey: Guid(bec661b304bf33645abee6d5b105ce53) Importer(815301076,1909f56bfc062723c751e8b465ee728b)
Start importing Assets/Scripts/MainMenu.cs using Guid(bec661b304bf33645abee6d5b105ce53) Importer(815301076,1909f56bfc062723c751e8b465ee728b) (PreviewImporter) -> (artifact id: '00000000000000000000000000000000') in 0.0007402 seconds
Import Error Code:(4)
Message: Build asset version error: assets/scripts/mainmenu.cs in SourceAssetDB has modification time of '2025-04-30T19:29:19.2731904Z' while content on disk has modification time of '2025-04-30T19:29:20.0365723Z'
  ERROR: Build asset version error: assets/scripts/mainmenu.cs in SourceAssetDB has modification time of '2025-04-30T19:29:19.2731904Z' while content on disk has modification time of '2025-04-30T19:29:20.0365723Z'
Number of updated asset objects reloaded before import = 0Number of asset objects unloaded after import = 0

========================================================================
Received Import Request.
  Time since last request: 0.000015 seconds.
  path: Assets/Scripts/MainMenu.cs
  artifactKey: Guid(bec661b304bf33645abee6d5b105ce53) Importer(815301076,1909f56bfc062723c751e8b465ee728b)
Start importing Assets/Scripts/MainMenu.cs using Guid(bec661b304bf33645abee6d5b105ce53) Importer(815301076,1909f56bfc062723c751e8b465ee728b) (PreviewImporter) -> (artifact id: '00000000000000000000000000000000') in 0.000576 seconds
Import Error Code:(4)
Message: Build asset version error: assets/scripts/mainmenu.cs in SourceAssetDB has modification time of '2025-04-30T19:29:19.2731904Z' while content on disk has modification time of '2025-04-30T19:29:20.0365723Z'
  ERROR: Build asset version error: assets/scripts/mainmenu.cs in SourceAssetDB has modification time of '2025-04-30T19:29:19.2731904Z' while content on disk has modification time of '2025-04-30T19:29:20.0365723Z'
Number of updated asset objects reloaded before import = 0Number of asset objects unloaded after import = 0

========================================================================
Received Import Request.
  Time since last request: 0.000016 seconds.
  path: Assets/Scripts/MainMenu.cs
  artifactKey: Guid(bec661b304bf33645abee6d5b105ce53) Importer(815301076,1909f56bfc062723c751e8b465ee728b)
Start importing Assets/Scripts/MainMenu.cs using Guid(bec661b304bf33645abee6d5b105ce53) Importer(815301076,1909f56bfc062723c751e8b465ee728b) (PreviewImporter) -> (artifact id: '00000000000000000000000000000000') in 0.0005266 seconds
Import Error Code:(4)
Message: Build asset version error: assets/scripts/mainmenu.cs in SourceAssetDB has modification time of '2025-04-30T19:29:19.2731904Z' while content on disk has modification time of '2025-04-30T19:29:20.0365723Z'
  ERROR: Build asset version error: assets/scripts/mainmenu.cs in SourceAssetDB has modification time of '2025-04-30T19:29:19.2731904Z' while content on disk has modification time of '2025-04-30T19:29:20.0365723Z'
Number of updated asset objects reloaded before import = 0Number of asset objects unloaded after import = 0

========================================================================
Received Import Request.
  Time since last request: 0.000017 seconds.
  path: Assets/Scripts/MainMenu.cs
  artifactKey: Guid(bec661b304bf33645abee6d5b105ce53) Importer(815301076,1909f56bfc062723c751e8b465ee728b)
Start importing Assets/Scripts/MainMenu.cs using Guid(bec661b304bf33645abee6d5b105ce53) Importer(815301076,1909f56bfc062723c751e8b465ee728b) (PreviewImporter) -> (artifact id: '00000000000000000000000000000000') in 0.0005287 seconds
Import Error Code:(4)
Message: Build asset version error: assets/scripts/mainmenu.cs in SourceAssetDB has modification time of '2025-04-30T19:29:19.2731904Z' while content on disk has modification time of '2025-04-30T19:29:20.0365723Z'
  ERROR: Build asset version error: assets/scripts/mainmenu.cs in SourceAssetDB has modification time of '2025-04-30T19:29:19.2731904Z' while content on disk has modification time of '2025-04-30T19:29:20.0365723Z'
Number of updated asset objects reloaded before import = 0Number of asset objects unloaded after import = 0

========================================================================
Received Import Request.
  Time since last request: 0.000013 seconds.
  path: Assets/Scripts/MainMenu.cs
  artifactKey: Guid(bec661b304bf33645abee6d5b105ce53) Importer(815301076,1909f56bfc062723c751e8b465ee728b)
Start importing Assets/Scripts/MainMenu.cs using Guid(bec661b304bf33645abee6d5b105ce53) Importer(815301076,1909f56bfc062723c751e8b465ee728b) (PreviewImporter) -> (artifact id: '00000000000000000000000000000000') in 0.0004827 seconds
Import Error Code:(4)
Message: Build asset version error: assets/scripts/mainmenu.cs in SourceAssetDB has modification time of '2025-04-30T19:29:19.2731904Z' while content on disk has modification time of '2025-04-30T19:29:20.0365723Z'
  ERROR: Build asset version error: assets/scripts/mainmenu.cs in SourceAssetDB has modification time of '2025-04-30T19:29:19.2731904Z' while content on disk has modification time of '2025-04-30T19:29:20.0365723Z'
Number of updated asset objects reloaded before import = 0Number of asset objects unloaded after import = 0

========================================================================
Received Import Request.
  Time since last request: 0.000013 seconds.
  path: Assets/Scripts/MainMenu.cs
  artifactKey: Guid(bec661b304bf33645abee6d5b105ce53) Importer(815301076,1909f56bfc062723c751e8b465ee728b)
Start importing Assets/Scripts/MainMenu.cs using Guid(bec661b304bf33645abee6d5b105ce53) Importer(815301076,1909f56bfc062723c751e8b465ee728b) (PreviewImporter) -> (artifact id: '00000000000000000000000000000000') in 0.0005282 seconds
Import Error Code:(4)
Message: Build asset version error: assets/scripts/mainmenu.cs in SourceAssetDB has modification time of '2025-04-30T19:29:19.2731904Z' while content on disk has modification time of '2025-04-30T19:29:20.0365723Z'
  ERROR: Build asset version error: assets/scripts/mainmenu.cs in SourceAssetDB has modification time of '2025-04-30T19:29:19.2731904Z' while content on disk has modification time of '2025-04-30T19:29:20.0365723Z'
Number of updated asset objects reloaded before import = 0Number of asset objects unloaded after import = 0

========================================================================
Received Import Request.
  Time since last request: 0.000016 seconds.
  path: Assets/Scripts/MainMenu.cs
  artifactKey: Guid(bec661b304bf33645abee6d5b105ce53) Importer(815301076,1909f56bfc062723c751e8b465ee728b)
Start importing Assets/Scripts/MainMenu.cs using Guid(bec661b304bf33645abee6d5b105ce53) Importer(815301076,1909f56bfc062723c751e8b465ee728b) (PreviewImporter) -> (artifact id: '00000000000000000000000000000000') in 0.0005306 seconds
Import Error Code:(4)
Message: Build asset version error: assets/scripts/mainmenu.cs in SourceAssetDB has modification time of '2025-04-30T19:29:19.2731904Z' while content on disk has modification time of '2025-04-30T19:29:20.0365723Z'
  ERROR: Build asset version error: assets/scripts/mainmenu.cs in SourceAssetDB has modification time of '2025-04-30T19:29:19.2731904Z' while content on disk has modification time of '2025-04-30T19:29:20.0365723Z'
Number of updated asset objects reloaded before import = 0Number of asset objects unloaded after import = 0

========================================================================
Received Import Request.
  Time since last request: 0.000016 seconds.
  path: Assets/Scripts/MainMenu.cs
  artifactKey: Guid(bec661b304bf33645abee6d5b105ce53) Importer(815301076,1909f56bfc062723c751e8b465ee728b)
Start importing Assets/Scripts/MainMenu.cs using Guid(bec661b304bf33645abee6d5b105ce53) Importer(815301076,1909f56bfc062723c751e8b465ee728b) (PreviewImporter) -> (artifact id: '00000000000000000000000000000000') in 0.0004954 seconds
Import Error Code:(4)
Message: Build asset version error: assets/scripts/mainmenu.cs in SourceAssetDB has modification time of '2025-04-30T19:29:19.2731904Z' while content on disk has modification time of '2025-04-30T19:29:20.0365723Z'
  ERROR: Build asset version error: assets/scripts/mainmenu.cs in SourceAssetDB has modification time of '2025-04-30T19:29:19.2731904Z' while content on disk has modification time of '2025-04-30T19:29:20.0365723Z'
Number of updated asset objects reloaded before import = 0Number of asset objects unloaded after import = 0

========================================================================
Received Import Request.
  Time since last request: 0.000022 seconds.
  path: Assets/Scripts/MainMenu.cs
  artifactKey: Guid(bec661b304bf33645abee6d5b105ce53) Importer(815301076,1909f56bfc062723c751e8b465ee728b)
Start importing Assets/Scripts/MainMenu.cs using Guid(bec661b304bf33645abee6d5b105ce53) Importer(815301076,1909f56bfc062723c751e8b465ee728b) (PreviewImporter) -> (artifact id: '00000000000000000000000000000000') in 0.0004737 seconds
Import Error Code:(4)
Message: Build asset version error: assets/scripts/mainmenu.cs in SourceAssetDB has modification time of '2025-04-30T19:29:19.2731904Z' while content on disk has modification time of '2025-04-30T19:29:20.0365723Z'
  ERROR: Build asset version error: assets/scripts/mainmenu.cs in SourceAssetDB has modification time of '2025-04-30T19:29:19.2731904Z' while content on disk has modification time of '2025-04-30T19:29:20.0365723Z'
Number of updated asset objects reloaded before import = 0Number of asset objects unloaded after import = 0

========================================================================
Received Import Request.
  Time since last request: 0.000032 seconds.
  path: Assets/Scripts/MainMenu.cs
  artifactKey: Guid(bec661b304bf33645abee6d5b105ce53) Importer(815301076,1909f56bfc062723c751e8b465ee728b)
Start importing Assets/Scripts/MainMenu.cs using Guid(bec661b304bf33645abee6d5b105ce53) Importer(815301076,1909f56bfc062723c751e8b465ee728b) (PreviewImporter) -> (artifact id: '00000000000000000000000000000000') in 0.0005191 seconds
Import Error Code:(4)
Message: Build asset version error: assets/scripts/mainmenu.cs in SourceAssetDB has modification time of '2025-04-30T19:29:19.2731904Z' while content on disk has modification time of '2025-04-30T19:29:20.0365723Z'
  ERROR: Build asset version error: assets/scripts/mainmenu.cs in SourceAssetDB has modification time of '2025-04-30T19:29:19.2731904Z' while content on disk has modification time of '2025-04-30T19:29:20.0365723Z'
Number of updated asset objects reloaded before import = 0Number of asset objects unloaded after import = 0

========================================================================
Received Import Request.
  Time since last request: 0.000016 seconds.
  path: Assets/Scripts/MainMenu.cs
  artifactKey: Guid(bec661b304bf33645abee6d5b105ce53) Importer(815301076,1909f56bfc062723c751e8b465ee728b)
Start importing Assets/Scripts/MainMenu.cs using Guid(bec661b304bf33645abee6d5b105ce53) Importer(815301076,1909f56bfc062723c751e8b465ee728b) (PreviewImporter) -> (artifact id: '00000000000000000000000000000000') in 0.0005777 seconds
Import Error Code:(4)
Message: Build asset version error: assets/scripts/mainmenu.cs in SourceAssetDB has modification time of '2025-04-30T19:29:19.2731904Z' while content on disk has modification time of '2025-04-30T19:29:20.0365723Z'
  ERROR: Build asset version error: assets/scripts/mainmenu.cs in SourceAssetDB has modification time of '2025-04-30T19:29:19.2731904Z' while content on disk has modification time of '2025-04-30T19:29:20.0365723Z'
Number of updated asset objects reloaded before import = 0Number of asset objects unloaded after import = 0

========================================================================
Received Import Request.
  Time since last request: 0.000017 seconds.
  path: Assets/Scripts/MainMenu.cs
  artifactKey: Guid(bec661b304bf33645abee6d5b105ce53) Importer(815301076,1909f56bfc062723c751e8b465ee728b)
Start importing Assets/Scripts/MainMenu.cs using Guid(bec661b304bf33645abee6d5b105ce53) Importer(815301076,1909f56bfc062723c751e8b465ee728b) (PreviewImporter) -> (artifact id: '00000000000000000000000000000000') in 0.0005763 seconds
Import Error Code:(4)
Message: Build asset version error: assets/scripts/mainmenu.cs in SourceAssetDB has modification time of '2025-04-30T19:29:19.2731904Z' while content on disk has modification time of '2025-04-30T19:29:20.0365723Z'
  ERROR: Build asset version error: assets/scripts/mainmenu.cs in SourceAssetDB has modification time of '2025-04-30T19:29:19.2731904Z' while content on disk has modification time of '2025-04-30T19:29:20.0365723Z'
Number of updated asset objects reloaded before import = 0Number of asset objects unloaded after import = 0

========================================================================
Received Import Request.
  Time since last request: 0.000016 seconds.
  path: Assets/Scripts/MainMenu.cs
  artifactKey: Guid(bec661b304bf33645abee6d5b105ce53) Importer(815301076,1909f56bfc062723c751e8b465ee728b)
Start importing Assets/Scripts/MainMenu.cs using Guid(bec661b304bf33645abee6d5b105ce53) Importer(815301076,1909f56bfc062723c751e8b465ee728b) (PreviewImporter) -> (artifact id: '00000000000000000000000000000000') in 0.0006063 seconds
Import Error Code:(4)
Message: Build asset version error: assets/scripts/mainmenu.cs in SourceAssetDB has modification time of '2025-04-30T19:29:19.2731904Z' while content on disk has modification time of '2025-04-30T19:29:20.0365723Z'
  ERROR: Build asset version error: assets/scripts/mainmenu.cs in SourceAssetDB has modification time of '2025-04-30T19:29:19.2731904Z' while content on disk has modification time of '2025-04-30T19:29:20.0365723Z'
Number of updated asset objects reloaded before import = 0Number of asset objects unloaded after import = 0

========================================================================
Received Import Request.
  Time since last request: 0.000017 seconds.
  path: Assets/Scripts/MainMenu.cs
  artifactKey: Guid(bec661b304bf33645abee6d5b105ce53) Importer(815301076,1909f56bfc062723c751e8b465ee728b)
Start importing Assets/Scripts/MainMenu.cs using Guid(bec661b304bf33645abee6d5b105ce53) Importer(815301076,1909f56bfc062723c751e8b465ee728b) (PreviewImporter) -> (artifact id: '00000000000000000000000000000000') in 0.0005557 seconds
Import Error Code:(4)
Message: Build asset version error: assets/scripts/mainmenu.cs in SourceAssetDB has modification time of '2025-04-30T19:29:19.2731904Z' while content on disk has modification time of '2025-04-30T19:29:20.0365723Z'
  ERROR: Build asset version error: assets/scripts/mainmenu.cs in SourceAssetDB has modification time of '2025-04-30T19:29:19.2731904Z' while content on disk has modification time of '2025-04-30T19:29:20.0365723Z'
Number of updated asset objects reloaded before import = 0Number of asset objects unloaded after import = 0

========================================================================
Received Import Request.
  Time since last request: 0.000021 seconds.
  path: Assets/Scripts/MainMenu.cs
  artifactKey: Guid(bec661b304bf33645abee6d5b105ce53) Importer(815301076,1909f56bfc062723c751e8b465ee728b)
Start importing Assets/Scripts/MainMenu.cs using Guid(bec661b304bf33645abee6d5b105ce53) Importer(815301076,1909f56bfc062723c751e8b465ee728b) (PreviewImporter) -> (artifact id: '00000000000000000000000000000000') in 0.0005098 seconds
Import Error Code:(4)
Message: Build asset version error: assets/scripts/mainmenu.cs in SourceAssetDB has modification time of '2025-04-30T19:29:19.2731904Z' while content on disk has modification time of '2025-04-30T19:29:20.0365723Z'
  ERROR: Build asset version error: assets/scripts/mainmenu.cs in SourceAssetDB has modification time of '2025-04-30T19:29:19.2731904Z' while content on disk has modification time of '2025-04-30T19:29:20.0365723Z'
Number of updated asset objects reloaded before import = 0Number of asset objects unloaded after import = 0

========================================================================
Received Import Request.
  Time since last request: 0.004122 seconds.
  path: Assets/Scripts/MainMenu.cs
  artifactKey: Guid(bec661b304bf33645abee6d5b105ce53) Importer(815301076,1909f56bfc062723c751e8b465ee728b)
Start importing Assets/Scripts/MainMenu.cs using Guid(bec661b304bf33645abee6d5b105ce53) Importer(815301076,1909f56bfc062723c751e8b465ee728b) (PreviewImporter) -> (artifact id: '00000000000000000000000000000000') in 0.000834 seconds
Import Error Code:(4)
Message: Build asset version error: assets/scripts/mainmenu.cs in SourceAssetDB has modification time of '2025-04-30T19:29:19.2731904Z' while content on disk has modification time of '2025-04-30T19:29:20.0365723Z'
  ERROR: Build asset version error: assets/scripts/mainmenu.cs in SourceAssetDB has modification time of '2025-04-30T19:29:19.2731904Z' while content on disk has modification time of '2025-04-30T19:29:20.0365723Z'
Number of updated asset objects reloaded before import = 0Number of asset objects unloaded after import = 0

========================================================================
Received Import Request.
  Time since last request: 0.000018 seconds.
  path: Assets/Scripts/MainMenu.cs
  artifactKey: Guid(bec661b304bf33645abee6d5b105ce53) Importer(815301076,1909f56bfc062723c751e8b465ee728b)
Start importing Assets/Scripts/MainMenu.cs using Guid(bec661b304bf33645abee6d5b105ce53) Importer(815301076,1909f56bfc062723c751e8b465ee728b) (PreviewImporter) -> (artifact id: '00000000000000000000000000000000') in 0.0005444 seconds
Import Error Code:(4)
Message: Build asset version error: assets/scripts/mainmenu.cs in SourceAssetDB has modification time of '2025-04-30T19:29:19.2731904Z' while content on disk has modification time of '2025-04-30T19:29:20.0365723Z'
  ERROR: Build asset version error: assets/scripts/mainmenu.cs in SourceAssetDB has modification time of '2025-04-30T19:29:19.2731904Z' while content on disk has modification time of '2025-04-30T19:29:20.0365723Z'
Number of updated asset objects reloaded before import = 0Number of asset objects unloaded after import = 0

========================================================================
Received Import Request.
  Time since last request: 0.000028 seconds.
  path: Assets/Scripts/MainMenu.cs
  artifactKey: Guid(bec661b304bf33645abee6d5b105ce53) Importer(815301076,1909f56bfc062723c751e8b465ee728b)
Start importing Assets/Scripts/MainMenu.cs using Guid(bec661b304bf33645abee6d5b105ce53) Importer(815301076,1909f56bfc062723c751e8b465ee728b) (PreviewImporter) -> (artifact id: '00000000000000000000000000000000') in 0.0006234 seconds
Import Error Code:(4)
Message: Build asset version error: assets/scripts/mainmenu.cs in SourceAssetDB has modification time of '2025-04-30T19:29:19.2731904Z' while content on disk has modification time of '2025-04-30T19:29:20.0365723Z'
  ERROR: Build asset version error: assets/scripts/mainmenu.cs in SourceAssetDB has modification time of '2025-04-30T19:29:19.2731904Z' while content on disk has modification time of '2025-04-30T19:29:20.0365723Z'
Number of updated asset objects reloaded before import = 0Number of asset objects unloaded after import = 0

========================================================================
Received Import Request.
  Time since last request: 0.000016 seconds.
  path: Assets/Scripts/MainMenu.cs
  artifactKey: Guid(bec661b304bf33645abee6d5b105ce53) Importer(815301076,1909f56bfc062723c751e8b465ee728b)
Start importing Assets/Scripts/MainMenu.cs using Guid(bec661b304bf33645abee6d5b105ce53) Importer(815301076,1909f56bfc062723c751e8b465ee728b) (PreviewImporter) -> (artifact id: '00000000000000000000000000000000') in 0.0005305 seconds
Import Error Code:(4)
Message: Build asset version error: assets/scripts/mainmenu.cs in SourceAssetDB has modification time of '2025-04-30T19:29:19.2731904Z' while content on disk has modification time of '2025-04-30T19:29:20.0365723Z'
  ERROR: Build asset version error: assets/scripts/mainmenu.cs in SourceAssetDB has modification time of '2025-04-30T19:29:19.2731904Z' while content on disk has modification time of '2025-04-30T19:29:20.0365723Z'
Number of updated asset objects reloaded before import = 0Number of asset objects unloaded after import = 0

========================================================================
Received Import Request.
  Time since last request: 0.000017 seconds.
  path: Assets/Scripts/MainMenu.cs
  artifactKey: Guid(bec661b304bf33645abee6d5b105ce53) Importer(815301076,1909f56bfc062723c751e8b465ee728b)
Start importing Assets/Scripts/MainMenu.cs using Guid(bec661b304bf33645abee6d5b105ce53) Importer(815301076,1909f56bfc062723c751e8b465ee728b) (PreviewImporter) -> (artifact id: '00000000000000000000000000000000') in 0.0007444 seconds
Import Error Code:(4)
Message: Build asset version error: assets/scripts/mainmenu.cs in SourceAssetDB has modification time of '2025-04-30T19:29:19.2731904Z' while content on disk has modification time of '2025-04-30T19:29:20.0365723Z'
  ERROR: Build asset version error: assets/scripts/mainmenu.cs in SourceAssetDB has modification time of '2025-04-30T19:29:19.2731904Z' while content on disk has modification time of '2025-04-30T19:29:20.0365723Z'
Number of updated asset objects reloaded before import = 0Number of asset objects unloaded after import = 0

========================================================================
Received Import Request.
  Time since last request: 0.000021 seconds.
  path: Assets/Scripts/MainMenu.cs
  artifactKey: Guid(bec661b304bf33645abee6d5b105ce53) Importer(815301076,1909f56bfc062723c751e8b465ee728b)
Start importing Assets/Scripts/MainMenu.cs using Guid(bec661b304bf33645abee6d5b105ce53) Importer(815301076,1909f56bfc062723c751e8b465ee728b) (PreviewImporter) -> (artifact id: '00000000000000000000000000000000') in 0.0005252 seconds
Import Error Code:(4)
Message: Build asset version error: assets/scripts/mainmenu.cs in SourceAssetDB has modification time of '2025-04-30T19:29:19.2731904Z' while content on disk has modification time of '2025-04-30T19:29:20.0365723Z'
  ERROR: Build asset version error: assets/scripts/mainmenu.cs in SourceAssetDB has modification time of '2025-04-30T19:29:19.2731904Z' while content on disk has modification time of '2025-04-30T19:29:20.0365723Z'
Number of updated asset objects reloaded before import = 0Number of asset objects unloaded after import = 0

========================================================================
Received Import Request.
  Time since last request: 0.000016 seconds.
  path: Assets/Scripts/MainMenu.cs
  artifactKey: Guid(bec661b304bf33645abee6d5b105ce53) Importer(815301076,1909f56bfc062723c751e8b465ee728b)
Start importing Assets/Scripts/MainMenu.cs using Guid(bec661b304bf33645abee6d5b105ce53) Importer(815301076,1909f56bfc062723c751e8b465ee728b) (PreviewImporter) -> (artifact id: '00000000000000000000000000000000') in 0.0005036 seconds
Import Error Code:(4)
Message: Build asset version error: assets/scripts/mainmenu.cs in SourceAssetDB has modification time of '2025-04-30T19:29:19.2731904Z' while content on disk has modification time of '2025-04-30T19:29:20.0365723Z'
  ERROR: Build asset version error: assets/scripts/mainmenu.cs in SourceAssetDB has modification time of '2025-04-30T19:29:19.2731904Z' while content on disk has modification time of '2025-04-30T19:29:20.0365723Z'
Number of updated asset objects reloaded before import = 0Number of asset objects unloaded after import = 0

========================================================================
Received Import Request.
  Time since last request: 0.000020 seconds.
  path: Assets/Scripts/MainMenu.cs
  artifactKey: Guid(bec661b304bf33645abee6d5b105ce53) Importer(815301076,1909f56bfc062723c751e8b465ee728b)
Start importing Assets/Scripts/MainMenu.cs using Guid(bec661b304bf33645abee6d5b105ce53) Importer(815301076,1909f56bfc062723c751e8b465ee728b) (PreviewImporter) -> (artifact id: '00000000000000000000000000000000') in 0.0005298 seconds
Import Error Code:(4)
Message: Build asset version error: assets/scripts/mainmenu.cs in SourceAssetDB has modification time of '2025-04-30T19:29:19.2731904Z' while content on disk has modification time of '2025-04-30T19:29:20.0365723Z'
  ERROR: Build asset version error: assets/scripts/mainmenu.cs in SourceAssetDB has modification time of '2025-04-30T19:29:19.2731904Z' while content on disk has modification time of '2025-04-30T19:29:20.0365723Z'
Number of updated asset objects reloaded before import = 0Number of asset objects unloaded after import = 0

========================================================================
Received Import Request.
  Time since last request: 0.000014 seconds.
  path: Assets/Scripts/MainMenu.cs
  artifactKey: Guid(bec661b304bf33645abee6d5b105ce53) Importer(815301076,1909f56bfc062723c751e8b465ee728b)
Start importing Assets/Scripts/MainMenu.cs using Guid(bec661b304bf33645abee6d5b105ce53) Importer(815301076,1909f56bfc062723c751e8b465ee728b) (PreviewImporter) -> (artifact id: '00000000000000000000000000000000') in 0.0005663 seconds
Import Error Code:(4)
Message: Build asset version error: assets/scripts/mainmenu.cs in SourceAssetDB has modification time of '2025-04-30T19:29:19.2731904Z' while content on disk has modification time of '2025-04-30T19:29:20.0365723Z'
  ERROR: Build asset version error: assets/scripts/mainmenu.cs in SourceAssetDB has modification time of '2025-04-30T19:29:19.2731904Z' while content on disk has modification time of '2025-04-30T19:29:20.0365723Z'
Number of updated asset objects reloaded before import = 0Number of asset objects unloaded after import = 0

========================================================================
Received Import Request.
  Time since last request: 0.000017 seconds.
  path: Assets/Scripts/MainMenu.cs
  artifactKey: Guid(bec661b304bf33645abee6d5b105ce53) Importer(815301076,1909f56bfc062723c751e8b465ee728b)
Start importing Assets/Scripts/MainMenu.cs using Guid(bec661b304bf33645abee6d5b105ce53) Importer(815301076,1909f56bfc062723c751e8b465ee728b) (PreviewImporter) -> (artifact id: '00000000000000000000000000000000') in 0.0005346 seconds
Import Error Code:(4)
Message: Build asset version error: assets/scripts/mainmenu.cs in SourceAssetDB has modification time of '2025-04-30T19:29:19.2731904Z' while content on disk has modification time of '2025-04-30T19:29:20.0365723Z'
  ERROR: Build asset version error: assets/scripts/mainmenu.cs in SourceAssetDB has modification time of '2025-04-30T19:29:19.2731904Z' while content on disk has modification time of '2025-04-30T19:29:20.0365723Z'
Number of updated asset objects reloaded before import = 0Number of asset objects unloaded after import = 0

========================================================================
Received Import Request.
  Time since last request: 0.000014 seconds.
  path: Assets/Scripts/MainMenu.cs
  artifactKey: Guid(bec661b304bf33645abee6d5b105ce53) Importer(815301076,1909f56bfc062723c751e8b465ee728b)
Start importing Assets/Scripts/MainMenu.cs using Guid(bec661b304bf33645abee6d5b105ce53) Importer(815301076,1909f56bfc062723c751e8b465ee728b) (PreviewImporter) -> (artifact id: '00000000000000000000000000000000') in 0.000541 seconds
Import Error Code:(4)
Message: Build asset version error: assets/scripts/mainmenu.cs in SourceAssetDB has modification time of '2025-04-30T19:29:19.2731904Z' while content on disk has modification time of '2025-04-30T19:29:20.0365723Z'
  ERROR: Build asset version error: assets/scripts/mainmenu.cs in SourceAssetDB has modification time of '2025-04-30T19:29:19.2731904Z' while content on disk has modification time of '2025-04-30T19:29:20.0365723Z'
Number of updated asset objects reloaded before import = 0Number of asset objects unloaded after import = 0

========================================================================
Received Import Request.
  Time since last request: 0.000027 seconds.
  path: Assets/Scripts/MainMenu.cs
  artifactKey: Guid(bec661b304bf33645abee6d5b105ce53) Importer(815301076,1909f56bfc062723c751e8b465ee728b)
Start importing Assets/Scripts/MainMenu.cs using Guid(bec661b304bf33645abee6d5b105ce53) Importer(815301076,1909f56bfc062723c751e8b465ee728b) (PreviewImporter) -> (artifact id: '00000000000000000000000000000000') in 0.0005528 seconds
Import Error Code:(4)
Message: Build asset version error: assets/scripts/mainmenu.cs in SourceAssetDB has modification time of '2025-04-30T19:29:19.2731904Z' while content on disk has modification time of '2025-04-30T19:29:20.0365723Z'
  ERROR: Build asset version error: assets/scripts/mainmenu.cs in SourceAssetDB has modification time of '2025-04-30T19:29:19.2731904Z' while content on disk has modification time of '2025-04-30T19:29:20.0365723Z'
Number of updated asset objects reloaded before import = 0Number of asset objects unloaded after import = 0

========================================================================
Received Import Request.
  Time since last request: 0.000016 seconds.
  path: Assets/Scripts/MainMenu.cs
  artifactKey: Guid(bec661b304bf33645abee6d5b105ce53) Importer(815301076,1909f56bfc062723c751e8b465ee728b)
Start importing Assets/Scripts/MainMenu.cs using Guid(bec661b304bf33645abee6d5b105ce53) Importer(815301076,1909f56bfc062723c751e8b465ee728b) (PreviewImporter) -> (artifact id: '00000000000000000000000000000000') in 0.0005122 seconds
Import Error Code:(4)
Message: Build asset version error: assets/scripts/mainmenu.cs in SourceAssetDB has modification time of '2025-04-30T19:29:19.2731904Z' while content on disk has modification time of '2025-04-30T19:29:20.0365723Z'
  ERROR: Build asset version error: assets/scripts/mainmenu.cs in SourceAssetDB has modification time of '2025-04-30T19:29:19.2731904Z' while content on disk has modification time of '2025-04-30T19:29:20.0365723Z'
Number of updated asset objects reloaded before import = 0Number of asset objects unloaded after import = 0

========================================================================
Received Import Request.
  Time since last request: 0.000016 seconds.
  path: Assets/Scripts/MainMenu.cs
  artifactKey: Guid(bec661b304bf33645abee6d5b105ce53) Importer(815301076,1909f56bfc062723c751e8b465ee728b)
Start importing Assets/Scripts/MainMenu.cs using Guid(bec661b304bf33645abee6d5b105ce53) Importer(815301076,1909f56bfc062723c751e8b465ee728b) (PreviewImporter) -> (artifact id: '00000000000000000000000000000000') in 0.00052 seconds
Import Error Code:(4)
Message: Build asset version error: assets/scripts/mainmenu.cs in SourceAssetDB has modification time of '2025-04-30T19:29:19.2731904Z' while content on disk has modification time of '2025-04-30T19:29:20.0365723Z'
  ERROR: Build asset version error: assets/scripts/mainmenu.cs in SourceAssetDB has modification time of '2025-04-30T19:29:19.2731904Z' while content on disk has modification time of '2025-04-30T19:29:20.0365723Z'
Number of updated asset objects reloaded before import = 0Number of asset objects unloaded after import = 0

========================================================================
Received Import Request.
  Time since last request: 0.000012 seconds.
  path: Assets/Scripts/MainMenu.cs
  artifactKey: Guid(bec661b304bf33645abee6d5b105ce53) Importer(815301076,1909f56bfc062723c751e8b465ee728b)
Start importing Assets/Scripts/MainMenu.cs using Guid(bec661b304bf33645abee6d5b105ce53) Importer(815301076,1909f56bfc062723c751e8b465ee728b) (PreviewImporter) -> (artifact id: '00000000000000000000000000000000') in 0.0005274 seconds
Import Error Code:(4)
Message: Build asset version error: assets/scripts/mainmenu.cs in SourceAssetDB has modification time of '2025-04-30T19:29:19.2731904Z' while content on disk has modification time of '2025-04-30T19:29:20.0365723Z'
  ERROR: Build asset version error: assets/scripts/mainmenu.cs in SourceAssetDB has modification time of '2025-04-30T19:29:19.2731904Z' while content on disk has modification time of '2025-04-30T19:29:20.0365723Z'
Number of updated asset objects reloaded before import = 0Number of asset objects unloaded after import = 0

========================================================================
Received Import Request.
  Time since last request: 0.000016 seconds.
  path: Assets/Scripts/MainMenu.cs
  artifactKey: Guid(bec661b304bf33645abee6d5b105ce53) Importer(815301076,1909f56bfc062723c751e8b465ee728b)
Start importing Assets/Scripts/MainMenu.cs using Guid(bec661b304bf33645abee6d5b105ce53) Importer(815301076,1909f56bfc062723c751e8b465ee728b) (PreviewImporter) -> (artifact id: '00000000000000000000000000000000') in 0.0005706 seconds
Import Error Code:(4)
Message: Build asset version error: assets/scripts/mainmenu.cs in SourceAssetDB has modification time of '2025-04-30T19:29:19.2731904Z' while content on disk has modification time of '2025-04-30T19:29:20.0365723Z'
  ERROR: Build asset version error: assets/scripts/mainmenu.cs in SourceAssetDB has modification time of '2025-04-30T19:29:19.2731904Z' while content on disk has modification time of '2025-04-30T19:29:20.0365723Z'
Number of updated asset objects reloaded before import = 0Number of asset objects unloaded after import = 0

========================================================================
Received Import Request.
  Time since last request: 0.000012 seconds.
  path: Assets/Scripts/MainMenu.cs
  artifactKey: Guid(bec661b304bf33645abee6d5b105ce53) Importer(815301076,1909f56bfc062723c751e8b465ee728b)
Start importing Assets/Scripts/MainMenu.cs using Guid(bec661b304bf33645abee6d5b105ce53) Importer(815301076,1909f56bfc062723c751e8b465ee728b) (PreviewImporter) -> (artifact id: '00000000000000000000000000000000') in 0.0005442 seconds
Import Error Code:(4)
Message: Build asset version error: assets/scripts/mainmenu.cs in SourceAssetDB has modification time of '2025-04-30T19:29:19.2731904Z' while content on disk has modification time of '2025-04-30T19:29:20.0365723Z'
  ERROR: Build asset version error: assets/scripts/mainmenu.cs in SourceAssetDB has modification time of '2025-04-30T19:29:19.2731904Z' while content on disk has modification time of '2025-04-30T19:29:20.0365723Z'
Number of updated asset objects reloaded before import = 0Number of asset objects unloaded after import = 0

========================================================================
Received Import Request.
  Time since last request: 0.000013 seconds.
  path: Assets/Scripts/MainMenu.cs
  artifactKey: Guid(bec661b304bf33645abee6d5b105ce53) Importer(815301076,1909f56bfc062723c751e8b465ee728b)
Start importing Assets/Scripts/MainMenu.cs using Guid(bec661b304bf33645abee6d5b105ce53) Importer(815301076,1909f56bfc062723c751e8b465ee728b) (PreviewImporter) -> (artifact id: '00000000000000000000000000000000') in 0.0005072 seconds
Import Error Code:(4)
Message: Build asset version error: assets/scripts/mainmenu.cs in SourceAssetDB has modification time of '2025-04-30T19:29:19.2731904Z' while content on disk has modification time of '2025-04-30T19:29:20.0365723Z'
  ERROR: Build asset version error: assets/scripts/mainmenu.cs in SourceAssetDB has modification time of '2025-04-30T19:29:19.2731904Z' while content on disk has modification time of '2025-04-30T19:29:20.0365723Z'
Number of updated asset objects reloaded before import = 0Number of asset objects unloaded after import = 0

========================================================================
Received Import Request.
  Time since last request: 0.000015 seconds.
  path: Assets/Scripts/MainMenu.cs
  artifactKey: Guid(bec661b304bf33645abee6d5b105ce53) Importer(815301076,1909f56bfc062723c751e8b465ee728b)
Start importing Assets/Scripts/MainMenu.cs using Guid(bec661b304bf33645abee6d5b105ce53) Importer(815301076,1909f56bfc062723c751e8b465ee728b) (PreviewImporter) -> (artifact id: '00000000000000000000000000000000') in 0.0005774 seconds
Import Error Code:(4)
Message: Build asset version error: assets/scripts/mainmenu.cs in SourceAssetDB has modification time of '2025-04-30T19:29:19.2731904Z' while content on disk has modification time of '2025-04-30T19:29:20.0365723Z'
  ERROR: Build asset version error: assets/scripts/mainmenu.cs in SourceAssetDB has modification time of '2025-04-30T19:29:19.2731904Z' while content on disk has modification time of '2025-04-30T19:29:20.0365723Z'
Number of updated asset objects reloaded before import = 0Number of asset objects unloaded after import = 0

========================================================================
Received Import Request.
  Time since last request: 0.000018 seconds.
  path: Assets/Scripts/MainMenu.cs
  artifactKey: Guid(bec661b304bf33645abee6d5b105ce53) Importer(815301076,1909f56bfc062723c751e8b465ee728b)
Start importing Assets/Scripts/MainMenu.cs using Guid(bec661b304bf33645abee6d5b105ce53) Importer(815301076,1909f56bfc062723c751e8b465ee728b) (PreviewImporter) -> (artifact id: '00000000000000000000000000000000') in 0.000517 seconds
Import Error Code:(4)
Message: Build asset version error: assets/scripts/mainmenu.cs in SourceAssetDB has modification time of '2025-04-30T19:29:19.2731904Z' while content on disk has modification time of '2025-04-30T19:29:20.0365723Z'
  ERROR: Build asset version error: assets/scripts/mainmenu.cs in SourceAssetDB has modification time of '2025-04-30T19:29:19.2731904Z' while content on disk has modification time of '2025-04-30T19:29:20.0365723Z'
Number of updated asset objects reloaded before import = 0Number of asset objects unloaded after import = 0

========================================================================
Received Import Request.
  Time since last request: 0.000029 seconds.
  path: Assets/Scripts/MainMenu.cs
  artifactKey: Guid(bec661b304bf33645abee6d5b105ce53) Importer(815301076,1909f56bfc062723c751e8b465ee728b)
Start importing Assets/Scripts/MainMenu.cs using Guid(bec661b304bf33645abee6d5b105ce53) Importer(815301076,1909f56bfc062723c751e8b465ee728b) (PreviewImporter) -> (artifact id: '00000000000000000000000000000000') in 0.0005539 seconds
Import Error Code:(4)
Message: Build asset version error: assets/scripts/mainmenu.cs in SourceAssetDB has modification time of '2025-04-30T19:29:19.2731904Z' while content on disk has modification time of '2025-04-30T19:29:20.0365723Z'
  ERROR: Build asset version error: assets/scripts/mainmenu.cs in SourceAssetDB has modification time of '2025-04-30T19:29:19.2731904Z' while content on disk has modification time of '2025-04-30T19:29:20.0365723Z'
Number of updated asset objects reloaded before import = 0Number of asset objects unloaded after import = 0

========================================================================
Received Import Request.
  Time since last request: 0.000015 seconds.
  path: Assets/Scripts/MainMenu.cs
  artifactKey: Guid(bec661b304bf33645abee6d5b105ce53) Importer(815301076,1909f56bfc062723c751e8b465ee728b)
Start importing Assets/Scripts/MainMenu.cs using Guid(bec661b304bf33645abee6d5b105ce53) Importer(815301076,1909f56bfc062723c751e8b465ee728b) (PreviewImporter) -> (artifact id: '00000000000000000000000000000000') in 0.0005298 seconds
Import Error Code:(4)
Message: Build asset version error: assets/scripts/mainmenu.cs in SourceAssetDB has modification time of '2025-04-30T19:29:19.2731904Z' while content on disk has modification time of '2025-04-30T19:29:20.0365723Z'
  ERROR: Build asset version error: assets/scripts/mainmenu.cs in SourceAssetDB has modification time of '2025-04-30T19:29:19.2731904Z' while content on disk has modification time of '2025-04-30T19:29:20.0365723Z'
Number of updated asset objects reloaded before import = 0Number of asset objects unloaded after import = 0

========================================================================
Received Import Request.
  Time since last request: 0.000016 seconds.
  path: Assets/Scripts/MainMenu.cs
  artifactKey: Guid(bec661b304bf33645abee6d5b105ce53) Importer(815301076,1909f56bfc062723c751e8b465ee728b)
Start importing Assets/Scripts/MainMenu.cs using Guid(bec661b304bf33645abee6d5b105ce53) Importer(815301076,1909f56bfc062723c751e8b465ee728b) (PreviewImporter) -> (artifact id: '00000000000000000000000000000000') in 0.0005823 seconds
Import Error Code:(4)
Message: Build asset version error: assets/scripts/mainmenu.cs in SourceAssetDB has modification time of '2025-04-30T19:29:19.2731904Z' while content on disk has modification time of '2025-04-30T19:29:20.0365723Z'
  ERROR: Build asset version error: assets/scripts/mainmenu.cs in SourceAssetDB has modification time of '2025-04-30T19:29:19.2731904Z' while content on disk has modification time of '2025-04-30T19:29:20.0365723Z'
Number of updated asset objects reloaded before import = 0Number of asset objects unloaded after import = 0

========================================================================
Received Import Request.
  Time since last request: 0.000018 seconds.
  path: Assets/Scripts/MainMenu.cs
  artifactKey: Guid(bec661b304bf33645abee6d5b105ce53) Importer(815301076,1909f56bfc062723c751e8b465ee728b)
Start importing Assets/Scripts/MainMenu.cs using Guid(bec661b304bf33645abee6d5b105ce53) Importer(815301076,1909f56bfc062723c751e8b465ee728b) (PreviewImporter) -> (artifact id: '00000000000000000000000000000000') in 0.0006005 seconds
Import Error Code:(4)
Message: Build asset version error: assets/scripts/mainmenu.cs in SourceAssetDB has modification time of '2025-04-30T19:29:19.2731904Z' while content on disk has modification time of '2025-04-30T19:29:20.0365723Z'
  ERROR: Build asset version error: assets/scripts/mainmenu.cs in SourceAssetDB has modification time of '2025-04-30T19:29:19.2731904Z' while content on disk has modification time of '2025-04-30T19:29:20.0365723Z'
Number of updated asset objects reloaded before import = 0Number of asset objects unloaded after import = 0

========================================================================
Received Import Request.
  Time since last request: 0.000017 seconds.
  path: Assets/Scripts/MainMenu.cs
  artifactKey: Guid(bec661b304bf33645abee6d5b105ce53) Importer(815301076,1909f56bfc062723c751e8b465ee728b)
Start importing Assets/Scripts/MainMenu.cs using Guid(bec661b304bf33645abee6d5b105ce53) Importer(815301076,1909f56bfc062723c751e8b465ee728b) (PreviewImporter) -> (artifact id: '00000000000000000000000000000000') in 0.0042396 seconds
Import Error Code:(4)
Message: Build asset version error: assets/scripts/mainmenu.cs in SourceAssetDB has modification time of '2025-04-30T19:29:19.2731904Z' while content on disk has modification time of '2025-04-30T19:29:20.0365723Z'
  ERROR: Build asset version error: assets/scripts/mainmenu.cs in SourceAssetDB has modification time of '2025-04-30T19:29:19.2731904Z' while content on disk has modification time of '2025-04-30T19:29:20.0365723Z'
Number of updated asset objects reloaded before import = 0Number of asset objects unloaded after import = 0

========================================================================
Received Import Request.
  Time since last request: 0.000016 seconds.
  path: Assets/Scripts/MainMenu.cs
  artifactKey: Guid(bec661b304bf33645abee6d5b105ce53) Importer(815301076,1909f56bfc062723c751e8b465ee728b)
Start importing Assets/Scripts/MainMenu.cs using Guid(bec661b304bf33645abee6d5b105ce53) Importer(815301076,1909f56bfc062723c751e8b465ee728b) (PreviewImporter) -> (artifact id: '00000000000000000000000000000000') in 0.0005297 seconds
Import Error Code:(4)
Message: Build asset version error: assets/scripts/mainmenu.cs in SourceAssetDB has modification time of '2025-04-30T19:29:19.2731904Z' while content on disk has modification time of '2025-04-30T19:29:20.0365723Z'
  ERROR: Build asset version error: assets/scripts/mainmenu.cs in SourceAssetDB has modification time of '2025-04-30T19:29:19.2731904Z' while content on disk has modification time of '2025-04-30T19:29:20.0365723Z'
Number of updated asset objects reloaded before import = 0Number of asset objects unloaded after import = 0

========================================================================
Received Import Request.
  Time since last request: 0.000017 seconds.
  path: Assets/Scripts/MainMenu.cs
  artifactKey: Guid(bec661b304bf33645abee6d5b105ce53) Importer(815301076,1909f56bfc062723c751e8b465ee728b)
Start importing Assets/Scripts/MainMenu.cs using Guid(bec661b304bf33645abee6d5b105ce53) Importer(815301076,1909f56bfc062723c751e8b465ee728b) (PreviewImporter) -> (artifact id: '00000000000000000000000000000000') in 0.0005036 seconds
Import Error Code:(4)
Message: Build asset version error: assets/scripts/mainmenu.cs in SourceAssetDB has modification time of '2025-04-30T19:29:19.2731904Z' while content on disk has modification time of '2025-04-30T19:29:20.0365723Z'
  ERROR: Build asset version error: assets/scripts/mainmenu.cs in SourceAssetDB has modification time of '2025-04-30T19:29:19.2731904Z' while content on disk has modification time of '2025-04-30T19:29:20.0365723Z'
Number of updated asset objects reloaded before import = 0Number of asset objects unloaded after import = 0

========================================================================
Received Import Request.
  Time since last request: 0.000016 seconds.
  path: Assets/Scripts/MainMenu.cs
  artifactKey: Guid(bec661b304bf33645abee6d5b105ce53) Importer(815301076,1909f56bfc062723c751e8b465ee728b)
Start importing Assets/Scripts/MainMenu.cs using Guid(bec661b304bf33645abee6d5b105ce53) Importer(815301076,1909f56bfc062723c751e8b465ee728b) (PreviewImporter) -> (artifact id: '00000000000000000000000000000000') in 0.0005204 seconds
Import Error Code:(4)
Message: Build asset version error: assets/scripts/mainmenu.cs in SourceAssetDB has modification time of '2025-04-30T19:29:19.2731904Z' while content on disk has modification time of '2025-04-30T19:29:20.0365723Z'
  ERROR: Build asset version error: assets/scripts/mainmenu.cs in SourceAssetDB has modification time of '2025-04-30T19:29:19.2731904Z' while content on disk has modification time of '2025-04-30T19:29:20.0365723Z'
Number of updated asset objects reloaded before import = 0Number of asset objects unloaded after import = 0

========================================================================
Received Import Request.
  Time since last request: 0.000017 seconds.
  path: Assets/Scripts/MainMenu.cs
  artifactKey: Guid(bec661b304bf33645abee6d5b105ce53) Importer(815301076,1909f56bfc062723c751e8b465ee728b)
Start importing Assets/Scripts/MainMenu.cs using Guid(bec661b304bf33645abee6d5b105ce53) Importer(815301076,1909f56bfc062723c751e8b465ee728b) (PreviewImporter) -> (artifact id: '00000000000000000000000000000000') in 0.0005199 seconds
Import Error Code:(4)
Message: Build asset version error: assets/scripts/mainmenu.cs in SourceAssetDB has modification time of '2025-04-30T19:29:19.2731904Z' while content on disk has modification time of '2025-04-30T19:29:20.0365723Z'
  ERROR: Build asset version error: assets/scripts/mainmenu.cs in SourceAssetDB has modification time of '2025-04-30T19:29:19.2731904Z' while content on disk has modification time of '2025-04-30T19:29:20.0365723Z'
Number of updated asset objects reloaded before import = 0Number of asset objects unloaded after import = 0

========================================================================
Received Import Request.
  Time since last request: 0.000023 seconds.
  path: Assets/Scripts/MainMenu.cs
  artifactKey: Guid(bec661b304bf33645abee6d5b105ce53) Importer(815301076,1909f56bfc062723c751e8b465ee728b)
Start importing Assets/Scripts/MainMenu.cs using Guid(bec661b304bf33645abee6d5b105ce53) Importer(815301076,1909f56bfc062723c751e8b465ee728b) (PreviewImporter) -> (artifact id: '00000000000000000000000000000000') in 0.0004723 seconds
Import Error Code:(4)
Message: Build asset version error: assets/scripts/mainmenu.cs in SourceAssetDB has modification time of '2025-04-30T19:29:19.2731904Z' while content on disk has modification time of '2025-04-30T19:29:20.0365723Z'
  ERROR: Build asset version error: assets/scripts/mainmenu.cs in SourceAssetDB has modification time of '2025-04-30T19:29:19.2731904Z' while content on disk has modification time of '2025-04-30T19:29:20.0365723Z'
Number of updated asset objects reloaded before import = 0Number of asset objects unloaded after import = 0

========================================================================
Received Import Request.
  Time since last request: 0.000023 seconds.
  path: Assets/Scripts/MainMenu.cs
  artifactKey: Guid(bec661b304bf33645abee6d5b105ce53) Importer(815301076,1909f56bfc062723c751e8b465ee728b)
Start importing Assets/Scripts/MainMenu.cs using Guid(bec661b304bf33645abee6d5b105ce53) Importer(815301076,1909f56bfc062723c751e8b465ee728b) (PreviewImporter) -> (artifact id: '00000000000000000000000000000000') in 0.0005149 seconds
Import Error Code:(4)
Message: Build asset version error: assets/scripts/mainmenu.cs in SourceAssetDB has modification time of '2025-04-30T19:29:19.2731904Z' while content on disk has modification time of '2025-04-30T19:29:20.0365723Z'
  ERROR: Build asset version error: assets/scripts/mainmenu.cs in SourceAssetDB has modification time of '2025-04-30T19:29:19.2731904Z' while content on disk has modification time of '2025-04-30T19:29:20.0365723Z'
Number of updated asset objects reloaded before import = 0Number of asset objects unloaded after import = 0

========================================================================
Received Import Request.
  Time since last request: 0.000016 seconds.
  path: Assets/Scripts/MainMenu.cs
  artifactKey: Guid(bec661b304bf33645abee6d5b105ce53) Importer(815301076,1909f56bfc062723c751e8b465ee728b)
Start importing Assets/Scripts/MainMenu.cs using Guid(bec661b304bf33645abee6d5b105ce53) Importer(815301076,1909f56bfc062723c751e8b465ee728b) (PreviewImporter) -> (artifact id: '00000000000000000000000000000000') in 0.0007442 seconds
Import Error Code:(4)
Message: Build asset version error: assets/scripts/mainmenu.cs in SourceAssetDB has modification time of '2025-04-30T19:29:19.2731904Z' while content on disk has modification time of '2025-04-30T19:29:20.0365723Z'
  ERROR: Build asset version error: assets/scripts/mainmenu.cs in SourceAssetDB has modification time of '2025-04-30T19:29:19.2731904Z' while content on disk has modification time of '2025-04-30T19:29:20.0365723Z'
Number of updated asset objects reloaded before import = 0Number of asset objects unloaded after import = 0

========================================================================
Received Import Request.
  Time since last request: 0.000019 seconds.
  path: Assets/Scripts/MainMenu.cs
  artifactKey: Guid(bec661b304bf33645abee6d5b105ce53) Importer(815301076,1909f56bfc062723c751e8b465ee728b)
Start importing Assets/Scripts/MainMenu.cs using Guid(bec661b304bf33645abee6d5b105ce53) Importer(815301076,1909f56bfc062723c751e8b465ee728b) (PreviewImporter) -> (artifact id: '00000000000000000000000000000000') in 0.000515 seconds
Import Error Code:(4)
Message: Build asset version error: assets/scripts/mainmenu.cs in SourceAssetDB has modification time of '2025-04-30T19:29:19.2731904Z' while content on disk has modification time of '2025-04-30T19:29:20.0365723Z'
  ERROR: Build asset version error: assets/scripts/mainmenu.cs in SourceAssetDB has modification time of '2025-04-30T19:29:19.2731904Z' while content on disk has modification time of '2025-04-30T19:29:20.0365723Z'
Number of updated asset objects reloaded before import = 0Number of asset objects unloaded after import = 0

========================================================================
Received Import Request.
  Time since last request: 0.000016 seconds.
  path: Assets/Scripts/MainMenu.cs
  artifactKey: Guid(bec661b304bf33645abee6d5b105ce53) Importer(815301076,1909f56bfc062723c751e8b465ee728b)
Start importing Assets/Scripts/MainMenu.cs using Guid(bec661b304bf33645abee6d5b105ce53) Importer(815301076,1909f56bfc062723c751e8b465ee728b) (PreviewImporter) -> (artifact id: '00000000000000000000000000000000') in 0.0005246 seconds
Import Error Code:(4)
Message: Build asset version error: assets/scripts/mainmenu.cs in SourceAssetDB has modification time of '2025-04-30T19:29:19.2731904Z' while content on disk has modification time of '2025-04-30T19:29:20.0365723Z'
  ERROR: Build asset version error: assets/scripts/mainmenu.cs in SourceAssetDB has modification time of '2025-04-30T19:29:19.2731904Z' while content on disk has modification time of '2025-04-30T19:29:20.0365723Z'
Number of updated asset objects reloaded before import = 0Number of asset objects unloaded after import = 0

========================================================================
Received Import Request.
  Time since last request: 0.000016 seconds.
  path: Assets/Scripts/MainMenu.cs
  artifactKey: Guid(bec661b304bf33645abee6d5b105ce53) Importer(815301076,1909f56bfc062723c751e8b465ee728b)
Start importing Assets/Scripts/MainMenu.cs using Guid(bec661b304bf33645abee6d5b105ce53) Importer(815301076,1909f56bfc062723c751e8b465ee728b) (PreviewImporter) -> (artifact id: '00000000000000000000000000000000') in 0.000529 seconds
Import Error Code:(4)
Message: Build asset version error: assets/scripts/mainmenu.cs in SourceAssetDB has modification time of '2025-04-30T19:29:19.2731904Z' while content on disk has modification time of '2025-04-30T19:29:20.0365723Z'
  ERROR: Build asset version error: assets/scripts/mainmenu.cs in SourceAssetDB has modification time of '2025-04-30T19:29:19.2731904Z' while content on disk has modification time of '2025-04-30T19:29:20.0365723Z'
Number of updated asset objects reloaded before import = 0Number of asset objects unloaded after import = 0

========================================================================
Received Import Request.
  Time since last request: 0.000018 seconds.
  path: Assets/Scripts/MainMenu.cs
  artifactKey: Guid(bec661b304bf33645abee6d5b105ce53) Importer(815301076,1909f56bfc062723c751e8b465ee728b)
Start importing Assets/Scripts/MainMenu.cs using Guid(bec661b304bf33645abee6d5b105ce53) Importer(815301076,1909f56bfc062723c751e8b465ee728b) (PreviewImporter) -> (artifact id: '00000000000000000000000000000000') in 0.0005104 seconds
Import Error Code:(4)
Message: Build asset version error: assets/scripts/mainmenu.cs in SourceAssetDB has modification time of '2025-04-30T19:29:19.2731904Z' while content on disk has modification time of '2025-04-30T19:29:20.0365723Z'
  ERROR: Build asset version error: assets/scripts/mainmenu.cs in SourceAssetDB has modification time of '2025-04-30T19:29:19.2731904Z' while content on disk has modification time of '2025-04-30T19:29:20.0365723Z'
Number of updated asset objects reloaded before import = 0Number of asset objects unloaded after import = 0

========================================================================
Received Import Request.
  Time since last request: 0.000016 seconds.
  path: Assets/Scripts/MainMenu.cs
  artifactKey: Guid(bec661b304bf33645abee6d5b105ce53) Importer(815301076,1909f56bfc062723c751e8b465ee728b)
Start importing Assets/Scripts/MainMenu.cs using Guid(bec661b304bf33645abee6d5b105ce53) Importer(815301076,1909f56bfc062723c751e8b465ee728b) (PreviewImporter) -> (artifact id: '00000000000000000000000000000000') in 0.0004906 seconds
Import Error Code:(4)
Message: Build asset version error: assets/scripts/mainmenu.cs in SourceAssetDB has modification time of '2025-04-30T19:29:19.2731904Z' while content on disk has modification time of '2025-04-30T19:29:20.0365723Z'
  ERROR: Build asset version error: assets/scripts/mainmenu.cs in SourceAssetDB has modification time of '2025-04-30T19:29:19.2731904Z' while content on disk has modification time of '2025-04-30T19:29:20.0365723Z'
Number of updated asset objects reloaded before import = 0Number of asset objects unloaded after import = 0

========================================================================
Received Import Request.
  Time since last request: 0.000013 seconds.
  path: Assets/Scripts/MainMenu.cs
  artifactKey: Guid(bec661b304bf33645abee6d5b105ce53) Importer(815301076,1909f56bfc062723c751e8b465ee728b)
Start importing Assets/Scripts/MainMenu.cs using Guid(bec661b304bf33645abee6d5b105ce53) Importer(815301076,1909f56bfc062723c751e8b465ee728b) (PreviewImporter) -> (artifact id: '00000000000000000000000000000000') in 0.0004119 seconds
Import Error Code:(4)
Message: Build asset version error: assets/scripts/mainmenu.cs in SourceAssetDB has modification time of '2025-04-30T19:29:19.2731904Z' while content on disk has modification time of '2025-04-30T19:29:20.0365723Z'
  ERROR: Build asset version error: assets/scripts/mainmenu.cs in SourceAssetDB has modification time of '2025-04-30T19:29:19.2731904Z' while content on disk has modification time of '2025-04-30T19:29:20.0365723Z'
Number of updated asset objects reloaded before import = 0Number of asset objects unloaded after import = 0

========================================================================
Received Import Request.
  Time since last request: 0.000015 seconds.
  path: Assets/Scripts/MainMenu.cs
  artifactKey: Guid(bec661b304bf33645abee6d5b105ce53) Importer(815301076,1909f56bfc062723c751e8b465ee728b)
Start importing Assets/Scripts/MainMenu.cs using Guid(bec661b304bf33645abee6d5b105ce53) Importer(815301076,1909f56bfc062723c751e8b465ee728b) (PreviewImporter) -> (artifact id: '00000000000000000000000000000000') in 0.0005006 seconds
Import Error Code:(4)
Message: Build asset version error: assets/scripts/mainmenu.cs in SourceAssetDB has modification time of '2025-04-30T19:29:19.2731904Z' while content on disk has modification time of '2025-04-30T19:29:20.0365723Z'
  ERROR: Build asset version error: assets/scripts/mainmenu.cs in SourceAssetDB has modification time of '2025-04-30T19:29:19.2731904Z' while content on disk has modification time of '2025-04-30T19:29:20.0365723Z'
Number of updated asset objects reloaded before import = 0Number of asset objects unloaded after import = 0

========================================================================
Received Import Request.
  Time since last request: 0.000023 seconds.
  path: Assets/Scripts/MainMenu.cs
  artifactKey: Guid(bec661b304bf33645abee6d5b105ce53) Importer(815301076,1909f56bfc062723c751e8b465ee728b)
Start importing Assets/Scripts/MainMenu.cs using Guid(bec661b304bf33645abee6d5b105ce53) Importer(815301076,1909f56bfc062723c751e8b465ee728b) (PreviewImporter) -> (artifact id: '00000000000000000000000000000000') in 0.0005358 seconds
Import Error Code:(4)
Message: Build asset version error: assets/scripts/mainmenu.cs in SourceAssetDB has modification time of '2025-04-30T19:29:19.2731904Z' while content on disk has modification time of '2025-04-30T19:29:20.0365723Z'
  ERROR: Build asset version error: assets/scripts/mainmenu.cs in SourceAssetDB has modification time of '2025-04-30T19:29:19.2731904Z' while content on disk has modification time of '2025-04-30T19:29:20.0365723Z'
Number of updated asset objects reloaded before import = 0Number of asset objects unloaded after import = 0

========================================================================
Received Import Request.
  Time since last request: 0.000016 seconds.
  path: Assets/Scripts/MainMenu.cs
  artifactKey: Guid(bec661b304bf33645abee6d5b105ce53) Importer(815301076,1909f56bfc062723c751e8b465ee728b)
Start importing Assets/Scripts/MainMenu.cs using Guid(bec661b304bf33645abee6d5b105ce53) Importer(815301076,1909f56bfc062723c751e8b465ee728b) (PreviewImporter) -> (artifact id: '00000000000000000000000000000000') in 0.0005963 seconds
Import Error Code:(4)
Message: Build asset version error: assets/scripts/mainmenu.cs in SourceAssetDB has modification time of '2025-04-30T19:29:19.2731904Z' while content on disk has modification time of '2025-04-30T19:29:20.0365723Z'
  ERROR: Build asset version error: assets/scripts/mainmenu.cs in SourceAssetDB has modification time of '2025-04-30T19:29:19.2731904Z' while content on disk has modification time of '2025-04-30T19:29:20.0365723Z'
Number of updated asset objects reloaded before import = 0Number of asset objects unloaded after import = 0

========================================================================
Received Import Request.
  Time since last request: 0.000017 seconds.
  path: Assets/Scripts/MainMenu.cs
  artifactKey: Guid(bec661b304bf33645abee6d5b105ce53) Importer(815301076,1909f56bfc062723c751e8b465ee728b)
Start importing Assets/Scripts/MainMenu.cs using Guid(bec661b304bf33645abee6d5b105ce53) Importer(815301076,1909f56bfc062723c751e8b465ee728b) (PreviewImporter) -> (artifact id: '00000000000000000000000000000000') in 0.0005427 seconds
Import Error Code:(4)
Message: Build asset version error: assets/scripts/mainmenu.cs in SourceAssetDB has modification time of '2025-04-30T19:29:19.2731904Z' while content on disk has modification time of '2025-04-30T19:29:20.0365723Z'
  ERROR: Build asset version error: assets/scripts/mainmenu.cs in SourceAssetDB has modification time of '2025-04-30T19:29:19.2731904Z' while content on disk has modification time of '2025-04-30T19:29:20.0365723Z'
Number of updated asset objects reloaded before import = 0Number of asset objects unloaded after import = 0

========================================================================
Received Import Request.
  Time since last request: 0.000047 seconds.
  path: Assets/Scripts/MainMenu.cs
  artifactKey: Guid(bec661b304bf33645abee6d5b105ce53) Importer(815301076,1909f56bfc062723c751e8b465ee728b)
Start importing Assets/Scripts/MainMenu.cs using Guid(bec661b304bf33645abee6d5b105ce53) Importer(815301076,1909f56bfc062723c751e8b465ee728b) (PreviewImporter) -> (artifact id: '00000000000000000000000000000000') in 0.0005617 seconds
Import Error Code:(4)
Message: Build asset version error: assets/scripts/mainmenu.cs in SourceAssetDB has modification time of '2025-04-30T19:29:19.2731904Z' while content on disk has modification time of '2025-04-30T19:29:20.0365723Z'
  ERROR: Build asset version error: assets/scripts/mainmenu.cs in SourceAssetDB has modification time of '2025-04-30T19:29:19.2731904Z' while content on disk has modification time of '2025-04-30T19:29:20.0365723Z'
Number of updated asset objects reloaded before import = 0Number of asset objects unloaded after import = 0

========================================================================
Received Import Request.
  Time since last request: 0.000023 seconds.
  path: Assets/Scripts/MainMenu.cs
  artifactKey: Guid(bec661b304bf33645abee6d5b105ce53) Importer(815301076,1909f56bfc062723c751e8b465ee728b)
Start importing Assets/Scripts/MainMenu.cs using Guid(bec661b304bf33645abee6d5b105ce53) Importer(815301076,1909f56bfc062723c751e8b465ee728b) (PreviewImporter) -> (artifact id: '00000000000000000000000000000000') in 0.0005082 seconds
Import Error Code:(4)
Message: Build asset version error: assets/scripts/mainmenu.cs in SourceAssetDB has modification time of '2025-04-30T19:29:19.2731904Z' while content on disk has modification time of '2025-04-30T19:29:20.0365723Z'
  ERROR: Build asset version error: assets/scripts/mainmenu.cs in SourceAssetDB has modification time of '2025-04-30T19:29:19.2731904Z' while content on disk has modification time of '2025-04-30T19:29:20.0365723Z'
Number of updated asset objects reloaded before import = 0Number of asset objects unloaded after import = 0

========================================================================
Received Import Request.
  Time since last request: 0.000016 seconds.
  path: Assets/Scripts/MainMenu.cs
  artifactKey: Guid(bec661b304bf33645abee6d5b105ce53) Importer(815301076,1909f56bfc062723c751e8b465ee728b)
Start importing Assets/Scripts/MainMenu.cs using Guid(bec661b304bf33645abee6d5b105ce53) Importer(815301076,1909f56bfc062723c751e8b465ee728b) (PreviewImporter) -> (artifact id: '00000000000000000000000000000000') in 0.00069 seconds
Import Error Code:(4)
Message: Build asset version error: assets/scripts/mainmenu.cs in SourceAssetDB has modification time of '2025-04-30T19:29:19.2731904Z' while content on disk has modification time of '2025-04-30T19:29:20.0365723Z'
  ERROR: Build asset version error: assets/scripts/mainmenu.cs in SourceAssetDB has modification time of '2025-04-30T19:29:19.2731904Z' while content on disk has modification time of '2025-04-30T19:29:20.0365723Z'
Number of updated asset objects reloaded before import = 0Number of asset objects unloaded after import = 0

========================================================================
Received Import Request.
  Time since last request: 0.000015 seconds.
  path: Assets/Scripts/MainMenu.cs
  artifactKey: Guid(bec661b304bf33645abee6d5b105ce53) Importer(815301076,1909f56bfc062723c751e8b465ee728b)
Start importing Assets/Scripts/MainMenu.cs using Guid(bec661b304bf33645abee6d5b105ce53) Importer(815301076,1909f56bfc062723c751e8b465ee728b) (PreviewImporter) -> (artifact id: '00000000000000000000000000000000') in 0.0004273 seconds
Import Error Code:(4)
Message: Build asset version error: assets/scripts/mainmenu.cs in SourceAssetDB has modification time of '2025-04-30T19:29:19.2731904Z' while content on disk has modification time of '2025-04-30T19:29:20.0365723Z'
  ERROR: Build asset version error: assets/scripts/mainmenu.cs in SourceAssetDB has modification time of '2025-04-30T19:29:19.2731904Z' while content on disk has modification time of '2025-04-30T19:29:20.0365723Z'
Number of updated asset objects reloaded before import = 0Number of asset objects unloaded after import = 0

========================================================================
Received Import Request.
  Time since last request: 0.000013 seconds.
  path: Assets/Scripts/MainMenu.cs
  artifactKey: Guid(bec661b304bf33645abee6d5b105ce53) Importer(815301076,1909f56bfc062723c751e8b465ee728b)
Start importing Assets/Scripts/MainMenu.cs using Guid(bec661b304bf33645abee6d5b105ce53) Importer(815301076,1909f56bfc062723c751e8b465ee728b) (PreviewImporter) -> (artifact id: '00000000000000000000000000000000') in 0.0004495 seconds
Import Error Code:(4)
Message: Build asset version error: assets/scripts/mainmenu.cs in SourceAssetDB has modification time of '2025-04-30T19:29:19.2731904Z' while content on disk has modification time of '2025-04-30T19:29:20.0365723Z'
  ERROR: Build asset version error: assets/scripts/mainmenu.cs in SourceAssetDB has modification time of '2025-04-30T19:29:19.2731904Z' while content on disk has modification time of '2025-04-30T19:29:20.0365723Z'
Number of updated asset objects reloaded before import = 0Number of asset objects unloaded after import = 0

========================================================================
Received Import Request.
  Time since last request: 0.000014 seconds.
  path: Assets/Scripts/MainMenu.cs
  artifactKey: Guid(bec661b304bf33645abee6d5b105ce53) Importer(815301076,1909f56bfc062723c751e8b465ee728b)
Start importing Assets/Scripts/MainMenu.cs using Guid(bec661b304bf33645abee6d5b105ce53) Importer(815301076,1909f56bfc062723c751e8b465ee728b) (PreviewImporter) -> (artifact id: '00000000000000000000000000000000') in 0.0004373 seconds
Import Error Code:(4)
Message: Build asset version error: assets/scripts/mainmenu.cs in SourceAssetDB has modification time of '2025-04-30T19:29:19.2731904Z' while content on disk has modification time of '2025-04-30T19:29:20.0365723Z'
  ERROR: Build asset version error: assets/scripts/mainmenu.cs in SourceAssetDB has modification time of '2025-04-30T19:29:19.2731904Z' while content on disk has modification time of '2025-04-30T19:29:20.0365723Z'
Number of updated asset objects reloaded before import = 0Number of asset objects unloaded after import = 0

========================================================================
Received Import Request.
  Time since last request: 0.000038 seconds.
  path: Assets/Scripts/MainMenu.cs
  artifactKey: Guid(bec661b304bf33645abee6d5b105ce53) Importer(815301076,1909f56bfc062723c751e8b465ee728b)
Start importing Assets/Scripts/MainMenu.cs using Guid(bec661b304bf33645abee6d5b105ce53) Importer(815301076,1909f56bfc062723c751e8b465ee728b) (PreviewImporter) -> (artifact id: '00000000000000000000000000000000') in 0.0004921 seconds
Import Error Code:(4)
Message: Build asset version error: assets/scripts/mainmenu.cs in SourceAssetDB has modification time of '2025-04-30T19:29:19.2731904Z' while content on disk has modification time of '2025-04-30T19:29:20.0365723Z'
  ERROR: Build asset version error: assets/scripts/mainmenu.cs in SourceAssetDB has modification time of '2025-04-30T19:29:19.2731904Z' while content on disk has modification time of '2025-04-30T19:29:20.0365723Z'
Number of updated asset objects reloaded before import = 0Number of asset objects unloaded after import = 0

========================================================================
Received Import Request.
  Time since last request: 0.000012 seconds.
  path: Assets/Scripts/MainMenu.cs
  artifactKey: Guid(bec661b304bf33645abee6d5b105ce53) Importer(815301076,1909f56bfc062723c751e8b465ee728b)
Start importing Assets/Scripts/MainMenu.cs using Guid(bec661b304bf33645abee6d5b105ce53) Importer(815301076,1909f56bfc062723c751e8b465ee728b) (PreviewImporter) -> (artifact id: '00000000000000000000000000000000') in 0.0004528 seconds
Import Error Code:(4)
Message: Build asset version error: assets/scripts/mainmenu.cs in SourceAssetDB has modification time of '2025-04-30T19:29:19.2731904Z' while content on disk has modification time of '2025-04-30T19:29:20.0365723Z'
  ERROR: Build asset version error: assets/scripts/mainmenu.cs in SourceAssetDB has modification time of '2025-04-30T19:29:19.2731904Z' while content on disk has modification time of '2025-04-30T19:29:20.0365723Z'
Number of updated asset objects reloaded before import = 0Number of asset objects unloaded after import = 0

========================================================================
Received Import Request.
  Time since last request: 0.000017 seconds.
  path: Assets/Scripts/MainMenu.cs
  artifactKey: Guid(bec661b304bf33645abee6d5b105ce53) Importer(815301076,1909f56bfc062723c751e8b465ee728b)
Start importing Assets/Scripts/MainMenu.cs using Guid(bec661b304bf33645abee6d5b105ce53) Importer(815301076,1909f56bfc062723c751e8b465ee728b) (PreviewImporter) -> (artifact id: '00000000000000000000000000000000') in 0.000781 seconds
Import Error Code:(4)
Message: Build asset version error: assets/scripts/mainmenu.cs in SourceAssetDB has modification time of '2025-04-30T19:29:19.2731904Z' while content on disk has modification time of '2025-04-30T19:29:20.0365723Z'
  ERROR: Build asset version error: assets/scripts/mainmenu.cs in SourceAssetDB has modification time of '2025-04-30T19:29:19.2731904Z' while content on disk has modification time of '2025-04-30T19:29:20.0365723Z'
Number of updated asset objects reloaded before import = 0Number of asset objects unloaded after import = 0

========================================================================
Received Import Request.
  Time since last request: 0.000016 seconds.
  path: Assets/Scripts/MainMenu.cs
  artifactKey: Guid(bec661b304bf33645abee6d5b105ce53) Importer(815301076,1909f56bfc062723c751e8b465ee728b)
Start importing Assets/Scripts/MainMenu.cs using Guid(bec661b304bf33645abee6d5b105ce53) Importer(815301076,1909f56bfc062723c751e8b465ee728b) (PreviewImporter) -> (artifact id: '00000000000000000000000000000000') in 0.0005596 seconds
Import Error Code:(4)
Message: Build asset version error: assets/scripts/mainmenu.cs in SourceAssetDB has modification time of '2025-04-30T19:29:19.2731904Z' while content on disk has modification time of '2025-04-30T19:29:20.0365723Z'
  ERROR: Build asset version error: assets/scripts/mainmenu.cs in SourceAssetDB has modification time of '2025-04-30T19:29:19.2731904Z' while content on disk has modification time of '2025-04-30T19:29:20.0365723Z'
Number of updated asset objects reloaded before import = 0Number of asset objects unloaded after import = 0

========================================================================
Received Import Request.
  Time since last request: 0.000017 seconds.
  path: Assets/Scripts/MainMenu.cs
  artifactKey: Guid(bec661b304bf33645abee6d5b105ce53) Importer(815301076,1909f56bfc062723c751e8b465ee728b)
Start importing Assets/Scripts/MainMenu.cs using Guid(bec661b304bf33645abee6d5b105ce53) Importer(815301076,1909f56bfc062723c751e8b465ee728b) (PreviewImporter) -> (artifact id: '00000000000000000000000000000000') in 0.0005332 seconds
Import Error Code:(4)
Message: Build asset version error: assets/scripts/mainmenu.cs in SourceAssetDB has modification time of '2025-04-30T19:29:19.2731904Z' while content on disk has modification time of '2025-04-30T19:29:20.0365723Z'
  ERROR: Build asset version error: assets/scripts/mainmenu.cs in SourceAssetDB has modification time of '2025-04-30T19:29:19.2731904Z' while content on disk has modification time of '2025-04-30T19:29:20.0365723Z'
Number of updated asset objects reloaded before import = 0Number of asset objects unloaded after import = 0

========================================================================
Received Import Request.
  Time since last request: 0.000066 seconds.
  path: Assets/Scripts/MainMenu.cs
  artifactKey: Guid(bec661b304bf33645abee6d5b105ce53) Importer(815301076,1909f56bfc062723c751e8b465ee728b)
Start importing Assets/Scripts/MainMenu.cs using Guid(bec661b304bf33645abee6d5b105ce53) Importer(815301076,1909f56bfc062723c751e8b465ee728b) (PreviewImporter) -> (artifact id: '00000000000000000000000000000000') in 0.0005281 seconds
Import Error Code:(4)
Message: Build asset version error: assets/scripts/mainmenu.cs in SourceAssetDB has modification time of '2025-04-30T19:29:19.2731904Z' while content on disk has modification time of '2025-04-30T19:29:20.0365723Z'
  ERROR: Build asset version error: assets/scripts/mainmenu.cs in SourceAssetDB has modification time of '2025-04-30T19:29:19.2731904Z' while content on disk has modification time of '2025-04-30T19:29:20.0365723Z'
Number of updated asset objects reloaded before import = 0Number of asset objects unloaded after import = 0

========================================================================
Received Import Request.
  Time since last request: 0.000015 seconds.
  path: Assets/Scripts/MainMenu.cs
  artifactKey: Guid(bec661b304bf33645abee6d5b105ce53) Importer(815301076,1909f56bfc062723c751e8b465ee728b)
Start importing Assets/Scripts/MainMenu.cs using Guid(bec661b304bf33645abee6d5b105ce53) Importer(815301076,1909f56bfc062723c751e8b465ee728b) (PreviewImporter) -> (artifact id: '00000000000000000000000000000000') in 0.0005183 seconds
Import Error Code:(4)
Message: Build asset version error: assets/scripts/mainmenu.cs in SourceAssetDB has modification time of '2025-04-30T19:29:19.2731904Z' while content on disk has modification time of '2025-04-30T19:29:20.0365723Z'
  ERROR: Build asset version error: assets/scripts/mainmenu.cs in SourceAssetDB has modification time of '2025-04-30T19:29:19.2731904Z' while content on disk has modification time of '2025-04-30T19:29:20.0365723Z'
Number of updated asset objects reloaded before import = 0Number of asset objects unloaded after import = 0

========================================================================
Received Import Request.
  Time since last request: 0.000016 seconds.
  path: Assets/Scripts/MainMenu.cs
  artifactKey: Guid(bec661b304bf33645abee6d5b105ce53) Importer(815301076,1909f56bfc062723c751e8b465ee728b)
Start importing Assets/Scripts/MainMenu.cs using Guid(bec661b304bf33645abee6d5b105ce53) Importer(815301076,1909f56bfc062723c751e8b465ee728b) (PreviewImporter) -> (artifact id: '00000000000000000000000000000000') in 0.0005618 seconds
Import Error Code:(4)
Message: Build asset version error: assets/scripts/mainmenu.cs in SourceAssetDB has modification time of '2025-04-30T19:29:19.2731904Z' while content on disk has modification time of '2025-04-30T19:29:20.0365723Z'
  ERROR: Build asset version error: assets/scripts/mainmenu.cs in SourceAssetDB has modification time of '2025-04-30T19:29:19.2731904Z' while content on disk has modification time of '2025-04-30T19:29:20.0365723Z'
Number of updated asset objects reloaded before import = 0Number of asset objects unloaded after import = 0

========================================================================
Received Import Request.
  Time since last request: 0.000020 seconds.
  path: Assets/Scripts/MainMenu.cs
  artifactKey: Guid(bec661b304bf33645abee6d5b105ce53) Importer(815301076,1909f56bfc062723c751e8b465ee728b)
Start importing Assets/Scripts/MainMenu.cs using Guid(bec661b304bf33645abee6d5b105ce53) Importer(815301076,1909f56bfc062723c751e8b465ee728b) (PreviewImporter) -> (artifact id: '00000000000000000000000000000000') in 0.0005243 seconds
Import Error Code:(4)
Message: Build asset version error: assets/scripts/mainmenu.cs in SourceAssetDB has modification time of '2025-04-30T19:29:19.2731904Z' while content on disk has modification time of '2025-04-30T19:29:20.0365723Z'
  ERROR: Build asset version error: assets/scripts/mainmenu.cs in SourceAssetDB has modification time of '2025-04-30T19:29:19.2731904Z' while content on disk has modification time of '2025-04-30T19:29:20.0365723Z'
Number of updated asset objects reloaded before import = 0Number of asset objects unloaded after import = 0

========================================================================
Received Import Request.
  Time since last request: 0.000029 seconds.
  path: Assets/Scripts/MainMenu.cs
  artifactKey: Guid(bec661b304bf33645abee6d5b105ce53) Importer(815301076,1909f56bfc062723c751e8b465ee728b)
Start importing Assets/Scripts/MainMenu.cs using Guid(bec661b304bf33645abee6d5b105ce53) Importer(815301076,1909f56bfc062723c751e8b465ee728b) (PreviewImporter) -> (artifact id: '00000000000000000000000000000000') in 0.0006756 seconds
Import Error Code:(4)
Message: Build asset version error: assets/scripts/mainmenu.cs in SourceAssetDB has modification time of '2025-04-30T19:29:19.2731904Z' while content on disk has modification time of '2025-04-30T19:29:20.0365723Z'
  ERROR: Build asset version error: assets/scripts/mainmenu.cs in SourceAssetDB has modification time of '2025-04-30T19:29:19.2731904Z' while content on disk has modification time of '2025-04-30T19:29:20.0365723Z'
Number of updated asset objects reloaded before import = 0Number of asset objects unloaded after import = 0

========================================================================
Received Import Request.
  Time since last request: 0.000017 seconds.
  path: Assets/Scripts/MainMenu.cs
  artifactKey: Guid(bec661b304bf33645abee6d5b105ce53) Importer(815301076,1909f56bfc062723c751e8b465ee728b)
Start importing Assets/Scripts/MainMenu.cs using Guid(bec661b304bf33645abee6d5b105ce53) Importer(815301076,1909f56bfc062723c751e8b465ee728b) (PreviewImporter) -> (artifact id: '00000000000000000000000000000000') in 0.0005603 seconds
Import Error Code:(4)
Message: Build asset version error: assets/scripts/mainmenu.cs in SourceAssetDB has modification time of '2025-04-30T19:29:19.2731904Z' while content on disk has modification time of '2025-04-30T19:29:20.0365723Z'
  ERROR: Build asset version error: assets/scripts/mainmenu.cs in SourceAssetDB has modification time of '2025-04-30T19:29:19.2731904Z' while content on disk has modification time of '2025-04-30T19:29:20.0365723Z'
Number of updated asset objects reloaded before import = 0Number of asset objects unloaded after import = 0

========================================================================
Received Import Request.
  Time since last request: 0.000017 seconds.
  path: Assets/Scripts/MainMenu.cs
  artifactKey: Guid(bec661b304bf33645abee6d5b105ce53) Importer(815301076,1909f56bfc062723c751e8b465ee728b)
Start importing Assets/Scripts/MainMenu.cs using Guid(bec661b304bf33645abee6d5b105ce53) Importer(815301076,1909f56bfc062723c751e8b465ee728b) (PreviewImporter) -> (artifact id: '00000000000000000000000000000000') in 0.0005278 seconds
Import Error Code:(4)
Message: Build asset version error: assets/scripts/mainmenu.cs in SourceAssetDB has modification time of '2025-04-30T19:29:19.2731904Z' while content on disk has modification time of '2025-04-30T19:29:20.0365723Z'
  ERROR: Build asset version error: assets/scripts/mainmenu.cs in SourceAssetDB has modification time of '2025-04-30T19:29:19.2731904Z' while content on disk has modification time of '2025-04-30T19:29:20.0365723Z'
Number of updated asset objects reloaded before import = 0Number of asset objects unloaded after import = 0

========================================================================
Received Import Request.
  Time since last request: 0.000018 seconds.
  path: Assets/Scripts/MainMenu.cs
  artifactKey: Guid(bec661b304bf33645abee6d5b105ce53) Importer(815301076,1909f56bfc062723c751e8b465ee728b)
Start importing Assets/Scripts/MainMenu.cs using Guid(bec661b304bf33645abee6d5b105ce53) Importer(815301076,1909f56bfc062723c751e8b465ee728b) (PreviewImporter) -> (artifact id: '00000000000000000000000000000000') in 0.0005526 seconds
Import Error Code:(4)
Message: Build asset version error: assets/scripts/mainmenu.cs in SourceAssetDB has modification time of '2025-04-30T19:29:19.2731904Z' while content on disk has modification time of '2025-04-30T19:29:20.0365723Z'
  ERROR: Build asset version error: assets/scripts/mainmenu.cs in SourceAssetDB has modification time of '2025-04-30T19:29:19.2731904Z' while content on disk has modification time of '2025-04-30T19:29:20.0365723Z'
Number of updated asset objects reloaded before import = 0Number of asset objects unloaded after import = 0

========================================================================
Received Import Request.
  Time since last request: 0.000015 seconds.
  path: Assets/Scripts/MainMenu.cs
  artifactKey: Guid(bec661b304bf33645abee6d5b105ce53) Importer(815301076,1909f56bfc062723c751e8b465ee728b)
Start importing Assets/Scripts/MainMenu.cs using Guid(bec661b304bf33645abee6d5b105ce53) Importer(815301076,1909f56bfc062723c751e8b465ee728b) (PreviewImporter) -> (artifact id: '00000000000000000000000000000000') in 0.0005563 seconds
Import Error Code:(4)
Message: Build asset version error: assets/scripts/mainmenu.cs in SourceAssetDB has modification time of '2025-04-30T19:29:19.2731904Z' while content on disk has modification time of '2025-04-30T19:29:20.0365723Z'
  ERROR: Build asset version error: assets/scripts/mainmenu.cs in SourceAssetDB has modification time of '2025-04-30T19:29:19.2731904Z' while content on disk has modification time of '2025-04-30T19:29:20.0365723Z'
Number of updated asset objects reloaded before import = 0Number of asset objects unloaded after import = 0

========================================================================
Received Import Request.
  Time since last request: 0.000016 seconds.
  path: Assets/Scripts/MainMenu.cs
  artifactKey: Guid(bec661b304bf33645abee6d5b105ce53) Importer(815301076,1909f56bfc062723c751e8b465ee728b)
Start importing Assets/Scripts/MainMenu.cs using Guid(bec661b304bf33645abee6d5b105ce53) Importer(815301076,1909f56bfc062723c751e8b465ee728b) (PreviewImporter) -> (artifact id: '00000000000000000000000000000000') in 0.000517 seconds
Import Error Code:(4)
Message: Build asset version error: assets/scripts/mainmenu.cs in SourceAssetDB has modification time of '2025-04-30T19:29:19.2731904Z' while content on disk has modification time of '2025-04-30T19:29:20.0365723Z'
  ERROR: Build asset version error: assets/scripts/mainmenu.cs in SourceAssetDB has modification time of '2025-04-30T19:29:19.2731904Z' while content on disk has modification time of '2025-04-30T19:29:20.0365723Z'
Number of updated asset objects reloaded before import = 0Number of asset objects unloaded after import = 0

========================================================================
Received Import Request.
  Time since last request: 0.000017 seconds.
  path: Assets/Scripts/MainMenu.cs
  artifactKey: Guid(bec661b304bf33645abee6d5b105ce53) Importer(815301076,1909f56bfc062723c751e8b465ee728b)
Start importing Assets/Scripts/MainMenu.cs using Guid(bec661b304bf33645abee6d5b105ce53) Importer(815301076,1909f56bfc062723c751e8b465ee728b) (PreviewImporter) -> (artifact id: '00000000000000000000000000000000') in 0.0005681 seconds
Import Error Code:(4)
Message: Build asset version error: assets/scripts/mainmenu.cs in SourceAssetDB has modification time of '2025-04-30T19:29:19.2731904Z' while content on disk has modification time of '2025-04-30T19:29:20.0365723Z'
  ERROR: Build asset version error: assets/scripts/mainmenu.cs in SourceAssetDB has modification time of '2025-04-30T19:29:19.2731904Z' while content on disk has modification time of '2025-04-30T19:29:20.0365723Z'
Number of updated asset objects reloaded before import = 0Number of asset objects unloaded after import = 0

========================================================================
Received Import Request.
  Time since last request: 0.000014 seconds.
  path: Assets/Scripts/MainMenu.cs
  artifactKey: Guid(bec661b304bf33645abee6d5b105ce53) Importer(815301076,1909f56bfc062723c751e8b465ee728b)
Start importing Assets/Scripts/MainMenu.cs using Guid(bec661b304bf33645abee6d5b105ce53) Importer(815301076,1909f56bfc062723c751e8b465ee728b) (PreviewImporter) -> (artifact id: '00000000000000000000000000000000') in 0.0005417 seconds
Import Error Code:(4)
Message: Build asset version error: assets/scripts/mainmenu.cs in SourceAssetDB has modification time of '2025-04-30T19:29:19.2731904Z' while content on disk has modification time of '2025-04-30T19:29:20.0365723Z'
  ERROR: Build asset version error: assets/scripts/mainmenu.cs in SourceAssetDB has modification time of '2025-04-30T19:29:19.2731904Z' while content on disk has modification time of '2025-04-30T19:29:20.0365723Z'
Number of updated asset objects reloaded before import = 0Number of asset objects unloaded after import = 0

========================================================================
Received Import Request.
  Time since last request: 0.000019 seconds.
  path: Assets/Scripts/MainMenu.cs
  artifactKey: Guid(bec661b304bf33645abee6d5b105ce53) Importer(815301076,1909f56bfc062723c751e8b465ee728b)
Start importing Assets/Scripts/MainMenu.cs using Guid(bec661b304bf33645abee6d5b105ce53) Importer(815301076,1909f56bfc062723c751e8b465ee728b) (PreviewImporter) -> (artifact id: '00000000000000000000000000000000') in 0.000555 seconds
Import Error Code:(4)
Message: Build asset version error: assets/scripts/mainmenu.cs in SourceAssetDB has modification time of '2025-04-30T19:29:19.2731904Z' while content on disk has modification time of '2025-04-30T19:29:20.0365723Z'
  ERROR: Build asset version error: assets/scripts/mainmenu.cs in SourceAssetDB has modification time of '2025-04-30T19:29:19.2731904Z' while content on disk has modification time of '2025-04-30T19:29:20.0365723Z'
Number of updated asset objects reloaded before import = 0Number of asset objects unloaded after import = 0

========================================================================
Received Import Request.
  Time since last request: 0.000028 seconds.
  path: Assets/Scripts/MainMenu.cs
  artifactKey: Guid(bec661b304bf33645abee6d5b105ce53) Importer(815301076,1909f56bfc062723c751e8b465ee728b)
Start importing Assets/Scripts/MainMenu.cs using Guid(bec661b304bf33645abee6d5b105ce53) Importer(815301076,1909f56bfc062723c751e8b465ee728b) (PreviewImporter) -> (artifact id: '00000000000000000000000000000000') in 0.0005309 seconds
Import Error Code:(4)
Message: Build asset version error: assets/scripts/mainmenu.cs in SourceAssetDB has modification time of '2025-04-30T19:29:19.2731904Z' while content on disk has modification time of '2025-04-30T19:29:20.0365723Z'
  ERROR: Build asset version error: assets/scripts/mainmenu.cs in SourceAssetDB has modification time of '2025-04-30T19:29:19.2731904Z' while content on disk has modification time of '2025-04-30T19:29:20.0365723Z'
Number of updated asset objects reloaded before import = 0Number of asset objects unloaded after import = 0

========================================================================
Received Import Request.
  Time since last request: 0.000020 seconds.
  path: Assets/Scripts/MainMenu.cs
  artifactKey: Guid(bec661b304bf33645abee6d5b105ce53) Importer(815301076,1909f56bfc062723c751e8b465ee728b)
Start importing Assets/Scripts/MainMenu.cs using Guid(bec661b304bf33645abee6d5b105ce53) Importer(815301076,1909f56bfc062723c751e8b465ee728b) (PreviewImporter) -> (artifact id: '00000000000000000000000000000000') in 0.0007735 seconds
Import Error Code:(4)
Message: Build asset version error: assets/scripts/mainmenu.cs in SourceAssetDB has modification time of '2025-04-30T19:29:19.2731904Z' while content on disk has modification time of '2025-04-30T19:29:20.0365723Z'
  ERROR: Build asset version error: assets/scripts/mainmenu.cs in SourceAssetDB has modification time of '2025-04-30T19:29:19.2731904Z' while content on disk has modification time of '2025-04-30T19:29:20.0365723Z'
Number of updated asset objects reloaded before import = 0Number of asset objects unloaded after import = 0

========================================================================
Received Import Request.
  Time since last request: 0.000016 seconds.
  path: Assets/Scripts/MainMenu.cs
  artifactKey: Guid(bec661b304bf33645abee6d5b105ce53) Importer(815301076,1909f56bfc062723c751e8b465ee728b)
Start importing Assets/Scripts/MainMenu.cs using Guid(bec661b304bf33645abee6d5b105ce53) Importer(815301076,1909f56bfc062723c751e8b465ee728b) (PreviewImporter) -> (artifact id: '00000000000000000000000000000000') in 0.0005259 seconds
Import Error Code:(4)
Message: Build asset version error: assets/scripts/mainmenu.cs in SourceAssetDB has modification time of '2025-04-30T19:29:19.2731904Z' while content on disk has modification time of '2025-04-30T19:29:20.0365723Z'
  ERROR: Build asset version error: assets/scripts/mainmenu.cs in SourceAssetDB has modification time of '2025-04-30T19:29:19.2731904Z' while content on disk has modification time of '2025-04-30T19:29:20.0365723Z'
Number of updated asset objects reloaded before import = 0Number of asset objects unloaded after import = 0

========================================================================
Received Import Request.
  Time since last request: 0.000017 seconds.
  path: Assets/Scripts/MainMenu.cs
  artifactKey: Guid(bec661b304bf33645abee6d5b105ce53) Importer(815301076,1909f56bfc062723c751e8b465ee728b)
Start importing Assets/Scripts/MainMenu.cs using Guid(bec661b304bf33645abee6d5b105ce53) Importer(815301076,1909f56bfc062723c751e8b465ee728b) (PreviewImporter) -> (artifact id: '00000000000000000000000000000000') in 0.0005497 seconds
Import Error Code:(4)
Message: Build asset version error: assets/scripts/mainmenu.cs in SourceAssetDB has modification time of '2025-04-30T19:29:19.2731904Z' while content on disk has modification time of '2025-04-30T19:29:20.0365723Z'
  ERROR: Build asset version error: assets/scripts/mainmenu.cs in SourceAssetDB has modification time of '2025-04-30T19:29:19.2731904Z' while content on disk has modification time of '2025-04-30T19:29:20.0365723Z'
Number of updated asset objects reloaded before import = 0Number of asset objects unloaded after import = 0

========================================================================
Received Import Request.
  Time since last request: 0.000018 seconds.
  path: Assets/Scripts/MainMenu.cs
  artifactKey: Guid(bec661b304bf33645abee6d5b105ce53) Importer(815301076,1909f56bfc062723c751e8b465ee728b)
Start importing Assets/Scripts/MainMenu.cs using Guid(bec661b304bf33645abee6d5b105ce53) Importer(815301076,1909f56bfc062723c751e8b465ee728b) (PreviewImporter) -> (artifact id: '00000000000000000000000000000000') in 0.0005141 seconds
Import Error Code:(4)
Message: Build asset version error: assets/scripts/mainmenu.cs in SourceAssetDB has modification time of '2025-04-30T19:29:19.2731904Z' while content on disk has modification time of '2025-04-30T19:29:20.0365723Z'
  ERROR: Build asset version error: assets/scripts/mainmenu.cs in SourceAssetDB has modification time of '2025-04-30T19:29:19.2731904Z' while content on disk has modification time of '2025-04-30T19:29:20.0365723Z'
Number of updated asset objects reloaded before import = 0Number of asset objects unloaded after import = 0

========================================================================
Received Import Request.
  Time since last request: 0.000016 seconds.
  path: Assets/Scripts/MainMenu.cs
  artifactKey: Guid(bec661b304bf33645abee6d5b105ce53) Importer(815301076,1909f56bfc062723c751e8b465ee728b)
Start importing Assets/Scripts/MainMenu.cs using Guid(bec661b304bf33645abee6d5b105ce53) Importer(815301076,1909f56bfc062723c751e8b465ee728b) (PreviewImporter) -> (artifact id: '00000000000000000000000000000000') in 0.0005271 seconds
Import Error Code:(4)
Message: Build asset version error: assets/scripts/mainmenu.cs in SourceAssetDB has modification time of '2025-04-30T19:29:19.2731904Z' while content on disk has modification time of '2025-04-30T19:29:20.0365723Z'
  ERROR: Build asset version error: assets/scripts/mainmenu.cs in SourceAssetDB has modification time of '2025-04-30T19:29:19.2731904Z' while content on disk has modification time of '2025-04-30T19:29:20.0365723Z'
Number of updated asset objects reloaded before import = 0Number of asset objects unloaded after import = 0

========================================================================
Received Import Request.
  Time since last request: 0.000016 seconds.
  path: Assets/Scripts/MainMenu.cs
  artifactKey: Guid(bec661b304bf33645abee6d5b105ce53) Importer(815301076,1909f56bfc062723c751e8b465ee728b)
Start importing Assets/Scripts/MainMenu.cs using Guid(bec661b304bf33645abee6d5b105ce53) Importer(815301076,1909f56bfc062723c751e8b465ee728b) (PreviewImporter) -> (artifact id: '00000000000000000000000000000000') in 0.0005608 seconds
Import Error Code:(4)
Message: Build asset version error: assets/scripts/mainmenu.cs in SourceAssetDB has modification time of '2025-04-30T19:29:19.2731904Z' while content on disk has modification time of '2025-04-30T19:29:20.0365723Z'
  ERROR: Build asset version error: assets/scripts/mainmenu.cs in SourceAssetDB has modification time of '2025-04-30T19:29:19.2731904Z' while content on disk has modification time of '2025-04-30T19:29:20.0365723Z'
Number of updated asset objects reloaded before import = 0Number of asset objects unloaded after import = 0

========================================================================
Received Import Request.
  Time since last request: 0.000017 seconds.
  path: Assets/Scripts/MainMenu.cs
  artifactKey: Guid(bec661b304bf33645abee6d5b105ce53) Importer(815301076,1909f56bfc062723c751e8b465ee728b)
Start importing Assets/Scripts/MainMenu.cs using Guid(bec661b304bf33645abee6d5b105ce53) Importer(815301076,1909f56bfc062723c751e8b465ee728b) (PreviewImporter) -> (artifact id: '00000000000000000000000000000000') in 0.0004965 seconds
Import Error Code:(4)
Message: Build asset version error: assets/scripts/mainmenu.cs in SourceAssetDB has modification time of '2025-04-30T19:29:19.2731904Z' while content on disk has modification time of '2025-04-30T19:29:20.0365723Z'
  ERROR: Build asset version error: assets/scripts/mainmenu.cs in SourceAssetDB has modification time of '2025-04-30T19:29:19.2731904Z' while content on disk has modification time of '2025-04-30T19:29:20.0365723Z'
Number of updated asset objects reloaded before import = 0Number of asset objects unloaded after import = 0

========================================================================
Received Import Request.
  Time since last request: 0.000020 seconds.
  path: Assets/Scripts/MainMenu.cs
  artifactKey: Guid(bec661b304bf33645abee6d5b105ce53) Importer(815301076,1909f56bfc062723c751e8b465ee728b)
Start importing Assets/Scripts/MainMenu.cs using Guid(bec661b304bf33645abee6d5b105ce53) Importer(815301076,1909f56bfc062723c751e8b465ee728b) (PreviewImporter) -> (artifact id: '00000000000000000000000000000000') in 0.0006852 seconds
Import Error Code:(4)
Message: Build asset version error: assets/scripts/mainmenu.cs in SourceAssetDB has modification time of '2025-04-30T19:29:19.2731904Z' while content on disk has modification time of '2025-04-30T19:29:20.0365723Z'
  ERROR: Build asset version error: assets/scripts/mainmenu.cs in SourceAssetDB has modification time of '2025-04-30T19:29:19.2731904Z' while content on disk has modification time of '2025-04-30T19:29:20.0365723Z'
Number of updated asset objects reloaded before import = 0Number of asset objects unloaded after import = 0

========================================================================
Received Import Request.
  Time since last request: 0.000022 seconds.
  path: Assets/Scripts/MainMenu.cs
  artifactKey: Guid(bec661b304bf33645abee6d5b105ce53) Importer(815301076,1909f56bfc062723c751e8b465ee728b)
Start importing Assets/Scripts/MainMenu.cs using Guid(bec661b304bf33645abee6d5b105ce53) Importer(815301076,1909f56bfc062723c751e8b465ee728b) (PreviewImporter) -> (artifact id: '00000000000000000000000000000000') in 0.0005377 seconds
Import Error Code:(4)
Message: Build asset version error: assets/scripts/mainmenu.cs in SourceAssetDB has modification time of '2025-04-30T19:29:19.2731904Z' while content on disk has modification time of '2025-04-30T19:29:20.0365723Z'
  ERROR: Build asset version error: assets/scripts/mainmenu.cs in SourceAssetDB has modification time of '2025-04-30T19:29:19.2731904Z' while content on disk has modification time of '2025-04-30T19:29:20.0365723Z'
Number of updated asset objects reloaded before import = 0Number of asset objects unloaded after import = 0

========================================================================
Received Import Request.
  Time since last request: 0.000017 seconds.
  path: Assets/Scripts/MainMenu.cs
  artifactKey: Guid(bec661b304bf33645abee6d5b105ce53) Importer(815301076,1909f56bfc062723c751e8b465ee728b)
Start importing Assets/Scripts/MainMenu.cs using Guid(bec661b304bf33645abee6d5b105ce53) Importer(815301076,1909f56bfc062723c751e8b465ee728b) (PreviewImporter) -> (artifact id: '00000000000000000000000000000000') in 0.0005104 seconds
Import Error Code:(4)
Message: Build asset version error: assets/scripts/mainmenu.cs in SourceAssetDB has modification time of '2025-04-30T19:29:19.2731904Z' while content on disk has modification time of '2025-04-30T19:29:20.0365723Z'
  ERROR: Build asset version error: assets/scripts/mainmenu.cs in SourceAssetDB has modification time of '2025-04-30T19:29:19.2731904Z' while content on disk has modification time of '2025-04-30T19:29:20.0365723Z'
Number of updated asset objects reloaded before import = 0Number of asset objects unloaded after import = 0

========================================================================
Received Import Request.
  Time since last request: 0.000017 seconds.
  path: Assets/Scripts/MainMenu.cs
  artifactKey: Guid(bec661b304bf33645abee6d5b105ce53) Importer(815301076,1909f56bfc062723c751e8b465ee728b)
Start importing Assets/Scripts/MainMenu.cs using Guid(bec661b304bf33645abee6d5b105ce53) Importer(815301076,1909f56bfc062723c751e8b465ee728b) (PreviewImporter) -> (artifact id: '00000000000000000000000000000000') in 0.0005636 seconds
Import Error Code:(4)
Message: Build asset version error: assets/scripts/mainmenu.cs in SourceAssetDB has modification time of '2025-04-30T19:29:19.2731904Z' while content on disk has modification time of '2025-04-30T19:29:20.0365723Z'
  ERROR: Build asset version error: assets/scripts/mainmenu.cs in SourceAssetDB has modification time of '2025-04-30T19:29:19.2731904Z' while content on disk has modification time of '2025-04-30T19:29:20.0365723Z'
Number of updated asset objects reloaded before import = 0Number of asset objects unloaded after import = 0

========================================================================
Received Import Request.
  Time since last request: 0.000018 seconds.
  path: Assets/Scripts/MainMenu.cs
  artifactKey: Guid(bec661b304bf33645abee6d5b105ce53) Importer(815301076,1909f56bfc062723c751e8b465ee728b)
Start importing Assets/Scripts/MainMenu.cs using Guid(bec661b304bf33645abee6d5b105ce53) Importer(815301076,1909f56bfc062723c751e8b465ee728b) (PreviewImporter) -> (artifact id: '00000000000000000000000000000000') in 0.0005224 seconds
Import Error Code:(4)
Message: Build asset version error: assets/scripts/mainmenu.cs in SourceAssetDB has modification time of '2025-04-30T19:29:19.2731904Z' while content on disk has modification time of '2025-04-30T19:29:20.0365723Z'
  ERROR: Build asset version error: assets/scripts/mainmenu.cs in SourceAssetDB has modification time of '2025-04-30T19:29:19.2731904Z' while content on disk has modification time of '2025-04-30T19:29:20.0365723Z'
Number of updated asset objects reloaded before import = 0Number of asset objects unloaded after import = 0

========================================================================
Received Import Request.
  Time since last request: 0.000020 seconds.
  path: Assets/Scripts/MainMenu.cs
  artifactKey: Guid(bec661b304bf33645abee6d5b105ce53) Importer(815301076,1909f56bfc062723c751e8b465ee728b)
Start importing Assets/Scripts/MainMenu.cs using Guid(bec661b304bf33645abee6d5b105ce53) Importer(815301076,1909f56bfc062723c751e8b465ee728b) (PreviewImporter) -> (artifact id: '00000000000000000000000000000000') in 0.0006343 seconds
Import Error Code:(4)
Message: Build asset version error: assets/scripts/mainmenu.cs in SourceAssetDB has modification time of '2025-04-30T19:29:19.2731904Z' while content on disk has modification time of '2025-04-30T19:29:20.0365723Z'
  ERROR: Build asset version error: assets/scripts/mainmenu.cs in SourceAssetDB has modification time of '2025-04-30T19:29:19.2731904Z' while content on disk has modification time of '2025-04-30T19:29:20.0365723Z'
Number of updated asset objects reloaded before import = 0Number of asset objects unloaded after import = 0

========================================================================
Received Import Request.
  Time since last request: 0.000013 seconds.
  path: Assets/Scripts/MainMenu.cs
  artifactKey: Guid(bec661b304bf33645abee6d5b105ce53) Importer(815301076,1909f56bfc062723c751e8b465ee728b)
Start importing Assets/Scripts/MainMenu.cs using Guid(bec661b304bf33645abee6d5b105ce53) Importer(815301076,1909f56bfc062723c751e8b465ee728b) (PreviewImporter) -> (artifact id: '00000000000000000000000000000000') in 0.0005451 seconds
Import Error Code:(4)
Message: Build asset version error: assets/scripts/mainmenu.cs in SourceAssetDB has modification time of '2025-04-30T19:29:19.2731904Z' while content on disk has modification time of '2025-04-30T19:29:20.0365723Z'
  ERROR: Build asset version error: assets/scripts/mainmenu.cs in SourceAssetDB has modification time of '2025-04-30T19:29:19.2731904Z' while content on disk has modification time of '2025-04-30T19:29:20.0365723Z'
Number of updated asset objects reloaded before import = 0Number of asset objects unloaded after import = 0

========================================================================
Received Import Request.
  Time since last request: 0.000016 seconds.
  path: Assets/Scripts/MainMenu.cs
  artifactKey: Guid(bec661b304bf33645abee6d5b105ce53) Importer(815301076,1909f56bfc062723c751e8b465ee728b)
Start importing Assets/Scripts/MainMenu.cs using Guid(bec661b304bf33645abee6d5b105ce53) Importer(815301076,1909f56bfc062723c751e8b465ee728b) (PreviewImporter) -> (artifact id: '00000000000000000000000000000000') in 0.0005292 seconds
Import Error Code:(4)
Message: Build asset version error: assets/scripts/mainmenu.cs in SourceAssetDB has modification time of '2025-04-30T19:29:19.2731904Z' while content on disk has modification time of '2025-04-30T19:29:20.0365723Z'
  ERROR: Build asset version error: assets/scripts/mainmenu.cs in SourceAssetDB has modification time of '2025-04-30T19:29:19.2731904Z' while content on disk has modification time of '2025-04-30T19:29:20.0365723Z'
Number of updated asset objects reloaded before import = 0Number of asset objects unloaded after import = 0

========================================================================
Received Import Request.
  Time since last request: 0.000012 seconds.
  path: Assets/Scripts/MainMenu.cs
  artifactKey: Guid(bec661b304bf33645abee6d5b105ce53) Importer(815301076,1909f56bfc062723c751e8b465ee728b)
Start importing Assets/Scripts/MainMenu.cs using Guid(bec661b304bf33645abee6d5b105ce53) Importer(815301076,1909f56bfc062723c751e8b465ee728b) (PreviewImporter) -> (artifact id: '00000000000000000000000000000000') in 0.0004741 seconds
Import Error Code:(4)
Message: Build asset version error: assets/scripts/mainmenu.cs in SourceAssetDB has modification time of '2025-04-30T19:29:19.2731904Z' while content on disk has modification time of '2025-04-30T19:29:20.0365723Z'
  ERROR: Build asset version error: assets/scripts/mainmenu.cs in SourceAssetDB has modification time of '2025-04-30T19:29:19.2731904Z' while content on disk has modification time of '2025-04-30T19:29:20.0365723Z'
Number of updated asset objects reloaded before import = 0Number of asset objects unloaded after import = 0

========================================================================
Received Import Request.
  Time since last request: 0.000016 seconds.
  path: Assets/Scripts/MainMenu.cs
  artifactKey: Guid(bec661b304bf33645abee6d5b105ce53) Importer(815301076,1909f56bfc062723c751e8b465ee728b)
Start importing Assets/Scripts/MainMenu.cs using Guid(bec661b304bf33645abee6d5b105ce53) Importer(815301076,1909f56bfc062723c751e8b465ee728b) (PreviewImporter) -> (artifact id: '00000000000000000000000000000000') in 0.0005146 seconds
Import Error Code:(4)
Message: Build asset version error: assets/scripts/mainmenu.cs in SourceAssetDB has modification time of '2025-04-30T19:29:19.2731904Z' while content on disk has modification time of '2025-04-30T19:29:20.0365723Z'
  ERROR: Build asset version error: assets/scripts/mainmenu.cs in SourceAssetDB has modification time of '2025-04-30T19:29:19.2731904Z' while content on disk has modification time of '2025-04-30T19:29:20.0365723Z'
Number of updated asset objects reloaded before import = 0Number of asset objects unloaded after import = 0

========================================================================
Received Import Request.
  Time since last request: 0.000020 seconds.
  path: Assets/Scripts/MainMenu.cs
  artifactKey: Guid(bec661b304bf33645abee6d5b105ce53) Importer(815301076,1909f56bfc062723c751e8b465ee728b)
Start importing Assets/Scripts/MainMenu.cs using Guid(bec661b304bf33645abee6d5b105ce53) Importer(815301076,1909f56bfc062723c751e8b465ee728b) (PreviewImporter) -> (artifact id: '00000000000000000000000000000000') in 0.00054 seconds
Import Error Code:(4)
Message: Build asset version error: assets/scripts/mainmenu.cs in SourceAssetDB has modification time of '2025-04-30T19:29:19.2731904Z' while content on disk has modification time of '2025-04-30T19:29:20.0365723Z'
  ERROR: Build asset version error: assets/scripts/mainmenu.cs in SourceAssetDB has modification time of '2025-04-30T19:29:19.2731904Z' while content on disk has modification time of '2025-04-30T19:29:20.0365723Z'
Number of updated asset objects reloaded before import = 0Number of asset objects unloaded after import = 0

========================================================================
Received Import Request.
  Time since last request: 0.000027 seconds.
  path: Assets/Scripts/MainMenu.cs
  artifactKey: Guid(bec661b304bf33645abee6d5b105ce53) Importer(815301076,1909f56bfc062723c751e8b465ee728b)
Start importing Assets/Scripts/MainMenu.cs using Guid(bec661b304bf33645abee6d5b105ce53) Importer(815301076,1909f56bfc062723c751e8b465ee728b) (PreviewImporter) -> (artifact id: '00000000000000000000000000000000') in 0.0005595 seconds
Import Error Code:(4)
Message: Build asset version error: assets/scripts/mainmenu.cs in SourceAssetDB has modification time of '2025-04-30T19:29:19.2731904Z' while content on disk has modification time of '2025-04-30T19:29:20.0365723Z'
  ERROR: Build asset version error: assets/scripts/mainmenu.cs in SourceAssetDB has modification time of '2025-04-30T19:29:19.2731904Z' while content on disk has modification time of '2025-04-30T19:29:20.0365723Z'
Number of updated asset objects reloaded before import = 0Number of asset objects unloaded after import = 0

========================================================================
Received Import Request.
  Time since last request: 0.000013 seconds.
  path: Assets/Scripts/MainMenu.cs
  artifactKey: Guid(bec661b304bf33645abee6d5b105ce53) Importer(815301076,1909f56bfc062723c751e8b465ee728b)
Start importing Assets/Scripts/MainMenu.cs using Guid(bec661b304bf33645abee6d5b105ce53) Importer(815301076,1909f56bfc062723c751e8b465ee728b) (PreviewImporter) -> (artifact id: '00000000000000000000000000000000') in 0.0005174 seconds
Import Error Code:(4)
Message: Build asset version error: assets/scripts/mainmenu.cs in SourceAssetDB has modification time of '2025-04-30T19:29:19.2731904Z' while content on disk has modification time of '2025-04-30T19:29:20.0365723Z'
  ERROR: Build asset version error: assets/scripts/mainmenu.cs in SourceAssetDB has modification time of '2025-04-30T19:29:19.2731904Z' while content on disk has modification time of '2025-04-30T19:29:20.0365723Z'
Number of updated asset objects reloaded before import = 0Number of asset objects unloaded after import = 0

========================================================================
Received Import Request.
  Time since last request: 0.000017 seconds.
  path: Assets/Scripts/MainMenu.cs
  artifactKey: Guid(bec661b304bf33645abee6d5b105ce53) Importer(815301076,1909f56bfc062723c751e8b465ee728b)
Start importing Assets/Scripts/MainMenu.cs using Guid(bec661b304bf33645abee6d5b105ce53) Importer(815301076,1909f56bfc062723c751e8b465ee728b) (PreviewImporter) -> (artifact id: '00000000000000000000000000000000') in 0.0004839 seconds
Import Error Code:(4)
Message: Build asset version error: assets/scripts/mainmenu.cs in SourceAssetDB has modification time of '2025-04-30T19:29:19.2731904Z' while content on disk has modification time of '2025-04-30T19:29:20.0365723Z'
  ERROR: Build asset version error: assets/scripts/mainmenu.cs in SourceAssetDB has modification time of '2025-04-30T19:29:19.2731904Z' while content on disk has modification time of '2025-04-30T19:29:20.0365723Z'
Number of updated asset objects reloaded before import = 0Number of asset objects unloaded after import = 0

========================================================================
Received Import Request.
  Time since last request: 0.000017 seconds.
  path: Assets/Scripts/MainMenu.cs
  artifactKey: Guid(bec661b304bf33645abee6d5b105ce53) Importer(815301076,1909f56bfc062723c751e8b465ee728b)
Start importing Assets/Scripts/MainMenu.cs using Guid(bec661b304bf33645abee6d5b105ce53) Importer(815301076,1909f56bfc062723c751e8b465ee728b) (PreviewImporter) -> (artifact id: '00000000000000000000000000000000') in 0.0006899 seconds
Import Error Code:(4)
Message: Build asset version error: assets/scripts/mainmenu.cs in SourceAssetDB has modification time of '2025-04-30T19:29:19.2731904Z' while content on disk has modification time of '2025-04-30T19:29:20.0365723Z'
  ERROR: Build asset version error: assets/scripts/mainmenu.cs in SourceAssetDB has modification time of '2025-04-30T19:29:19.2731904Z' while content on disk has modification time of '2025-04-30T19:29:20.0365723Z'
Number of updated asset objects reloaded before import = 0Number of asset objects unloaded after import = 0

========================================================================
Received Import Request.
  Time since last request: 0.000016 seconds.
  path: Assets/Scripts/MainMenu.cs
  artifactKey: Guid(bec661b304bf33645abee6d5b105ce53) Importer(815301076,1909f56bfc062723c751e8b465ee728b)
Start importing Assets/Scripts/MainMenu.cs using Guid(bec661b304bf33645abee6d5b105ce53) Importer(815301076,1909f56bfc062723c751e8b465ee728b) (PreviewImporter) -> (artifact id: '00000000000000000000000000000000') in 0.0005004 seconds
Import Error Code:(4)
Message: Build asset version error: assets/scripts/mainmenu.cs in SourceAssetDB has modification time of '2025-04-30T19:29:19.2731904Z' while content on disk has modification time of '2025-04-30T19:29:20.0365723Z'
  ERROR: Build asset version error: assets/scripts/mainmenu.cs in SourceAssetDB has modification time of '2025-04-30T19:29:19.2731904Z' while content on disk has modification time of '2025-04-30T19:29:20.0365723Z'
Number of updated asset objects reloaded before import = 0Number of asset objects unloaded after import = 0

========================================================================
Received Import Request.
  Time since last request: 0.000016 seconds.
  path: Assets/Scripts/MainMenu.cs
  artifactKey: Guid(bec661b304bf33645abee6d5b105ce53) Importer(815301076,1909f56bfc062723c751e8b465ee728b)
Start importing Assets/Scripts/MainMenu.cs using Guid(bec661b304bf33645abee6d5b105ce53) Importer(815301076,1909f56bfc062723c751e8b465ee728b) (PreviewImporter) -> (artifact id: '00000000000000000000000000000000') in 0.0005051 seconds
Import Error Code:(4)
Message: Build asset version error: assets/scripts/mainmenu.cs in SourceAssetDB has modification time of '2025-04-30T19:29:19.2731904Z' while content on disk has modification time of '2025-04-30T19:29:20.0365723Z'
  ERROR: Build asset version error: assets/scripts/mainmenu.cs in SourceAssetDB has modification time of '2025-04-30T19:29:19.2731904Z' while content on disk has modification time of '2025-04-30T19:29:20.0365723Z'
Number of updated asset objects reloaded before import = 0Number of asset objects unloaded after import = 0

========================================================================
Received Import Request.
  Time since last request: 0.000015 seconds.
  path: Assets/Scripts/MainMenu.cs
  artifactKey: Guid(bec661b304bf33645abee6d5b105ce53) Importer(815301076,1909f56bfc062723c751e8b465ee728b)
Start importing Assets/Scripts/MainMenu.cs using Guid(bec661b304bf33645abee6d5b105ce53) Importer(815301076,1909f56bfc062723c751e8b465ee728b) (PreviewImporter) -> (artifact id: '00000000000000000000000000000000') in 0.0005167 seconds
Import Error Code:(4)
Message: Build asset version error: assets/scripts/mainmenu.cs in SourceAssetDB has modification time of '2025-04-30T19:29:19.2731904Z' while content on disk has modification time of '2025-04-30T19:29:20.0365723Z'
  ERROR: Build asset version error: assets/scripts/mainmenu.cs in SourceAssetDB has modification time of '2025-04-30T19:29:19.2731904Z' while content on disk has modification time of '2025-04-30T19:29:20.0365723Z'
Number of updated asset objects reloaded before import = 0Number of asset objects unloaded after import = 0

========================================================================
Received Import Request.
  Time since last request: 0.000013 seconds.
  path: Assets/Scripts/MainMenu.cs
  artifactKey: Guid(bec661b304bf33645abee6d5b105ce53) Importer(815301076,1909f56bfc062723c751e8b465ee728b)
Start importing Assets/Scripts/MainMenu.cs using Guid(bec661b304bf33645abee6d5b105ce53) Importer(815301076,1909f56bfc062723c751e8b465ee728b) (PreviewImporter) -> (artifact id: '00000000000000000000000000000000') in 0.0005342 seconds
Import Error Code:(4)
Message: Build asset version error: assets/scripts/mainmenu.cs in SourceAssetDB has modification time of '2025-04-30T19:29:19.2731904Z' while content on disk has modification time of '2025-04-30T19:29:20.0365723Z'
  ERROR: Build asset version error: assets/scripts/mainmenu.cs in SourceAssetDB has modification time of '2025-04-30T19:29:19.2731904Z' while content on disk has modification time of '2025-04-30T19:29:20.0365723Z'
Number of updated asset objects reloaded before import = 0Number of asset objects unloaded after import = 0

========================================================================
Received Import Request.
  Time since last request: 0.000016 seconds.
  path: Assets/Scripts/MainMenu.cs
  artifactKey: Guid(bec661b304bf33645abee6d5b105ce53) Importer(815301076,1909f56bfc062723c751e8b465ee728b)
Start importing Assets/Scripts/MainMenu.cs using Guid(bec661b304bf33645abee6d5b105ce53) Importer(815301076,1909f56bfc062723c751e8b465ee728b) (PreviewImporter) -> (artifact id: '00000000000000000000000000000000') in 0.0005123 seconds
Import Error Code:(4)
Message: Build asset version error: assets/scripts/mainmenu.cs in SourceAssetDB has modification time of '2025-04-30T19:29:19.2731904Z' while content on disk has modification time of '2025-04-30T19:29:20.0365723Z'
  ERROR: Build asset version error: assets/scripts/mainmenu.cs in SourceAssetDB has modification time of '2025-04-30T19:29:19.2731904Z' while content on disk has modification time of '2025-04-30T19:29:20.0365723Z'
Number of updated asset objects reloaded before import = 0Number of asset objects unloaded after import = 0

========================================================================
Received Import Request.
  Time since last request: 0.000018 seconds.
  path: Assets/Scripts/MainMenu.cs
  artifactKey: Guid(bec661b304bf33645abee6d5b105ce53) Importer(815301076,1909f56bfc062723c751e8b465ee728b)
Start importing Assets/Scripts/MainMenu.cs using Guid(bec661b304bf33645abee6d5b105ce53) Importer(815301076,1909f56bfc062723c751e8b465ee728b) (PreviewImporter) -> (artifact id: '00000000000000000000000000000000') in 0.000507 seconds
Import Error Code:(4)
Message: Build asset version error: assets/scripts/mainmenu.cs in SourceAssetDB has modification time of '2025-04-30T19:29:19.2731904Z' while content on disk has modification time of '2025-04-30T19:29:20.0365723Z'
  ERROR: Build asset version error: assets/scripts/mainmenu.cs in SourceAssetDB has modification time of '2025-04-30T19:29:19.2731904Z' while content on disk has modification time of '2025-04-30T19:29:20.0365723Z'
Number of updated asset objects reloaded before import = 0Number of asset objects unloaded after import = 0

========================================================================
Received Import Request.
  Time since last request: 0.000024 seconds.
  path: Assets/Scripts/MainMenu.cs
  artifactKey: Guid(bec661b304bf33645abee6d5b105ce53) Importer(815301076,1909f56bfc062723c751e8b465ee728b)
Start importing Assets/Scripts/MainMenu.cs using Guid(bec661b304bf33645abee6d5b105ce53) Importer(815301076,1909f56bfc062723c751e8b465ee728b) (PreviewImporter) -> (artifact id: '00000000000000000000000000000000') in 0.000503 seconds
Import Error Code:(4)
Message: Build asset version error: assets/scripts/mainmenu.cs in SourceAssetDB has modification time of '2025-04-30T19:29:19.2731904Z' while content on disk has modification time of '2025-04-30T19:29:20.0365723Z'
  ERROR: Build asset version error: assets/scripts/mainmenu.cs in SourceAssetDB has modification time of '2025-04-30T19:29:19.2731904Z' while content on disk has modification time of '2025-04-30T19:29:20.0365723Z'
Number of updated asset objects reloaded before import = 0Number of asset objects unloaded after import = 0

========================================================================
Received Import Request.
  Time since last request: 0.000017 seconds.
  path: Assets/Scripts/MainMenu.cs
  artifactKey: Guid(bec661b304bf33645abee6d5b105ce53) Importer(815301076,1909f56bfc062723c751e8b465ee728b)
Start importing Assets/Scripts/MainMenu.cs using Guid(bec661b304bf33645abee6d5b105ce53) Importer(815301076,1909f56bfc062723c751e8b465ee728b) (PreviewImporter) -> (artifact id: '00000000000000000000000000000000') in 0.0005424 seconds
Import Error Code:(4)
Message: Build asset version error: assets/scripts/mainmenu.cs in SourceAssetDB has modification time of '2025-04-30T19:29:19.2731904Z' while content on disk has modification time of '2025-04-30T19:29:20.0365723Z'
  ERROR: Build asset version error: assets/scripts/mainmenu.cs in SourceAssetDB has modification time of '2025-04-30T19:29:19.2731904Z' while content on disk has modification time of '2025-04-30T19:29:20.0365723Z'
Number of updated asset objects reloaded before import = 0Number of asset objects unloaded after import = 0

========================================================================
Received Import Request.
  Time since last request: 0.000018 seconds.
  path: Assets/Scripts/MainMenu.cs
  artifactKey: Guid(bec661b304bf33645abee6d5b105ce53) Importer(815301076,1909f56bfc062723c751e8b465ee728b)
Start importing Assets/Scripts/MainMenu.cs using Guid(bec661b304bf33645abee6d5b105ce53) Importer(815301076,1909f56bfc062723c751e8b465ee728b) (PreviewImporter) -> (artifact id: '00000000000000000000000000000000') in 0.0004443 seconds
Import Error Code:(4)
Message: Build asset version error: assets/scripts/mainmenu.cs in SourceAssetDB has modification time of '2025-04-30T19:29:19.2731904Z' while content on disk has modification time of '2025-04-30T19:29:20.0365723Z'
  ERROR: Build asset version error: assets/scripts/mainmenu.cs in SourceAssetDB has modification time of '2025-04-30T19:29:19.2731904Z' while content on disk has modification time of '2025-04-30T19:29:20.0365723Z'
Number of updated asset objects reloaded before import = 0Number of asset objects unloaded after import = 0

========================================================================
Received Import Request.
  Time since last request: 0.000017 seconds.
  path: Assets/Scripts/MainMenu.cs
  artifactKey: Guid(bec661b304bf33645abee6d5b105ce53) Importer(815301076,1909f56bfc062723c751e8b465ee728b)
Start importing Assets/Scripts/MainMenu.cs using Guid(bec661b304bf33645abee6d5b105ce53) Importer(815301076,1909f56bfc062723c751e8b465ee728b) (PreviewImporter) -> (artifact id: '00000000000000000000000000000000') in 0.0007537 seconds
Import Error Code:(4)
Message: Build asset version error: assets/scripts/mainmenu.cs in SourceAssetDB has modification time of '2025-04-30T19:29:19.2731904Z' while content on disk has modification time of '2025-04-30T19:29:20.0365723Z'
  ERROR: Build asset version error: assets/scripts/mainmenu.cs in SourceAssetDB has modification time of '2025-04-30T19:29:19.2731904Z' while content on disk has modification time of '2025-04-30T19:29:20.0365723Z'
Number of updated asset objects reloaded before import = 0Number of asset objects unloaded after import = 0

========================================================================
Received Import Request.
  Time since last request: 0.000017 seconds.
  path: Assets/Scripts/MainMenu.cs
  artifactKey: Guid(bec661b304bf33645abee6d5b105ce53) Importer(815301076,1909f56bfc062723c751e8b465ee728b)
Start importing Assets/Scripts/MainMenu.cs using Guid(bec661b304bf33645abee6d5b105ce53) Importer(815301076,1909f56bfc062723c751e8b465ee728b) (PreviewImporter) -> (artifact id: '00000000000000000000000000000000') in 0.0006024 seconds
Import Error Code:(4)
Message: Build asset version error: assets/scripts/mainmenu.cs in SourceAssetDB has modification time of '2025-04-30T19:29:19.2731904Z' while content on disk has modification time of '2025-04-30T19:29:20.0365723Z'
  ERROR: Build asset version error: assets/scripts/mainmenu.cs in SourceAssetDB has modification time of '2025-04-30T19:29:19.2731904Z' while content on disk has modification time of '2025-04-30T19:29:20.0365723Z'
Number of updated asset objects reloaded before import = 0Number of asset objects unloaded after import = 0

========================================================================
Received Import Request.
  Time since last request: 0.000017 seconds.
  path: Assets/Scripts/MainMenu.cs
  artifactKey: Guid(bec661b304bf33645abee6d5b105ce53) Importer(815301076,1909f56bfc062723c751e8b465ee728b)
Start importing Assets/Scripts/MainMenu.cs using Guid(bec661b304bf33645abee6d5b105ce53) Importer(815301076,1909f56bfc062723c751e8b465ee728b) (PreviewImporter) -> (artifact id: '00000000000000000000000000000000') in 0.0005336 seconds
Import Error Code:(4)
Message: Build asset version error: assets/scripts/mainmenu.cs in SourceAssetDB has modification time of '2025-04-30T19:29:19.2731904Z' while content on disk has modification time of '2025-04-30T19:29:20.0365723Z'
  ERROR: Build asset version error: assets/scripts/mainmenu.cs in SourceAssetDB has modification time of '2025-04-30T19:29:19.2731904Z' while content on disk has modification time of '2025-04-30T19:29:20.0365723Z'
Number of updated asset objects reloaded before import = 0Number of asset objects unloaded after import = 0

========================================================================
Received Import Request.
  Time since last request: 0.000016 seconds.
  path: Assets/Scripts/MainMenu.cs
  artifactKey: Guid(bec661b304bf33645abee6d5b105ce53) Importer(815301076,1909f56bfc062723c751e8b465ee728b)
Start importing Assets/Scripts/MainMenu.cs using Guid(bec661b304bf33645abee6d5b105ce53) Importer(815301076,1909f56bfc062723c751e8b465ee728b) (PreviewImporter) -> (artifact id: '00000000000000000000000000000000') in 0.0005265 seconds
Import Error Code:(4)
Message: Build asset version error: assets/scripts/mainmenu.cs in SourceAssetDB has modification time of '2025-04-30T19:29:19.2731904Z' while content on disk has modification time of '2025-04-30T19:29:20.0365723Z'
  ERROR: Build asset version error: assets/scripts/mainmenu.cs in SourceAssetDB has modification time of '2025-04-30T19:29:19.2731904Z' while content on disk has modification time of '2025-04-30T19:29:20.0365723Z'
Number of updated asset objects reloaded before import = 0Number of asset objects unloaded after import = 0

========================================================================
Received Import Request.
  Time since last request: 0.000016 seconds.
  path: Assets/Scripts/MainMenu.cs
  artifactKey: Guid(bec661b304bf33645abee6d5b105ce53) Importer(815301076,1909f56bfc062723c751e8b465ee728b)
Start importing Assets/Scripts/MainMenu.cs using Guid(bec661b304bf33645abee6d5b105ce53) Importer(815301076,1909f56bfc062723c751e8b465ee728b) (PreviewImporter) -> (artifact id: '00000000000000000000000000000000') in 0.0005379 seconds
Import Error Code:(4)
Message: Build asset version error: assets/scripts/mainmenu.cs in SourceAssetDB has modification time of '2025-04-30T19:29:19.2731904Z' while content on disk has modification time of '2025-04-30T19:29:20.0365723Z'
  ERROR: Build asset version error: assets/scripts/mainmenu.cs in SourceAssetDB has modification time of '2025-04-30T19:29:19.2731904Z' while content on disk has modification time of '2025-04-30T19:29:20.0365723Z'
Number of updated asset objects reloaded before import = 0Number of asset objects unloaded after import = 0

========================================================================
Received Import Request.
  Time since last request: 0.000027 seconds.
  path: Assets/Scripts/MainMenu.cs
  artifactKey: Guid(bec661b304bf33645abee6d5b105ce53) Importer(815301076,1909f56bfc062723c751e8b465ee728b)
Start importing Assets/Scripts/MainMenu.cs using Guid(bec661b304bf33645abee6d5b105ce53) Importer(815301076,1909f56bfc062723c751e8b465ee728b) (PreviewImporter) -> (artifact id: '00000000000000000000000000000000') in 0.0005956 seconds
Import Error Code:(4)
Message: Build asset version error: assets/scripts/mainmenu.cs in SourceAssetDB has modification time of '2025-04-30T19:29:19.2731904Z' while content on disk has modification time of '2025-04-30T19:29:20.0365723Z'
  ERROR: Build asset version error: assets/scripts/mainmenu.cs in SourceAssetDB has modification time of '2025-04-30T19:29:19.2731904Z' while content on disk has modification time of '2025-04-30T19:29:20.0365723Z'
Number of updated asset objects reloaded before import = 0Number of asset objects unloaded after import = 0

========================================================================
Received Import Request.
  Time since last request: 0.000025 seconds.
  path: Assets/Scripts/MainMenu.cs
  artifactKey: Guid(bec661b304bf33645abee6d5b105ce53) Importer(815301076,1909f56bfc062723c751e8b465ee728b)
Start importing Assets/Scripts/MainMenu.cs using Guid(bec661b304bf33645abee6d5b105ce53) Importer(815301076,1909f56bfc062723c751e8b465ee728b) (PreviewImporter) -> (artifact id: '00000000000000000000000000000000') in 0.0005416 seconds
Import Error Code:(4)
Message: Build asset version error: assets/scripts/mainmenu.cs in SourceAssetDB has modification time of '2025-04-30T19:29:19.2731904Z' while content on disk has modification time of '2025-04-30T19:29:20.0365723Z'
  ERROR: Build asset version error: assets/scripts/mainmenu.cs in SourceAssetDB has modification time of '2025-04-30T19:29:19.2731904Z' while content on disk has modification time of '2025-04-30T19:29:20.0365723Z'
Number of updated asset objects reloaded before import = 0Number of asset objects unloaded after import = 0

========================================================================
Received Import Request.
  Time since last request: 0.000015 seconds.
  path: Assets/Scripts/MainMenu.cs
  artifactKey: Guid(bec661b304bf33645abee6d5b105ce53) Importer(815301076,1909f56bfc062723c751e8b465ee728b)
Start importing Assets/Scripts/MainMenu.cs using Guid(bec661b304bf33645abee6d5b105ce53) Importer(815301076,1909f56bfc062723c751e8b465ee728b) (PreviewImporter) -> (artifact id: '00000000000000000000000000000000') in 0.0004766 seconds
Import Error Code:(4)
Message: Build asset version error: assets/scripts/mainmenu.cs in SourceAssetDB has modification time of '2025-04-30T19:29:19.2731904Z' while content on disk has modification time of '2025-04-30T19:29:20.0365723Z'
  ERROR: Build asset version error: assets/scripts/mainmenu.cs in SourceAssetDB has modification time of '2025-04-30T19:29:19.2731904Z' while content on disk has modification time of '2025-04-30T19:29:20.0365723Z'
Number of updated asset objects reloaded before import = 0Number of asset objects unloaded after import = 0

========================================================================
Received Import Request.
  Time since last request: 0.000023 seconds.
  path: Assets/Scripts/MainMenu.cs
  artifactKey: Guid(bec661b304bf33645abee6d5b105ce53) Importer(815301076,1909f56bfc062723c751e8b465ee728b)
Start importing Assets/Scripts/MainMenu.cs using Guid(bec661b304bf33645abee6d5b105ce53) Importer(815301076,1909f56bfc062723c751e8b465ee728b) (PreviewImporter) -> (artifact id: '00000000000000000000000000000000') in 0.0005443 seconds
Import Error Code:(4)
Message: Build asset version error: assets/scripts/mainmenu.cs in SourceAssetDB has modification time of '2025-04-30T19:29:19.2731904Z' while content on disk has modification time of '2025-04-30T19:29:20.0365723Z'
  ERROR: Build asset version error: assets/scripts/mainmenu.cs in SourceAssetDB has modification time of '2025-04-30T19:29:19.2731904Z' while content on disk has modification time of '2025-04-30T19:29:20.0365723Z'
Number of updated asset objects reloaded before import = 0Number of asset objects unloaded after import = 0

========================================================================
Received Import Request.
  Time since last request: 0.000022 seconds.
  path: Assets/Scripts/MainMenu.cs
  artifactKey: Guid(bec661b304bf33645abee6d5b105ce53) Importer(815301076,1909f56bfc062723c751e8b465ee728b)
Start importing Assets/Scripts/MainMenu.cs using Guid(bec661b304bf33645abee6d5b105ce53) Importer(815301076,1909f56bfc062723c751e8b465ee728b) (PreviewImporter) -> (artifact id: '00000000000000000000000000000000') in 0.0005686 seconds
Import Error Code:(4)
Message: Build asset version error: assets/scripts/mainmenu.cs in SourceAssetDB has modification time of '2025-04-30T19:29:19.2731904Z' while content on disk has modification time of '2025-04-30T19:29:20.0365723Z'
  ERROR: Build asset version error: assets/scripts/mainmenu.cs in SourceAssetDB has modification time of '2025-04-30T19:29:19.2731904Z' while content on disk has modification time of '2025-04-30T19:29:20.0365723Z'
Number of updated asset objects reloaded before import = 0Number of asset objects unloaded after import = 0

========================================================================
Received Import Request.
  Time since last request: 0.000016 seconds.
  path: Assets/Scripts/MainMenu.cs
  artifactKey: Guid(bec661b304bf33645abee6d5b105ce53) Importer(815301076,1909f56bfc062723c751e8b465ee728b)
Start importing Assets/Scripts/MainMenu.cs using Guid(bec661b304bf33645abee6d5b105ce53) Importer(815301076,1909f56bfc062723c751e8b465ee728b) (PreviewImporter) -> (artifact id: '00000000000000000000000000000000') in 0.000535 seconds
Import Error Code:(4)
Message: Build asset version error: assets/scripts/mainmenu.cs in SourceAssetDB has modification time of '2025-04-30T19:29:19.2731904Z' while content on disk has modification time of '2025-04-30T19:29:20.0365723Z'
  ERROR: Build asset version error: assets/scripts/mainmenu.cs in SourceAssetDB has modification time of '2025-04-30T19:29:19.2731904Z' while content on disk has modification time of '2025-04-30T19:29:20.0365723Z'
Number of updated asset objects reloaded before import = 0Number of asset objects unloaded after import = 0

========================================================================
Received Import Request.
  Time since last request: 0.000023 seconds.
  path: Assets/Scripts/MainMenu.cs
  artifactKey: Guid(bec661b304bf33645abee6d5b105ce53) Importer(815301076,1909f56bfc062723c751e8b465ee728b)
Start importing Assets/Scripts/MainMenu.cs using Guid(bec661b304bf33645abee6d5b105ce53) Importer(815301076,1909f56bfc062723c751e8b465ee728b) (PreviewImporter) -> (artifact id: '00000000000000000000000000000000') in 0.0008485 seconds
Import Error Code:(4)
Message: Build asset version error: assets/scripts/mainmenu.cs in SourceAssetDB has modification time of '2025-04-30T19:29:19.2731904Z' while content on disk has modification time of '2025-04-30T19:29:20.0365723Z'
  ERROR: Build asset version error: assets/scripts/mainmenu.cs in SourceAssetDB has modification time of '2025-04-30T19:29:19.2731904Z' while content on disk has modification time of '2025-04-30T19:29:20.0365723Z'
Number of updated asset objects reloaded before import = 0Number of asset objects unloaded after import = 0

========================================================================
Received Import Request.
  Time since last request: 0.000016 seconds.
  path: Assets/Scripts/MainMenu.cs
  artifactKey: Guid(bec661b304bf33645abee6d5b105ce53) Importer(815301076,1909f56bfc062723c751e8b465ee728b)
Start importing Assets/Scripts/MainMenu.cs using Guid(bec661b304bf33645abee6d5b105ce53) Importer(815301076,1909f56bfc062723c751e8b465ee728b) (PreviewImporter) -> (artifact id: '00000000000000000000000000000000') in 0.0005384 seconds
Import Error Code:(4)
Message: Build asset version error: assets/scripts/mainmenu.cs in SourceAssetDB has modification time of '2025-04-30T19:29:19.2731904Z' while content on disk has modification time of '2025-04-30T19:29:20.0365723Z'
  ERROR: Build asset version error: assets/scripts/mainmenu.cs in SourceAssetDB has modification time of '2025-04-30T19:29:19.2731904Z' while content on disk has modification time of '2025-04-30T19:29:20.0365723Z'
Number of updated asset objects reloaded before import = 0Number of asset objects unloaded after import = 0

========================================================================
Received Import Request.
  Time since last request: 0.000018 seconds.
  path: Assets/Scripts/MainMenu.cs
  artifactKey: Guid(bec661b304bf33645abee6d5b105ce53) Importer(815301076,1909f56bfc062723c751e8b465ee728b)
Start importing Assets/Scripts/MainMenu.cs using Guid(bec661b304bf33645abee6d5b105ce53) Importer(815301076,1909f56bfc062723c751e8b465ee728b) (PreviewImporter) -> (artifact id: '00000000000000000000000000000000') in 0.0005583 seconds
Import Error Code:(4)
Message: Build asset version error: assets/scripts/mainmenu.cs in SourceAssetDB has modification time of '2025-04-30T19:29:19.2731904Z' while content on disk has modification time of '2025-04-30T19:29:20.0365723Z'
  ERROR: Build asset version error: assets/scripts/mainmenu.cs in SourceAssetDB has modification time of '2025-04-30T19:29:19.2731904Z' while content on disk has modification time of '2025-04-30T19:29:20.0365723Z'
Number of updated asset objects reloaded before import = 0Number of asset objects unloaded after import = 0

========================================================================
Received Import Request.
  Time since last request: 0.000018 seconds.
  path: Assets/Scripts/MainMenu.cs
  artifactKey: Guid(bec661b304bf33645abee6d5b105ce53) Importer(815301076,1909f56bfc062723c751e8b465ee728b)
Start importing Assets/Scripts/MainMenu.cs using Guid(bec661b304bf33645abee6d5b105ce53) Importer(815301076,1909f56bfc062723c751e8b465ee728b) (PreviewImporter) -> (artifact id: '00000000000000000000000000000000') in 0.0005688 seconds
Import Error Code:(4)
Message: Build asset version error: assets/scripts/mainmenu.cs in SourceAssetDB has modification time of '2025-04-30T19:29:19.2731904Z' while content on disk has modification time of '2025-04-30T19:29:20.0365723Z'
  ERROR: Build asset version error: assets/scripts/mainmenu.cs in SourceAssetDB has modification time of '2025-04-30T19:29:19.2731904Z' while content on disk has modification time of '2025-04-30T19:29:20.0365723Z'
Number of updated asset objects reloaded before import = 0Number of asset objects unloaded after import = 0

========================================================================
Received Import Request.
  Time since last request: 0.000032 seconds.
  path: Assets/Scripts/MainMenu.cs
  artifactKey: Guid(bec661b304bf33645abee6d5b105ce53) Importer(815301076,1909f56bfc062723c751e8b465ee728b)
Start importing Assets/Scripts/MainMenu.cs using Guid(bec661b304bf33645abee6d5b105ce53) Importer(815301076,1909f56bfc062723c751e8b465ee728b) (PreviewImporter) -> (artifact id: '00000000000000000000000000000000') in 0.000556 seconds
Import Error Code:(4)
Message: Build asset version error: assets/scripts/mainmenu.cs in SourceAssetDB has modification time of '2025-04-30T19:29:19.2731904Z' while content on disk has modification time of '2025-04-30T19:29:20.0365723Z'
  ERROR: Build asset version error: assets/scripts/mainmenu.cs in SourceAssetDB has modification time of '2025-04-30T19:29:19.2731904Z' while content on disk has modification time of '2025-04-30T19:29:20.0365723Z'
Number of updated asset objects reloaded before import = 0Number of asset objects unloaded after import = 0

========================================================================
Received Import Request.
  Time since last request: 0.000017 seconds.
  path: Assets/Scripts/MainMenu.cs
  artifactKey: Guid(bec661b304bf33645abee6d5b105ce53) Importer(815301076,1909f56bfc062723c751e8b465ee728b)
Start importing Assets/Scripts/MainMenu.cs using Guid(bec661b304bf33645abee6d5b105ce53) Importer(815301076,1909f56bfc062723c751e8b465ee728b) (PreviewImporter) -> (artifact id: '00000000000000000000000000000000') in 0.0006088 seconds
Import Error Code:(4)
Message: Build asset version error: assets/scripts/mainmenu.cs in SourceAssetDB has modification time of '2025-04-30T19:29:19.2731904Z' while content on disk has modification time of '2025-04-30T19:29:20.0365723Z'
  ERROR: Build asset version error: assets/scripts/mainmenu.cs in SourceAssetDB has modification time of '2025-04-30T19:29:19.2731904Z' while content on disk has modification time of '2025-04-30T19:29:20.0365723Z'
Number of updated asset objects reloaded before import = 0Number of asset objects unloaded after import = 0

========================================================================
Received Import Request.
  Time since last request: 0.000021 seconds.
  path: Assets/Scripts/MainMenu.cs
  artifactKey: Guid(bec661b304bf33645abee6d5b105ce53) Importer(815301076,1909f56bfc062723c751e8b465ee728b)
Start importing Assets/Scripts/MainMenu.cs using Guid(bec661b304bf33645abee6d5b105ce53) Importer(815301076,1909f56bfc062723c751e8b465ee728b) (PreviewImporter) -> (artifact id: '00000000000000000000000000000000') in 0.00053 seconds
Import Error Code:(4)
Message: Build asset version error: assets/scripts/mainmenu.cs in SourceAssetDB has modification time of '2025-04-30T19:29:19.2731904Z' while content on disk has modification time of '2025-04-30T19:29:20.0365723Z'
  ERROR: Build asset version error: assets/scripts/mainmenu.cs in SourceAssetDB has modification time of '2025-04-30T19:29:19.2731904Z' while content on disk has modification time of '2025-04-30T19:29:20.0365723Z'
Number of updated asset objects reloaded before import = 0Number of asset objects unloaded after import = 0

========================================================================
Received Import Request.
  Time since last request: 0.000021 seconds.
  path: Assets/Scripts/MainMenu.cs
  artifactKey: Guid(bec661b304bf33645abee6d5b105ce53) Importer(815301076,1909f56bfc062723c751e8b465ee728b)
Start importing Assets/Scripts/MainMenu.cs using Guid(bec661b304bf33645abee6d5b105ce53) Importer(815301076,1909f56bfc062723c751e8b465ee728b) (PreviewImporter) -> (artifact id: '00000000000000000000000000000000') in 0.0005506 seconds
Import Error Code:(4)
Message: Build asset version error: assets/scripts/mainmenu.cs in SourceAssetDB has modification time of '2025-04-30T19:29:19.2731904Z' while content on disk has modification time of '2025-04-30T19:29:20.0365723Z'
  ERROR: Build asset version error: assets/scripts/mainmenu.cs in SourceAssetDB has modification time of '2025-04-30T19:29:19.2731904Z' while content on disk has modification time of '2025-04-30T19:29:20.0365723Z'
Number of updated asset objects reloaded before import = 0Number of asset objects unloaded after import = 0

========================================================================
Received Import Request.
  Time since last request: 0.000018 seconds.
  path: Assets/Scripts/MainMenu.cs
  artifactKey: Guid(bec661b304bf33645abee6d5b105ce53) Importer(815301076,1909f56bfc062723c751e8b465ee728b)
Start importing Assets/Scripts/MainMenu.cs using Guid(bec661b304bf33645abee6d5b105ce53) Importer(815301076,1909f56bfc062723c751e8b465ee728b) (PreviewImporter) -> (artifact id: '00000000000000000000000000000000') in 0.0005593 seconds
Import Error Code:(4)
Message: Build asset version error: assets/scripts/mainmenu.cs in SourceAssetDB has modification time of '2025-04-30T19:29:19.2731904Z' while content on disk has modification time of '2025-04-30T19:29:20.0365723Z'
  ERROR: Build asset version error: assets/scripts/mainmenu.cs in SourceAssetDB has modification time of '2025-04-30T19:29:19.2731904Z' while content on disk has modification time of '2025-04-30T19:29:20.0365723Z'
Number of updated asset objects reloaded before import = 0Number of asset objects unloaded after import = 0

========================================================================
Received Import Request.
  Time since last request: 0.000019 seconds.
  path: Assets/Scripts/MainMenu.cs
  artifactKey: Guid(bec661b304bf33645abee6d5b105ce53) Importer(815301076,1909f56bfc062723c751e8b465ee728b)
Start importing Assets/Scripts/MainMenu.cs using Guid(bec661b304bf33645abee6d5b105ce53) Importer(815301076,1909f56bfc062723c751e8b465ee728b) (PreviewImporter) -> (artifact id: '00000000000000000000000000000000') in 0.0005355 seconds
Import Error Code:(4)
Message: Build asset version error: assets/scripts/mainmenu.cs in SourceAssetDB has modification time of '2025-04-30T19:29:19.2731904Z' while content on disk has modification time of '2025-04-30T19:29:20.0365723Z'
  ERROR: Build asset version error: assets/scripts/mainmenu.cs in SourceAssetDB has modification time of '2025-04-30T19:29:19.2731904Z' while content on disk has modification time of '2025-04-30T19:29:20.0365723Z'
Number of updated asset objects reloaded before import = 0Number of asset objects unloaded after import = 0

========================================================================
Received Import Request.
  Time since last request: 0.000023 seconds.
  path: Assets/Scripts/MainMenu.cs
  artifactKey: Guid(bec661b304bf33645abee6d5b105ce53) Importer(815301076,1909f56bfc062723c751e8b465ee728b)
Start importing Assets/Scripts/MainMenu.cs using Guid(bec661b304bf33645abee6d5b105ce53) Importer(815301076,1909f56bfc062723c751e8b465ee728b) (PreviewImporter) -> (artifact id: '00000000000000000000000000000000') in 0.0007089 seconds
Import Error Code:(4)
Message: Build asset version error: assets/scripts/mainmenu.cs in SourceAssetDB has modification time of '2025-04-30T19:29:19.2731904Z' while content on disk has modification time of '2025-04-30T19:29:20.0365723Z'
  ERROR: Build asset version error: assets/scripts/mainmenu.cs in SourceAssetDB has modification time of '2025-04-30T19:29:19.2731904Z' while content on disk has modification time of '2025-04-30T19:29:20.0365723Z'
Number of updated asset objects reloaded before import = 0Number of asset objects unloaded after import = 0

========================================================================
Received Import Request.
  Time since last request: 0.000019 seconds.
  path: Assets/Scripts/MainMenu.cs
  artifactKey: Guid(bec661b304bf33645abee6d5b105ce53) Importer(815301076,1909f56bfc062723c751e8b465ee728b)
Start importing Assets/Scripts/MainMenu.cs using Guid(bec661b304bf33645abee6d5b105ce53) Importer(815301076,1909f56bfc062723c751e8b465ee728b) (PreviewImporter) -> (artifact id: '00000000000000000000000000000000') in 0.0005471 seconds
Import Error Code:(4)
Message: Build asset version error: assets/scripts/mainmenu.cs in SourceAssetDB has modification time of '2025-04-30T19:29:19.2731904Z' while content on disk has modification time of '2025-04-30T19:29:20.0365723Z'
  ERROR: Build asset version error: assets/scripts/mainmenu.cs in SourceAssetDB has modification time of '2025-04-30T19:29:19.2731904Z' while content on disk has modification time of '2025-04-30T19:29:20.0365723Z'
Number of updated asset objects reloaded before import = 0Number of asset objects unloaded after import = 0

========================================================================
Received Import Request.
  Time since last request: 0.000028 seconds.
  path: Assets/Scripts/MainMenu.cs
  artifactKey: Guid(bec661b304bf33645abee6d5b105ce53) Importer(815301076,1909f56bfc062723c751e8b465ee728b)
Start importing Assets/Scripts/MainMenu.cs using Guid(bec661b304bf33645abee6d5b105ce53) Importer(815301076,1909f56bfc062723c751e8b465ee728b) (PreviewImporter) -> (artifact id: '00000000000000000000000000000000') in 0.0005188 seconds
Import Error Code:(4)
Message: Build asset version error: assets/scripts/mainmenu.cs in SourceAssetDB has modification time of '2025-04-30T19:29:19.2731904Z' while content on disk has modification time of '2025-04-30T19:29:20.0365723Z'
  ERROR: Build asset version error: assets/scripts/mainmenu.cs in SourceAssetDB has modification time of '2025-04-30T19:29:19.2731904Z' while content on disk has modification time of '2025-04-30T19:29:20.0365723Z'
Number of updated asset objects reloaded before import = 0Number of asset objects unloaded after import = 0

========================================================================
Received Import Request.
  Time since last request: 0.000016 seconds.
  path: Assets/Scripts/MainMenu.cs
  artifactKey: Guid(bec661b304bf33645abee6d5b105ce53) Importer(815301076,1909f56bfc062723c751e8b465ee728b)
Start importing Assets/Scripts/MainMenu.cs using Guid(bec661b304bf33645abee6d5b105ce53) Importer(815301076,1909f56bfc062723c751e8b465ee728b) (PreviewImporter) -> (artifact id: '00000000000000000000000000000000') in 0.0005287 seconds
Import Error Code:(4)
Message: Build asset version error: assets/scripts/mainmenu.cs in SourceAssetDB has modification time of '2025-04-30T19:29:19.2731904Z' while content on disk has modification time of '2025-04-30T19:29:20.0365723Z'
  ERROR: Build asset version error: assets/scripts/mainmenu.cs in SourceAssetDB has modification time of '2025-04-30T19:29:19.2731904Z' while content on disk has modification time of '2025-04-30T19:29:20.0365723Z'
Number of updated asset objects reloaded before import = 0Number of asset objects unloaded after import = 0

========================================================================
Received Import Request.
  Time since last request: 0.000025 seconds.
  path: Assets/Scripts/MainMenu.cs
  artifactKey: Guid(bec661b304bf33645abee6d5b105ce53) Importer(815301076,1909f56bfc062723c751e8b465ee728b)
Start importing Assets/Scripts/MainMenu.cs using Guid(bec661b304bf33645abee6d5b105ce53) Importer(815301076,1909f56bfc062723c751e8b465ee728b) (PreviewImporter) -> (artifact id: '00000000000000000000000000000000') in 0.0006607 seconds
Import Error Code:(4)
Message: Build asset version error: assets/scripts/mainmenu.cs in SourceAssetDB has modification time of '2025-04-30T19:29:19.2731904Z' while content on disk has modification time of '2025-04-30T19:29:20.0365723Z'
  ERROR: Build asset version error: assets/scripts/mainmenu.cs in SourceAssetDB has modification time of '2025-04-30T19:29:19.2731904Z' while content on disk has modification time of '2025-04-30T19:29:20.0365723Z'
Number of updated asset objects reloaded before import = 0Number of asset objects unloaded after import = 0

========================================================================
Received Import Request.
  Time since last request: 0.000016 seconds.
  path: Assets/Scripts/MainMenu.cs
  artifactKey: Guid(bec661b304bf33645abee6d5b105ce53) Importer(815301076,1909f56bfc062723c751e8b465ee728b)
Start importing Assets/Scripts/MainMenu.cs using Guid(bec661b304bf33645abee6d5b105ce53) Importer(815301076,1909f56bfc062723c751e8b465ee728b) (PreviewImporter) -> (artifact id: '00000000000000000000000000000000') in 0.0005733 seconds
Import Error Code:(4)
Message: Build asset version error: assets/scripts/mainmenu.cs in SourceAssetDB has modification time of '2025-04-30T19:29:19.2731904Z' while content on disk has modification time of '2025-04-30T19:29:20.0365723Z'
  ERROR: Build asset version error: assets/scripts/mainmenu.cs in SourceAssetDB has modification time of '2025-04-30T19:29:19.2731904Z' while content on disk has modification time of '2025-04-30T19:29:20.0365723Z'
Number of updated asset objects reloaded before import = 0Number of asset objects unloaded after import = 0

========================================================================
Received Import Request.
  Time since last request: 0.000017 seconds.
  path: Assets/Scripts/MainMenu.cs
  artifactKey: Guid(bec661b304bf33645abee6d5b105ce53) Importer(815301076,1909f56bfc062723c751e8b465ee728b)
Start importing Assets/Scripts/MainMenu.cs using Guid(bec661b304bf33645abee6d5b105ce53) Importer(815301076,1909f56bfc062723c751e8b465ee728b) (PreviewImporter) -> (artifact id: '00000000000000000000000000000000') in 0.0006401 seconds
Import Error Code:(4)
Message: Build asset version error: assets/scripts/mainmenu.cs in SourceAssetDB has modification time of '2025-04-30T19:29:19.2731904Z' while content on disk has modification time of '2025-04-30T19:29:20.0365723Z'
  ERROR: Build asset version error: assets/scripts/mainmenu.cs in SourceAssetDB has modification time of '2025-04-30T19:29:19.2731904Z' while content on disk has modification time of '2025-04-30T19:29:20.0365723Z'
Number of updated asset objects reloaded before import = 0Number of asset objects unloaded after import = 0

========================================================================
Received Import Request.
  Time since last request: 0.000016 seconds.
  path: Assets/Scripts/MainMenu.cs
  artifactKey: Guid(bec661b304bf33645abee6d5b105ce53) Importer(815301076,1909f56bfc062723c751e8b465ee728b)
Start importing Assets/Scripts/MainMenu.cs using Guid(bec661b304bf33645abee6d5b105ce53) Importer(815301076,1909f56bfc062723c751e8b465ee728b) (PreviewImporter) -> (artifact id: '00000000000000000000000000000000') in 0.0005073 seconds
Import Error Code:(4)
Message: Build asset version error: assets/scripts/mainmenu.cs in SourceAssetDB has modification time of '2025-04-30T19:29:19.2731904Z' while content on disk has modification time of '2025-04-30T19:29:20.0365723Z'
  ERROR: Build asset version error: assets/scripts/mainmenu.cs in SourceAssetDB has modification time of '2025-04-30T19:29:19.2731904Z' while content on disk has modification time of '2025-04-30T19:29:20.0365723Z'
Number of updated asset objects reloaded before import = 0Number of asset objects unloaded after import = 0

========================================================================
Received Import Request.
  Time since last request: 0.000015 seconds.
  path: Assets/Scripts/MainMenu.cs
  artifactKey: Guid(bec661b304bf33645abee6d5b105ce53) Importer(815301076,1909f56bfc062723c751e8b465ee728b)
Start importing Assets/Scripts/MainMenu.cs using Guid(bec661b304bf33645abee6d5b105ce53) Importer(815301076,1909f56bfc062723c751e8b465ee728b) (PreviewImporter) -> (artifact id: '00000000000000000000000000000000') in 0.0004343 seconds
Import Error Code:(4)
Message: Build asset version error: assets/scripts/mainmenu.cs in SourceAssetDB has modification time of '2025-04-30T19:29:19.2731904Z' while content on disk has modification time of '2025-04-30T19:29:20.0365723Z'
  ERROR: Build asset version error: assets/scripts/mainmenu.cs in SourceAssetDB has modification time of '2025-04-30T19:29:19.2731904Z' while content on disk has modification time of '2025-04-30T19:29:20.0365723Z'
Number of updated asset objects reloaded before import = 0Number of asset objects unloaded after import = 0

========================================================================
Received Import Request.
  Time since last request: 0.000012 seconds.
  path: Assets/Scripts/MainMenu.cs
  artifactKey: Guid(bec661b304bf33645abee6d5b105ce53) Importer(815301076,1909f56bfc062723c751e8b465ee728b)
Start importing Assets/Scripts/MainMenu.cs using Guid(bec661b304bf33645abee6d5b105ce53) Importer(815301076,1909f56bfc062723c751e8b465ee728b) (PreviewImporter) -> (artifact id: '00000000000000000000000000000000') in 0.0004371 seconds
Import Error Code:(4)
Message: Build asset version error: assets/scripts/mainmenu.cs in SourceAssetDB has modification time of '2025-04-30T19:29:19.2731904Z' while content on disk has modification time of '2025-04-30T19:29:20.0365723Z'
  ERROR: Build asset version error: assets/scripts/mainmenu.cs in SourceAssetDB has modification time of '2025-04-30T19:29:19.2731904Z' while content on disk has modification time of '2025-04-30T19:29:20.0365723Z'
Number of updated asset objects reloaded before import = 0Number of asset objects unloaded after import = 0

========================================================================
Received Import Request.
  Time since last request: 0.000013 seconds.
  path: Assets/Scripts/MainMenu.cs
  artifactKey: Guid(bec661b304bf33645abee6d5b105ce53) Importer(815301076,1909f56bfc062723c751e8b465ee728b)
Start importing Assets/Scripts/MainMenu.cs using Guid(bec661b304bf33645abee6d5b105ce53) Importer(815301076,1909f56bfc062723c751e8b465ee728b) (PreviewImporter) -> (artifact id: '00000000000000000000000000000000') in 0.000463 seconds
Import Error Code:(4)
Message: Build asset version error: assets/scripts/mainmenu.cs in SourceAssetDB has modification time of '2025-04-30T19:29:19.2731904Z' while content on disk has modification time of '2025-04-30T19:29:20.0365723Z'
  ERROR: Build asset version error: assets/scripts/mainmenu.cs in SourceAssetDB has modification time of '2025-04-30T19:29:19.2731904Z' while content on disk has modification time of '2025-04-30T19:29:20.0365723Z'
Number of updated asset objects reloaded before import = 0Number of asset objects unloaded after import = 0

========================================================================
Received Import Request.
  Time since last request: 0.000015 seconds.
  path: Assets/Scripts/MainMenu.cs
  artifactKey: Guid(bec661b304bf33645abee6d5b105ce53) Importer(815301076,1909f56bfc062723c751e8b465ee728b)
Start importing Assets/Scripts/MainMenu.cs using Guid(bec661b304bf33645abee6d5b105ce53) Importer(815301076,1909f56bfc062723c751e8b465ee728b) (PreviewImporter) -> (artifact id: '00000000000000000000000000000000') in 0.0005288 seconds
Import Error Code:(4)
Message: Build asset version error: assets/scripts/mainmenu.cs in SourceAssetDB has modification time of '2025-04-30T19:29:19.2731904Z' while content on disk has modification time of '2025-04-30T19:29:20.0365723Z'
  ERROR: Build asset version error: assets/scripts/mainmenu.cs in SourceAssetDB has modification time of '2025-04-30T19:29:19.2731904Z' while content on disk has modification time of '2025-04-30T19:29:20.0365723Z'
Number of updated asset objects reloaded before import = 0Number of asset objects unloaded after import = 0

========================================================================
Received Import Request.
  Time since last request: 0.000020 seconds.
  path: Assets/Scripts/MainMenu.cs
  artifactKey: Guid(bec661b304bf33645abee6d5b105ce53) Importer(815301076,1909f56bfc062723c751e8b465ee728b)
Start importing Assets/Scripts/MainMenu.cs using Guid(bec661b304bf33645abee6d5b105ce53) Importer(815301076,1909f56bfc062723c751e8b465ee728b) (PreviewImporter) -> (artifact id: '00000000000000000000000000000000') in 0.0005297 seconds
Import Error Code:(4)
Message: Build asset version error: assets/scripts/mainmenu.cs in SourceAssetDB has modification time of '2025-04-30T19:29:19.2731904Z' while content on disk has modification time of '2025-04-30T19:29:20.0365723Z'
  ERROR: Build asset version error: assets/scripts/mainmenu.cs in SourceAssetDB has modification time of '2025-04-30T19:29:19.2731904Z' while content on disk has modification time of '2025-04-30T19:29:20.0365723Z'
Number of updated asset objects reloaded before import = 0Number of asset objects unloaded after import = 0

========================================================================
Received Import Request.
  Time since last request: 0.000016 seconds.
  path: Assets/Scripts/MainMenu.cs
  artifactKey: Guid(bec661b304bf33645abee6d5b105ce53) Importer(815301076,1909f56bfc062723c751e8b465ee728b)
Start importing Assets/Scripts/MainMenu.cs using Guid(bec661b304bf33645abee6d5b105ce53) Importer(815301076,1909f56bfc062723c751e8b465ee728b) (PreviewImporter) -> (artifact id: '00000000000000000000000000000000') in 0.0005193 seconds
Import Error Code:(4)
Message: Build asset version error: assets/scripts/mainmenu.cs in SourceAssetDB has modification time of '2025-04-30T19:29:19.2731904Z' while content on disk has modification time of '2025-04-30T19:29:20.0365723Z'
  ERROR: Build asset version error: assets/scripts/mainmenu.cs in SourceAssetDB has modification time of '2025-04-30T19:29:19.2731904Z' while content on disk has modification time of '2025-04-30T19:29:20.0365723Z'
Number of updated asset objects reloaded before import = 0Number of asset objects unloaded after import = 0

========================================================================
Received Import Request.
  Time since last request: 0.000013 seconds.
  path: Assets/Scripts/MainMenu.cs
  artifactKey: Guid(bec661b304bf33645abee6d5b105ce53) Importer(815301076,1909f56bfc062723c751e8b465ee728b)
Start importing Assets/Scripts/MainMenu.cs using Guid(bec661b304bf33645abee6d5b105ce53) Importer(815301076,1909f56bfc062723c751e8b465ee728b) (PreviewImporter) -> (artifact id: '00000000000000000000000000000000') in 0.0005183 seconds
Import Error Code:(4)
Message: Build asset version error: assets/scripts/mainmenu.cs in SourceAssetDB has modification time of '2025-04-30T19:29:19.2731904Z' while content on disk has modification time of '2025-04-30T19:29:20.0365723Z'
  ERROR: Build asset version error: assets/scripts/mainmenu.cs in SourceAssetDB has modification time of '2025-04-30T19:29:19.2731904Z' while content on disk has modification time of '2025-04-30T19:29:20.0365723Z'
Number of updated asset objects reloaded before import = 0Number of asset objects unloaded after import = 0

========================================================================
Received Import Request.
  Time since last request: 0.000016 seconds.
  path: Assets/Scripts/MainMenu.cs
  artifactKey: Guid(bec661b304bf33645abee6d5b105ce53) Importer(815301076,1909f56bfc062723c751e8b465ee728b)
Start importing Assets/Scripts/MainMenu.cs using Guid(bec661b304bf33645abee6d5b105ce53) Importer(815301076,1909f56bfc062723c751e8b465ee728b) (PreviewImporter) -> (artifact id: '00000000000000000000000000000000') in 0.0005882 seconds
Import Error Code:(4)
Message: Build asset version error: assets/scripts/mainmenu.cs in SourceAssetDB has modification time of '2025-04-30T19:29:19.2731904Z' while content on disk has modification time of '2025-04-30T19:29:20.0365723Z'
  ERROR: Build asset version error: assets/scripts/mainmenu.cs in SourceAssetDB has modification time of '2025-04-30T19:29:19.2731904Z' while content on disk has modification time of '2025-04-30T19:29:20.0365723Z'
Number of updated asset objects reloaded before import = 0Number of asset objects unloaded after import = 0

========================================================================
Received Import Request.
  Time since last request: 0.000015 seconds.
  path: Assets/Scripts/MainMenu.cs
  artifactKey: Guid(bec661b304bf33645abee6d5b105ce53) Importer(815301076,1909f56bfc062723c751e8b465ee728b)
Start importing Assets/Scripts/MainMenu.cs using Guid(bec661b304bf33645abee6d5b105ce53) Importer(815301076,1909f56bfc062723c751e8b465ee728b) (PreviewImporter) -> (artifact id: '00000000000000000000000000000000') in 0.0005628 seconds
Import Error Code:(4)
Message: Build asset version error: assets/scripts/mainmenu.cs in SourceAssetDB has modification time of '2025-04-30T19:29:19.2731904Z' while content on disk has modification time of '2025-04-30T19:29:20.0365723Z'
  ERROR: Build asset version error: assets/scripts/mainmenu.cs in SourceAssetDB has modification time of '2025-04-30T19:29:19.2731904Z' while content on disk has modification time of '2025-04-30T19:29:20.0365723Z'
Number of updated asset objects reloaded before import = 0Number of asset objects unloaded after import = 0

========================================================================
Received Import Request.
  Time since last request: 0.000017 seconds.
  path: Assets/Scripts/MainMenu.cs
  artifactKey: Guid(bec661b304bf33645abee6d5b105ce53) Importer(815301076,1909f56bfc062723c751e8b465ee728b)
Start importing Assets/Scripts/MainMenu.cs using Guid(bec661b304bf33645abee6d5b105ce53) Importer(815301076,1909f56bfc062723c751e8b465ee728b) (PreviewImporter) -> (artifact id: '00000000000000000000000000000000') in 0.0005335 seconds
Import Error Code:(4)
Message: Build asset version error: assets/scripts/mainmenu.cs in SourceAssetDB has modification time of '2025-04-30T19:29:19.2731904Z' while content on disk has modification time of '2025-04-30T19:29:20.0365723Z'
  ERROR: Build asset version error: assets/scripts/mainmenu.cs in SourceAssetDB has modification time of '2025-04-30T19:29:19.2731904Z' while content on disk has modification time of '2025-04-30T19:29:20.0365723Z'
Number of updated asset objects reloaded before import = 0Number of asset objects unloaded after import = 0

========================================================================
Received Import Request.
  Time since last request: 0.000017 seconds.
  path: Assets/Scripts/MainMenu.cs
  artifactKey: Guid(bec661b304bf33645abee6d5b105ce53) Importer(815301076,1909f56bfc062723c751e8b465ee728b)
Start importing Assets/Scripts/MainMenu.cs using Guid(bec661b304bf33645abee6d5b105ce53) Importer(815301076,1909f56bfc062723c751e8b465ee728b) (PreviewImporter) -> (artifact id: '00000000000000000000000000000000') in 0.0004528 seconds
Import Error Code:(4)
Message: Build asset version error: assets/scripts/mainmenu.cs in SourceAssetDB has modification time of '2025-04-30T19:29:19.2731904Z' while content on disk has modification time of '2025-04-30T19:29:20.0365723Z'
  ERROR: Build asset version error: assets/scripts/mainmenu.cs in SourceAssetDB has modification time of '2025-04-30T19:29:19.2731904Z' while content on disk has modification time of '2025-04-30T19:29:20.0365723Z'
Number of updated asset objects reloaded before import = 0Number of asset objects unloaded after import = 0

========================================================================
Received Import Request.
  Time since last request: 0.000016 seconds.
  path: Assets/Scripts/MainMenu.cs
  artifactKey: Guid(bec661b304bf33645abee6d5b105ce53) Importer(815301076,1909f56bfc062723c751e8b465ee728b)
Start importing Assets/Scripts/MainMenu.cs using Guid(bec661b304bf33645abee6d5b105ce53) Importer(815301076,1909f56bfc062723c751e8b465ee728b) (PreviewImporter) -> (artifact id: '00000000000000000000000000000000') in 0.0005279 seconds
Import Error Code:(4)
Message: Build asset version error: assets/scripts/mainmenu.cs in SourceAssetDB has modification time of '2025-04-30T19:29:19.2731904Z' while content on disk has modification time of '2025-04-30T19:29:20.0365723Z'
  ERROR: Build asset version error: assets/scripts/mainmenu.cs in SourceAssetDB has modification time of '2025-04-30T19:29:19.2731904Z' while content on disk has modification time of '2025-04-30T19:29:20.0365723Z'
Number of updated asset objects reloaded before import = 0Number of asset objects unloaded after import = 0

========================================================================
Received Import Request.
  Time since last request: 0.000014 seconds.
  path: Assets/Scripts/MainMenu.cs
  artifactKey: Guid(bec661b304bf33645abee6d5b105ce53) Importer(815301076,1909f56bfc062723c751e8b465ee728b)
Start importing Assets/Scripts/MainMenu.cs using Guid(bec661b304bf33645abee6d5b105ce53) Importer(815301076,1909f56bfc062723c751e8b465ee728b) (PreviewImporter) -> (artifact id: '00000000000000000000000000000000') in 0.0005138 seconds
Import Error Code:(4)
Message: Build asset version error: assets/scripts/mainmenu.cs in SourceAssetDB has modification time of '2025-04-30T19:29:19.2731904Z' while content on disk has modification time of '2025-04-30T19:29:20.0365723Z'
  ERROR: Build asset version error: assets/scripts/mainmenu.cs in SourceAssetDB has modification time of '2025-04-30T19:29:19.2731904Z' while content on disk has modification time of '2025-04-30T19:29:20.0365723Z'
Number of updated asset objects reloaded before import = 0Number of asset objects unloaded after import = 0

========================================================================
Received Import Request.
  Time since last request: 0.000016 seconds.
  path: Assets/Scripts/MainMenu.cs
  artifactKey: Guid(bec661b304bf33645abee6d5b105ce53) Importer(815301076,1909f56bfc062723c751e8b465ee728b)
Start importing Assets/Scripts/MainMenu.cs using Guid(bec661b304bf33645abee6d5b105ce53) Importer(815301076,1909f56bfc062723c751e8b465ee728b) (PreviewImporter) -> (artifact id: '00000000000000000000000000000000') in 0.0005423 seconds
Import Error Code:(4)
Message: Build asset version error: assets/scripts/mainmenu.cs in SourceAssetDB has modification time of '2025-04-30T19:29:19.2731904Z' while content on disk has modification time of '2025-04-30T19:29:20.0365723Z'
  ERROR: Build asset version error: assets/scripts/mainmenu.cs in SourceAssetDB has modification time of '2025-04-30T19:29:19.2731904Z' while content on disk has modification time of '2025-04-30T19:29:20.0365723Z'
Number of updated asset objects reloaded before import = 0Number of asset objects unloaded after import = 0

========================================================================
Received Import Request.
  Time since last request: 0.000029 seconds.
  path: Assets/Scripts/MainMenu.cs
  artifactKey: Guid(bec661b304bf33645abee6d5b105ce53) Importer(815301076,1909f56bfc062723c751e8b465ee728b)
Start importing Assets/Scripts/MainMenu.cs using Guid(bec661b304bf33645abee6d5b105ce53) Importer(815301076,1909f56bfc062723c751e8b465ee728b) (PreviewImporter) -> (artifact id: '00000000000000000000000000000000') in 0.0005122 seconds
Import Error Code:(4)
Message: Build asset version error: assets/scripts/mainmenu.cs in SourceAssetDB has modification time of '2025-04-30T19:29:19.2731904Z' while content on disk has modification time of '2025-04-30T19:29:20.0365723Z'
  ERROR: Build asset version error: assets/scripts/mainmenu.cs in SourceAssetDB has modification time of '2025-04-30T19:29:19.2731904Z' while content on disk has modification time of '2025-04-30T19:29:20.0365723Z'
Number of updated asset objects reloaded before import = 0Number of asset objects unloaded after import = 0

========================================================================
Received Import Request.
  Time since last request: 0.000024 seconds.
  path: Assets/Scripts/MainMenu.cs
  artifactKey: Guid(bec661b304bf33645abee6d5b105ce53) Importer(815301076,1909f56bfc062723c751e8b465ee728b)
Start importing Assets/Scripts/MainMenu.cs using Guid(bec661b304bf33645abee6d5b105ce53) Importer(815301076,1909f56bfc062723c751e8b465ee728b) (PreviewImporter) -> (artifact id: '00000000000000000000000000000000') in 0.0005931 seconds
Import Error Code:(4)
Message: Build asset version error: assets/scripts/mainmenu.cs in SourceAssetDB has modification time of '2025-04-30T19:29:19.2731904Z' while content on disk has modification time of '2025-04-30T19:29:20.0365723Z'
  ERROR: Build asset version error: assets/scripts/mainmenu.cs in SourceAssetDB has modification time of '2025-04-30T19:29:19.2731904Z' while content on disk has modification time of '2025-04-30T19:29:20.0365723Z'
Number of updated asset objects reloaded before import = 0Number of asset objects unloaded after import = 0

========================================================================
Received Import Request.
  Time since last request: 0.000026 seconds.
  path: Assets/Scripts/MainMenu.cs
  artifactKey: Guid(bec661b304bf33645abee6d5b105ce53) Importer(815301076,1909f56bfc062723c751e8b465ee728b)
Start importing Assets/Scripts/MainMenu.cs using Guid(bec661b304bf33645abee6d5b105ce53) Importer(815301076,1909f56bfc062723c751e8b465ee728b) (PreviewImporter) -> (artifact id: '00000000000000000000000000000000') in 0.0005374 seconds
Import Error Code:(4)
Message: Build asset version error: assets/scripts/mainmenu.cs in SourceAssetDB has modification time of '2025-04-30T19:29:19.2731904Z' while content on disk has modification time of '2025-04-30T19:29:20.0365723Z'
  ERROR: Build asset version error: assets/scripts/mainmenu.cs in SourceAssetDB has modification time of '2025-04-30T19:29:19.2731904Z' while content on disk has modification time of '2025-04-30T19:29:20.0365723Z'
Number of updated asset objects reloaded before import = 0Number of asset objects unloaded after import = 0

========================================================================
Received Import Request.
  Time since last request: 0.000017 seconds.
  path: Assets/Scripts/MainMenu.cs
  artifactKey: Guid(bec661b304bf33645abee6d5b105ce53) Importer(815301076,1909f56bfc062723c751e8b465ee728b)
Start importing Assets/Scripts/MainMenu.cs using Guid(bec661b304bf33645abee6d5b105ce53) Importer(815301076,1909f56bfc062723c751e8b465ee728b) (PreviewImporter) -> (artifact id: '00000000000000000000000000000000') in 0.0007932 seconds
Import Error Code:(4)
Message: Build asset version error: assets/scripts/mainmenu.cs in SourceAssetDB has modification time of '2025-04-30T19:29:19.2731904Z' while content on disk has modification time of '2025-04-30T19:29:20.0365723Z'
  ERROR: Build asset version error: assets/scripts/mainmenu.cs in SourceAssetDB has modification time of '2025-04-30T19:29:19.2731904Z' while content on disk has modification time of '2025-04-30T19:29:20.0365723Z'
Number of updated asset objects reloaded before import = 0Number of asset objects unloaded after import = 0

========================================================================
Received Import Request.
  Time since last request: 0.000016 seconds.
  path: Assets/Scripts/MainMenu.cs
  artifactKey: Guid(bec661b304bf33645abee6d5b105ce53) Importer(815301076,1909f56bfc062723c751e8b465ee728b)
Start importing Assets/Scripts/MainMenu.cs using Guid(bec661b304bf33645abee6d5b105ce53) Importer(815301076,1909f56bfc062723c751e8b465ee728b) (PreviewImporter) -> (artifact id: '00000000000000000000000000000000') in 0.0004967 seconds
Import Error Code:(4)
Message: Build asset version error: assets/scripts/mainmenu.cs in SourceAssetDB has modification time of '2025-04-30T19:29:19.2731904Z' while content on disk has modification time of '2025-04-30T19:29:20.0365723Z'
  ERROR: Build asset version error: assets/scripts/mainmenu.cs in SourceAssetDB has modification time of '2025-04-30T19:29:19.2731904Z' while content on disk has modification time of '2025-04-30T19:29:20.0365723Z'
Number of updated asset objects reloaded before import = 0Number of asset objects unloaded after import = 0

========================================================================
Received Import Request.
  Time since last request: 0.000016 seconds.
  path: Assets/Scripts/MainMenu.cs
  artifactKey: Guid(bec661b304bf33645abee6d5b105ce53) Importer(815301076,1909f56bfc062723c751e8b465ee728b)
Start importing Assets/Scripts/MainMenu.cs using Guid(bec661b304bf33645abee6d5b105ce53) Importer(815301076,1909f56bfc062723c751e8b465ee728b) (PreviewImporter) -> (artifact id: '00000000000000000000000000000000') in 0.0005061 seconds
Import Error Code:(4)
Message: Build asset version error: assets/scripts/mainmenu.cs in SourceAssetDB has modification time of '2025-04-30T19:29:19.2731904Z' while content on disk has modification time of '2025-04-30T19:29:20.0365723Z'
  ERROR: Build asset version error: assets/scripts/mainmenu.cs in SourceAssetDB has modification time of '2025-04-30T19:29:19.2731904Z' while content on disk has modification time of '2025-04-30T19:29:20.0365723Z'
Number of updated asset objects reloaded before import = 0Number of asset objects unloaded after import = 0

========================================================================
Received Import Request.
  Time since last request: 0.000016 seconds.
  path: Assets/Scripts/MainMenu.cs
  artifactKey: Guid(bec661b304bf33645abee6d5b105ce53) Importer(815301076,1909f56bfc062723c751e8b465ee728b)
Start importing Assets/Scripts/MainMenu.cs using Guid(bec661b304bf33645abee6d5b105ce53) Importer(815301076,1909f56bfc062723c751e8b465ee728b) (PreviewImporter) -> (artifact id: '00000000000000000000000000000000') in 0.0005165 seconds
Import Error Code:(4)
Message: Build asset version error: assets/scripts/mainmenu.cs in SourceAssetDB has modification time of '2025-04-30T19:29:19.2731904Z' while content on disk has modification time of '2025-04-30T19:29:20.0365723Z'
  ERROR: Build asset version error: assets/scripts/mainmenu.cs in SourceAssetDB has modification time of '2025-04-30T19:29:19.2731904Z' while content on disk has modification time of '2025-04-30T19:29:20.0365723Z'
Number of updated asset objects reloaded before import = 0Number of asset objects unloaded after import = 0

========================================================================
Received Import Request.
  Time since last request: 0.000018 seconds.
  path: Assets/Scripts/MainMenu.cs
  artifactKey: Guid(bec661b304bf33645abee6d5b105ce53) Importer(815301076,1909f56bfc062723c751e8b465ee728b)
Start importing Assets/Scripts/MainMenu.cs using Guid(bec661b304bf33645abee6d5b105ce53) Importer(815301076,1909f56bfc062723c751e8b465ee728b) (PreviewImporter) -> (artifact id: '00000000000000000000000000000000') in 0.0006702 seconds
Import Error Code:(4)
Message: Build asset version error: assets/scripts/mainmenu.cs in SourceAssetDB has modification time of '2025-04-30T19:29:19.2731904Z' while content on disk has modification time of '2025-04-30T19:29:20.0365723Z'
  ERROR: Build asset version error: assets/scripts/mainmenu.cs in SourceAssetDB has modification time of '2025-04-30T19:29:19.2731904Z' while content on disk has modification time of '2025-04-30T19:29:20.0365723Z'
Number of updated asset objects reloaded before import = 0Number of asset objects unloaded after import = 0

========================================================================
Received Import Request.
  Time since last request: 0.000016 seconds.
  path: Assets/Scripts/MainMenu.cs
  artifactKey: Guid(bec661b304bf33645abee6d5b105ce53) Importer(815301076,1909f56bfc062723c751e8b465ee728b)
Start importing Assets/Scripts/MainMenu.cs using Guid(bec661b304bf33645abee6d5b105ce53) Importer(815301076,1909f56bfc062723c751e8b465ee728b) (PreviewImporter) -> (artifact id: '00000000000000000000000000000000') in 0.0004571 seconds
Import Error Code:(4)
Message: Build asset version error: assets/scripts/mainmenu.cs in SourceAssetDB has modification time of '2025-04-30T19:29:19.2731904Z' while content on disk has modification time of '2025-04-30T19:29:20.0365723Z'
  ERROR: Build asset version error: assets/scripts/mainmenu.cs in SourceAssetDB has modification time of '2025-04-30T19:29:19.2731904Z' while content on disk has modification time of '2025-04-30T19:29:20.0365723Z'
Number of updated asset objects reloaded before import = 0Number of asset objects unloaded after import = 0

========================================================================
Received Import Request.
  Time since last request: 0.000028 seconds.
  path: Assets/Scripts/MainMenu.cs
  artifactKey: Guid(bec661b304bf33645abee6d5b105ce53) Importer(815301076,1909f56bfc062723c751e8b465ee728b)
Start importing Assets/Scripts/MainMenu.cs using Guid(bec661b304bf33645abee6d5b105ce53) Importer(815301076,1909f56bfc062723c751e8b465ee728b) (PreviewImporter) -> (artifact id: '00000000000000000000000000000000') in 0.0004992 seconds
Import Error Code:(4)
Message: Build asset version error: assets/scripts/mainmenu.cs in SourceAssetDB has modification time of '2025-04-30T19:29:19.2731904Z' while content on disk has modification time of '2025-04-30T19:29:20.0365723Z'
  ERROR: Build asset version error: assets/scripts/mainmenu.cs in SourceAssetDB has modification time of '2025-04-30T19:29:19.2731904Z' while content on disk has modification time of '2025-04-30T19:29:20.0365723Z'
Number of updated asset objects reloaded before import = 0Number of asset objects unloaded after import = 0

========================================================================
Received Import Request.
  Time since last request: 0.000013 seconds.
  path: Assets/Scripts/MainMenu.cs
  artifactKey: Guid(bec661b304bf33645abee6d5b105ce53) Importer(815301076,1909f56bfc062723c751e8b465ee728b)
Start importing Assets/Scripts/MainMenu.cs using Guid(bec661b304bf33645abee6d5b105ce53) Importer(815301076,1909f56bfc062723c751e8b465ee728b) (PreviewImporter) -> (artifact id: '00000000000000000000000000000000') in 0.0005157 seconds
Import Error Code:(4)
Message: Build asset version error: assets/scripts/mainmenu.cs in SourceAssetDB has modification time of '2025-04-30T19:29:19.2731904Z' while content on disk has modification time of '2025-04-30T19:29:20.0365723Z'
  ERROR: Build asset version error: assets/scripts/mainmenu.cs in SourceAssetDB has modification time of '2025-04-30T19:29:19.2731904Z' while content on disk has modification time of '2025-04-30T19:29:20.0365723Z'
Number of updated asset objects reloaded before import = 0Number of asset objects unloaded after import = 0

========================================================================
Received Import Request.
  Time since last request: 0.000016 seconds.
  path: Assets/Scripts/MainMenu.cs
  artifactKey: Guid(bec661b304bf33645abee6d5b105ce53) Importer(815301076,1909f56bfc062723c751e8b465ee728b)
Start importing Assets/Scripts/MainMenu.cs using Guid(bec661b304bf33645abee6d5b105ce53) Importer(815301076,1909f56bfc062723c751e8b465ee728b) (PreviewImporter) -> (artifact id: '00000000000000000000000000000000') in 0.0005311 seconds
Import Error Code:(4)
Message: Build asset version error: assets/scripts/mainmenu.cs in SourceAssetDB has modification time of '2025-04-30T19:29:19.2731904Z' while content on disk has modification time of '2025-04-30T19:29:20.0365723Z'
  ERROR: Build asset version error: assets/scripts/mainmenu.cs in SourceAssetDB has modification time of '2025-04-30T19:29:19.2731904Z' while content on disk has modification time of '2025-04-30T19:29:20.0365723Z'
Number of updated asset objects reloaded before import = 0Number of asset objects unloaded after import = 0

========================================================================
Received Import Request.
  Time since last request: 0.000013 seconds.
  path: Assets/Scripts/MainMenu.cs
  artifactKey: Guid(bec661b304bf33645abee6d5b105ce53) Importer(815301076,1909f56bfc062723c751e8b465ee728b)
Start importing Assets/Scripts/MainMenu.cs using Guid(bec661b304bf33645abee6d5b105ce53) Importer(815301076,1909f56bfc062723c751e8b465ee728b) (PreviewImporter) -> (artifact id: '00000000000000000000000000000000') in 0.0004643 seconds
Import Error Code:(4)
Message: Build asset version error: assets/scripts/mainmenu.cs in SourceAssetDB has modification time of '2025-04-30T19:29:19.2731904Z' while content on disk has modification time of '2025-04-30T19:29:20.0365723Z'
  ERROR: Build asset version error: assets/scripts/mainmenu.cs in SourceAssetDB has modification time of '2025-04-30T19:29:19.2731904Z' while content on disk has modification time of '2025-04-30T19:29:20.0365723Z'
Number of updated asset objects reloaded before import = 0Number of asset objects unloaded after import = 0

========================================================================
Received Import Request.
  Time since last request: 0.000013 seconds.
  path: Assets/Scripts/MainMenu.cs
  artifactKey: Guid(bec661b304bf33645abee6d5b105ce53) Importer(815301076,1909f56bfc062723c751e8b465ee728b)
Start importing Assets/Scripts/MainMenu.cs using Guid(bec661b304bf33645abee6d5b105ce53) Importer(815301076,1909f56bfc062723c751e8b465ee728b) (PreviewImporter) -> (artifact id: '00000000000000000000000000000000') in 0.0004601 seconds
Import Error Code:(4)
Message: Build asset version error: assets/scripts/mainmenu.cs in SourceAssetDB has modification time of '2025-04-30T19:29:19.2731904Z' while content on disk has modification time of '2025-04-30T19:29:20.0365723Z'
  ERROR: Build asset version error: assets/scripts/mainmenu.cs in SourceAssetDB has modification time of '2025-04-30T19:29:19.2731904Z' while content on disk has modification time of '2025-04-30T19:29:20.0365723Z'
Number of updated asset objects reloaded before import = 0Number of asset objects unloaded after import = 0

========================================================================
Received Import Request.
  Time since last request: 0.000017 seconds.
  path: Assets/Scripts/MainMenu.cs
  artifactKey: Guid(bec661b304bf33645abee6d5b105ce53) Importer(815301076,1909f56bfc062723c751e8b465ee728b)
Start importing Assets/Scripts/MainMenu.cs using Guid(bec661b304bf33645abee6d5b105ce53) Importer(815301076,1909f56bfc062723c751e8b465ee728b) (PreviewImporter) -> (artifact id: '00000000000000000000000000000000') in 0.0004369 seconds
Import Error Code:(4)
Message: Build asset version error: assets/scripts/mainmenu.cs in SourceAssetDB has modification time of '2025-04-30T19:29:19.2731904Z' while content on disk has modification time of '2025-04-30T19:29:20.0365723Z'
  ERROR: Build asset version error: assets/scripts/mainmenu.cs in SourceAssetDB has modification time of '2025-04-30T19:29:19.2731904Z' while content on disk has modification time of '2025-04-30T19:29:20.0365723Z'
Number of updated asset objects reloaded before import = 0Number of asset objects unloaded after import = 0

========================================================================
Received Import Request.
  Time since last request: 0.000014 seconds.
  path: Assets/Scripts/MainMenu.cs
  artifactKey: Guid(bec661b304bf33645abee6d5b105ce53) Importer(815301076,1909f56bfc062723c751e8b465ee728b)
Start importing Assets/Scripts/MainMenu.cs using Guid(bec661b304bf33645abee6d5b105ce53) Importer(815301076,1909f56bfc062723c751e8b465ee728b) (PreviewImporter) -> (artifact id: '00000000000000000000000000000000') in 0.0005308 seconds
Import Error Code:(4)
Message: Build asset version error: assets/scripts/mainmenu.cs in SourceAssetDB has modification time of '2025-04-30T19:29:19.2731904Z' while content on disk has modification time of '2025-04-30T19:29:20.0365723Z'
  ERROR: Build asset version error: assets/scripts/mainmenu.cs in SourceAssetDB has modification time of '2025-04-30T19:29:19.2731904Z' while content on disk has modification time of '2025-04-30T19:29:20.0365723Z'
Number of updated asset objects reloaded before import = 0Number of asset objects unloaded after import = 0

========================================================================
Received Import Request.
  Time since last request: 0.000015 seconds.
  path: Assets/Scripts/MainMenu.cs
  artifactKey: Guid(bec661b304bf33645abee6d5b105ce53) Importer(815301076,1909f56bfc062723c751e8b465ee728b)
Start importing Assets/Scripts/MainMenu.cs using Guid(bec661b304bf33645abee6d5b105ce53) Importer(815301076,1909f56bfc062723c751e8b465ee728b) (PreviewImporter) -> (artifact id: '00000000000000000000000000000000') in 0.0005447 seconds
Import Error Code:(4)
Message: Build asset version error: assets/scripts/mainmenu.cs in SourceAssetDB has modification time of '2025-04-30T19:29:19.2731904Z' while content on disk has modification time of '2025-04-30T19:29:20.0365723Z'
  ERROR: Build asset version error: assets/scripts/mainmenu.cs in SourceAssetDB has modification time of '2025-04-30T19:29:19.2731904Z' while content on disk has modification time of '2025-04-30T19:29:20.0365723Z'
Number of updated asset objects reloaded before import = 0Number of asset objects unloaded after import = 0

========================================================================
Received Import Request.
  Time since last request: 0.000017 seconds.
  path: Assets/Scripts/MainMenu.cs
  artifactKey: Guid(bec661b304bf33645abee6d5b105ce53) Importer(815301076,1909f56bfc062723c751e8b465ee728b)
Start importing Assets/Scripts/MainMenu.cs using Guid(bec661b304bf33645abee6d5b105ce53) Importer(815301076,1909f56bfc062723c751e8b465ee728b) (PreviewImporter) -> (artifact id: '00000000000000000000000000000000') in 0.0005192 seconds
Import Error Code:(4)
Message: Build asset version error: assets/scripts/mainmenu.cs in SourceAssetDB has modification time of '2025-04-30T19:29:19.2731904Z' while content on disk has modification time of '2025-04-30T19:29:20.0365723Z'
  ERROR: Build asset version error: assets/scripts/mainmenu.cs in SourceAssetDB has modification time of '2025-04-30T19:29:19.2731904Z' while content on disk has modification time of '2025-04-30T19:29:20.0365723Z'
Number of updated asset objects reloaded before import = 0Number of asset objects unloaded after import = 0

========================================================================
Received Import Request.
  Time since last request: 0.000020 seconds.
  path: Assets/Scripts/MainMenu.cs
  artifactKey: Guid(bec661b304bf33645abee6d5b105ce53) Importer(815301076,1909f56bfc062723c751e8b465ee728b)
Start importing Assets/Scripts/MainMenu.cs using Guid(bec661b304bf33645abee6d5b105ce53) Importer(815301076,1909f56bfc062723c751e8b465ee728b) (PreviewImporter) -> (artifact id: '00000000000000000000000000000000') in 0.0004676 seconds
Import Error Code:(4)
Message: Build asset version error: assets/scripts/mainmenu.cs in SourceAssetDB has modification time of '2025-04-30T19:29:19.2731904Z' while content on disk has modification time of '2025-04-30T19:29:20.0365723Z'
  ERROR: Build asset version error: assets/scripts/mainmenu.cs in SourceAssetDB has modification time of '2025-04-30T19:29:19.2731904Z' while content on disk has modification time of '2025-04-30T19:29:20.0365723Z'
Number of updated asset objects reloaded before import = 0Number of asset objects unloaded after import = 0

========================================================================
Received Import Request.
  Time since last request: 0.000021 seconds.
  path: Assets/Scripts/MainMenu.cs
  artifactKey: Guid(bec661b304bf33645abee6d5b105ce53) Importer(815301076,1909f56bfc062723c751e8b465ee728b)
Start importing Assets/Scripts/MainMenu.cs using Guid(bec661b304bf33645abee6d5b105ce53) Importer(815301076,1909f56bfc062723c751e8b465ee728b) (PreviewImporter) -> (artifact id: '00000000000000000000000000000000') in 0.0005131 seconds
Import Error Code:(4)
Message: Build asset version error: assets/scripts/mainmenu.cs in SourceAssetDB has modification time of '2025-04-30T19:29:19.2731904Z' while content on disk has modification time of '2025-04-30T19:29:20.0365723Z'
  ERROR: Build asset version error: assets/scripts/mainmenu.cs in SourceAssetDB has modification time of '2025-04-30T19:29:19.2731904Z' while content on disk has modification time of '2025-04-30T19:29:20.0365723Z'
Number of updated asset objects reloaded before import = 0Number of asset objects unloaded after import = 0

========================================================================
Received Import Request.
  Time since last request: 0.000014 seconds.
  path: Assets/Scripts/MainMenu.cs
  artifactKey: Guid(bec661b304bf33645abee6d5b105ce53) Importer(815301076,1909f56bfc062723c751e8b465ee728b)
Start importing Assets/Scripts/MainMenu.cs using Guid(bec661b304bf33645abee6d5b105ce53) Importer(815301076,1909f56bfc062723c751e8b465ee728b) (PreviewImporter) -> (artifact id: '00000000000000000000000000000000') in 0.0005412 seconds
Import Error Code:(4)
Message: Build asset version error: assets/scripts/mainmenu.cs in SourceAssetDB has modification time of '2025-04-30T19:29:19.2731904Z' while content on disk has modification time of '2025-04-30T19:29:20.0365723Z'
  ERROR: Build asset version error: assets/scripts/mainmenu.cs in SourceAssetDB has modification time of '2025-04-30T19:29:19.2731904Z' while content on disk has modification time of '2025-04-30T19:29:20.0365723Z'
Number of updated asset objects reloaded before import = 0Number of asset objects unloaded after import = 0

========================================================================
Received Import Request.
  Time since last request: 0.000013 seconds.
  path: Assets/Scripts/MainMenu.cs
  artifactKey: Guid(bec661b304bf33645abee6d5b105ce53) Importer(815301076,1909f56bfc062723c751e8b465ee728b)
Start importing Assets/Scripts/MainMenu.cs using Guid(bec661b304bf33645abee6d5b105ce53) Importer(815301076,1909f56bfc062723c751e8b465ee728b) (PreviewImporter) -> (artifact id: '00000000000000000000000000000000') in 0.0005803 seconds
Import Error Code:(4)
Message: Build asset version error: assets/scripts/mainmenu.cs in SourceAssetDB has modification time of '2025-04-30T19:29:19.2731904Z' while content on disk has modification time of '2025-04-30T19:29:20.0365723Z'
  ERROR: Build asset version error: assets/scripts/mainmenu.cs in SourceAssetDB has modification time of '2025-04-30T19:29:19.2731904Z' while content on disk has modification time of '2025-04-30T19:29:20.0365723Z'
Number of updated asset objects reloaded before import = 0Number of asset objects unloaded after import = 0

========================================================================
Received Import Request.
  Time since last request: 0.000015 seconds.
  path: Assets/Scripts/MainMenu.cs
  artifactKey: Guid(bec661b304bf33645abee6d5b105ce53) Importer(815301076,1909f56bfc062723c751e8b465ee728b)
Start importing Assets/Scripts/MainMenu.cs using Guid(bec661b304bf33645abee6d5b105ce53) Importer(815301076,1909f56bfc062723c751e8b465ee728b) (PreviewImporter) -> (artifact id: '00000000000000000000000000000000') in 0.0005216 seconds
Import Error Code:(4)
Message: Build asset version error: assets/scripts/mainmenu.cs in SourceAssetDB has modification time of '2025-04-30T19:29:19.2731904Z' while content on disk has modification time of '2025-04-30T19:29:20.0365723Z'
  ERROR: Build asset version error: assets/scripts/mainmenu.cs in SourceAssetDB has modification time of '2025-04-30T19:29:19.2731904Z' while content on disk has modification time of '2025-04-30T19:29:20.0365723Z'
Number of updated asset objects reloaded before import = 0Number of asset objects unloaded after import = 0

========================================================================
Received Import Request.
  Time since last request: 0.000023 seconds.
  path: Assets/Scripts/MainMenu.cs
  artifactKey: Guid(bec661b304bf33645abee6d5b105ce53) Importer(815301076,1909f56bfc062723c751e8b465ee728b)
Start importing Assets/Scripts/MainMenu.cs using Guid(bec661b304bf33645abee6d5b105ce53) Importer(815301076,1909f56bfc062723c751e8b465ee728b) (PreviewImporter) -> (artifact id: '00000000000000000000000000000000') in 0.0005081 seconds
Import Error Code:(4)
Message: Build asset version error: assets/scripts/mainmenu.cs in SourceAssetDB has modification time of '2025-04-30T19:29:19.2731904Z' while content on disk has modification time of '2025-04-30T19:29:20.0365723Z'
  ERROR: Build asset version error: assets/scripts/mainmenu.cs in SourceAssetDB has modification time of '2025-04-30T19:29:19.2731904Z' while content on disk has modification time of '2025-04-30T19:29:20.0365723Z'
Number of updated asset objects reloaded before import = 0Number of asset objects unloaded after import = 0

========================================================================
Received Import Request.
  Time since last request: 0.000014 seconds.
  path: Assets/Scripts/MainMenu.cs
  artifactKey: Guid(bec661b304bf33645abee6d5b105ce53) Importer(815301076,1909f56bfc062723c751e8b465ee728b)
Start importing Assets/Scripts/MainMenu.cs using Guid(bec661b304bf33645abee6d5b105ce53) Importer(815301076,1909f56bfc062723c751e8b465ee728b) (PreviewImporter) -> (artifact id: '00000000000000000000000000000000') in 0.0005401 seconds
Import Error Code:(4)
Message: Build asset version error: assets/scripts/mainmenu.cs in SourceAssetDB has modification time of '2025-04-30T19:29:19.2731904Z' while content on disk has modification time of '2025-04-30T19:29:20.0365723Z'
  ERROR: Build asset version error: assets/scripts/mainmenu.cs in SourceAssetDB has modification time of '2025-04-30T19:29:19.2731904Z' while content on disk has modification time of '2025-04-30T19:29:20.0365723Z'
Number of updated asset objects reloaded before import = 0Number of asset objects unloaded after import = 0

========================================================================
Received Import Request.
  Time since last request: 0.000013 seconds.
  path: Assets/Scripts/MainMenu.cs
  artifactKey: Guid(bec661b304bf33645abee6d5b105ce53) Importer(815301076,1909f56bfc062723c751e8b465ee728b)
Start importing Assets/Scripts/MainMenu.cs using Guid(bec661b304bf33645abee6d5b105ce53) Importer(815301076,1909f56bfc062723c751e8b465ee728b) (PreviewImporter) -> (artifact id: '00000000000000000000000000000000') in 0.000551 seconds
Import Error Code:(4)
Message: Build asset version error: assets/scripts/mainmenu.cs in SourceAssetDB has modification time of '2025-04-30T19:29:19.2731904Z' while content on disk has modification time of '2025-04-30T19:29:20.0365723Z'
  ERROR: Build asset version error: assets/scripts/mainmenu.cs in SourceAssetDB has modification time of '2025-04-30T19:29:19.2731904Z' while content on disk has modification time of '2025-04-30T19:29:20.0365723Z'
Number of updated asset objects reloaded before import = 0Number of asset objects unloaded after import = 0

========================================================================
Received Import Request.
  Time since last request: 0.000019 seconds.
  path: Assets/Scripts/MainMenu.cs
  artifactKey: Guid(bec661b304bf33645abee6d5b105ce53) Importer(815301076,1909f56bfc062723c751e8b465ee728b)
Start importing Assets/Scripts/MainMenu.cs using Guid(bec661b304bf33645abee6d5b105ce53) Importer(815301076,1909f56bfc062723c751e8b465ee728b) (PreviewImporter) -> (artifact id: '00000000000000000000000000000000') in 0.0004218 seconds
Import Error Code:(4)
Message: Build asset version error: assets/scripts/mainmenu.cs in SourceAssetDB has modification time of '2025-04-30T19:29:19.2731904Z' while content on disk has modification time of '2025-04-30T19:29:20.0365723Z'
  ERROR: Build asset version error: assets/scripts/mainmenu.cs in SourceAssetDB has modification time of '2025-04-30T19:29:19.2731904Z' while content on disk has modification time of '2025-04-30T19:29:20.0365723Z'
Number of updated asset objects reloaded before import = 0Number of asset objects unloaded after import = 0

========================================================================
Received Import Request.
  Time since last request: 0.000013 seconds.
  path: Assets/Scripts/MainMenu.cs
  artifactKey: Guid(bec661b304bf33645abee6d5b105ce53) Importer(815301076,1909f56bfc062723c751e8b465ee728b)
Start importing Assets/Scripts/MainMenu.cs using Guid(bec661b304bf33645abee6d5b105ce53) Importer(815301076,1909f56bfc062723c751e8b465ee728b) (PreviewImporter) -> (artifact id: '00000000000000000000000000000000') in 0.0005945 seconds
Import Error Code:(4)
Message: Build asset version error: assets/scripts/mainmenu.cs in SourceAssetDB has modification time of '2025-04-30T19:29:19.2731904Z' while content on disk has modification time of '2025-04-30T19:29:20.0365723Z'
  ERROR: Build asset version error: assets/scripts/mainmenu.cs in SourceAssetDB has modification time of '2025-04-30T19:29:19.2731904Z' while content on disk has modification time of '2025-04-30T19:29:20.0365723Z'
Number of updated asset objects reloaded before import = 0Number of asset objects unloaded after import = 0

========================================================================
Received Import Request.
  Time since last request: 0.000018 seconds.
  path: Assets/Scripts/MainMenu.cs
  artifactKey: Guid(bec661b304bf33645abee6d5b105ce53) Importer(815301076,1909f56bfc062723c751e8b465ee728b)
Start importing Assets/Scripts/MainMenu.cs using Guid(bec661b304bf33645abee6d5b105ce53) Importer(815301076,1909f56bfc062723c751e8b465ee728b) (PreviewImporter) -> (artifact id: '00000000000000000000000000000000') in 0.0005408 seconds
Import Error Code:(4)
Message: Build asset version error: assets/scripts/mainmenu.cs in SourceAssetDB has modification time of '2025-04-30T19:29:19.2731904Z' while content on disk has modification time of '2025-04-30T19:29:20.0365723Z'
  ERROR: Build asset version error: assets/scripts/mainmenu.cs in SourceAssetDB has modification time of '2025-04-30T19:29:19.2731904Z' while content on disk has modification time of '2025-04-30T19:29:20.0365723Z'
Number of updated asset objects reloaded before import = 0Number of asset objects unloaded after import = 0

========================================================================
Received Import Request.
  Time since last request: 0.000039 seconds.
  path: Assets/Scripts/MainMenu.cs
  artifactKey: Guid(bec661b304bf33645abee6d5b105ce53) Importer(815301076,1909f56bfc062723c751e8b465ee728b)
Start importing Assets/Scripts/MainMenu.cs using Guid(bec661b304bf33645abee6d5b105ce53) Importer(815301076,1909f56bfc062723c751e8b465ee728b) (PreviewImporter) -> (artifact id: '00000000000000000000000000000000') in 0.0005674 seconds
Import Error Code:(4)
Message: Build asset version error: assets/scripts/mainmenu.cs in SourceAssetDB has modification time of '2025-04-30T19:29:19.2731904Z' while content on disk has modification time of '2025-04-30T19:29:20.0365723Z'
  ERROR: Build asset version error: assets/scripts/mainmenu.cs in SourceAssetDB has modification time of '2025-04-30T19:29:19.2731904Z' while content on disk has modification time of '2025-04-30T19:29:20.0365723Z'
Number of updated asset objects reloaded before import = 0Number of asset objects unloaded after import = 0

========================================================================
Received Import Request.
  Time since last request: 0.000017 seconds.
  path: Assets/Scripts/MainMenu.cs
  artifactKey: Guid(bec661b304bf33645abee6d5b105ce53) Importer(815301076,1909f56bfc062723c751e8b465ee728b)
Start importing Assets/Scripts/MainMenu.cs using Guid(bec661b304bf33645abee6d5b105ce53) Importer(815301076,1909f56bfc062723c751e8b465ee728b) (PreviewImporter) -> (artifact id: '00000000000000000000000000000000') in 0.0006316 seconds
Import Error Code:(4)
Message: Build asset version error: assets/scripts/mainmenu.cs in SourceAssetDB has modification time of '2025-04-30T19:29:19.2731904Z' while content on disk has modification time of '2025-04-30T19:29:20.0365723Z'
  ERROR: Build asset version error: assets/scripts/mainmenu.cs in SourceAssetDB has modification time of '2025-04-30T19:29:19.2731904Z' while content on disk has modification time of '2025-04-30T19:29:20.0365723Z'
Number of updated asset objects reloaded before import = 0Number of asset objects unloaded after import = 0

========================================================================
Received Import Request.
  Time since last request: 0.000023 seconds.
  path: Assets/Scripts/MainMenu.cs
  artifactKey: Guid(bec661b304bf33645abee6d5b105ce53) Importer(815301076,1909f56bfc062723c751e8b465ee728b)
Start importing Assets/Scripts/MainMenu.cs using Guid(bec661b304bf33645abee6d5b105ce53) Importer(815301076,1909f56bfc062723c751e8b465ee728b) (PreviewImporter) -> (artifact id: '00000000000000000000000000000000') in 0.0005357 seconds
Import Error Code:(4)
Message: Build asset version error: assets/scripts/mainmenu.cs in SourceAssetDB has modification time of '2025-04-30T19:29:19.2731904Z' while content on disk has modification time of '2025-04-30T19:29:20.0365723Z'
  ERROR: Build asset version error: assets/scripts/mainmenu.cs in SourceAssetDB has modification time of '2025-04-30T19:29:19.2731904Z' while content on disk has modification time of '2025-04-30T19:29:20.0365723Z'
Number of updated asset objects reloaded before import = 0Number of asset objects unloaded after import = 0

========================================================================
Received Import Request.
  Time since last request: 0.000024 seconds.
  path: Assets/Scripts/MainMenu.cs
  artifactKey: Guid(bec661b304bf33645abee6d5b105ce53) Importer(815301076,1909f56bfc062723c751e8b465ee728b)
Start importing Assets/Scripts/MainMenu.cs using Guid(bec661b304bf33645abee6d5b105ce53) Importer(815301076,1909f56bfc062723c751e8b465ee728b) (PreviewImporter) -> (artifact id: '00000000000000000000000000000000') in 0.0005239 seconds
Import Error Code:(4)
Message: Build asset version error: assets/scripts/mainmenu.cs in SourceAssetDB has modification time of '2025-04-30T19:29:19.2731904Z' while content on disk has modification time of '2025-04-30T19:29:20.0365723Z'
  ERROR: Build asset version error: assets/scripts/mainmenu.cs in SourceAssetDB has modification time of '2025-04-30T19:29:19.2731904Z' while content on disk has modification time of '2025-04-30T19:29:20.0365723Z'
Number of updated asset objects reloaded before import = 0Number of asset objects unloaded after import = 0

========================================================================
Received Import Request.
  Time since last request: 0.000017 seconds.
  path: Assets/Scripts/MainMenu.cs
  artifactKey: Guid(bec661b304bf33645abee6d5b105ce53) Importer(815301076,1909f56bfc062723c751e8b465ee728b)
Start importing Assets/Scripts/MainMenu.cs using Guid(bec661b304bf33645abee6d5b105ce53) Importer(815301076,1909f56bfc062723c751e8b465ee728b) (PreviewImporter) -> (artifact id: '00000000000000000000000000000000') in 0.0007102 seconds
Import Error Code:(4)
Message: Build asset version error: assets/scripts/mainmenu.cs in SourceAssetDB has modification time of '2025-04-30T19:29:19.2731904Z' while content on disk has modification time of '2025-04-30T19:29:20.0365723Z'
  ERROR: Build asset version error: assets/scripts/mainmenu.cs in SourceAssetDB has modification time of '2025-04-30T19:29:19.2731904Z' while content on disk has modification time of '2025-04-30T19:29:20.0365723Z'
Number of updated asset objects reloaded before import = 0Number of asset objects unloaded after import = 0

========================================================================
Received Import Request.
  Time since last request: 0.000012 seconds.
  path: Assets/Scripts/MainMenu.cs
  artifactKey: Guid(bec661b304bf33645abee6d5b105ce53) Importer(815301076,1909f56bfc062723c751e8b465ee728b)
Start importing Assets/Scripts/MainMenu.cs using Guid(bec661b304bf33645abee6d5b105ce53) Importer(815301076,1909f56bfc062723c751e8b465ee728b) (PreviewImporter) -> (artifact id: '00000000000000000000000000000000') in 0.0005205 seconds
Import Error Code:(4)
Message: Build asset version error: assets/scripts/mainmenu.cs in SourceAssetDB has modification time of '2025-04-30T19:29:19.2731904Z' while content on disk has modification time of '2025-04-30T19:29:20.0365723Z'
  ERROR: Build asset version error: assets/scripts/mainmenu.cs in SourceAssetDB has modification time of '2025-04-30T19:29:19.2731904Z' while content on disk has modification time of '2025-04-30T19:29:20.0365723Z'
Number of updated asset objects reloaded before import = 0Number of asset objects unloaded after import = 0

========================================================================
Received Import Request.
  Time since last request: 0.000017 seconds.
  path: Assets/Scripts/MainMenu.cs
  artifactKey: Guid(bec661b304bf33645abee6d5b105ce53) Importer(815301076,1909f56bfc062723c751e8b465ee728b)
Start importing Assets/Scripts/MainMenu.cs using Guid(bec661b304bf33645abee6d5b105ce53) Importer(815301076,1909f56bfc062723c751e8b465ee728b) (PreviewImporter) -> (artifact id: '00000000000000000000000000000000') in 0.0004682 seconds
Import Error Code:(4)
Message: Build asset version error: assets/scripts/mainmenu.cs in SourceAssetDB has modification time of '2025-04-30T19:29:19.2731904Z' while content on disk has modification time of '2025-04-30T19:29:20.0365723Z'
  ERROR: Build asset version error: assets/scripts/mainmenu.cs in SourceAssetDB has modification time of '2025-04-30T19:29:19.2731904Z' while content on disk has modification time of '2025-04-30T19:29:20.0365723Z'
Number of updated asset objects reloaded before import = 0Number of asset objects unloaded after import = 0

========================================================================
Received Import Request.
  Time since last request: 0.000018 seconds.
  path: Assets/Scripts/MainMenu.cs
  artifactKey: Guid(bec661b304bf33645abee6d5b105ce53) Importer(815301076,1909f56bfc062723c751e8b465ee728b)
Start importing Assets/Scripts/MainMenu.cs using Guid(bec661b304bf33645abee6d5b105ce53) Importer(815301076,1909f56bfc062723c751e8b465ee728b) (PreviewImporter) -> (artifact id: '00000000000000000000000000000000') in 0.0006206 seconds
Import Error Code:(4)
Message: Build asset version error: assets/scripts/mainmenu.cs in SourceAssetDB has modification time of '2025-04-30T19:29:19.2731904Z' while content on disk has modification time of '2025-04-30T19:29:20.0365723Z'
  ERROR: Build asset version error: assets/scripts/mainmenu.cs in SourceAssetDB has modification time of '2025-04-30T19:29:19.2731904Z' while content on disk has modification time of '2025-04-30T19:29:20.0365723Z'
Number of updated asset objects reloaded before import = 0Number of asset objects unloaded after import = 0

========================================================================
Received Import Request.
  Time since last request: 0.000019 seconds.
  path: Assets/Scripts/MainMenu.cs
  artifactKey: Guid(bec661b304bf33645abee6d5b105ce53) Importer(815301076,1909f56bfc062723c751e8b465ee728b)
Start importing Assets/Scripts/MainMenu.cs using Guid(bec661b304bf33645abee6d5b105ce53) Importer(815301076,1909f56bfc062723c751e8b465ee728b) (PreviewImporter) -> (artifact id: '00000000000000000000000000000000') in 0.0005357 seconds
Import Error Code:(4)
Message: Build asset version error: assets/scripts/mainmenu.cs in SourceAssetDB has modification time of '2025-04-30T19:29:19.2731904Z' while content on disk has modification time of '2025-04-30T19:29:20.0365723Z'
  ERROR: Build asset version error: assets/scripts/mainmenu.cs in SourceAssetDB has modification time of '2025-04-30T19:29:19.2731904Z' while content on disk has modification time of '2025-04-30T19:29:20.0365723Z'
Number of updated asset objects reloaded before import = 0Number of asset objects unloaded after import = 0

========================================================================
Received Import Request.
  Time since last request: 0.000081 seconds.
  path: Assets/Scripts/MainMenu.cs
  artifactKey: Guid(bec661b304bf33645abee6d5b105ce53) Importer(815301076,1909f56bfc062723c751e8b465ee728b)
Start importing Assets/Scripts/MainMenu.cs using Guid(bec661b304bf33645abee6d5b105ce53) Importer(815301076,1909f56bfc062723c751e8b465ee728b) (PreviewImporter) -> (artifact id: '00000000000000000000000000000000') in 0.0005307 seconds
Import Error Code:(4)
Message: Build asset version error: assets/scripts/mainmenu.cs in SourceAssetDB has modification time of '2025-04-30T19:29:19.2731904Z' while content on disk has modification time of '2025-04-30T19:29:20.0365723Z'
  ERROR: Build asset version error: assets/scripts/mainmenu.cs in SourceAssetDB has modification time of '2025-04-30T19:29:19.2731904Z' while content on disk has modification time of '2025-04-30T19:29:20.0365723Z'
Number of updated asset objects reloaded before import = 0Number of asset objects unloaded after import = 0

========================================================================
Received Import Request.
  Time since last request: 0.000014 seconds.
  path: Assets/Scripts/MainMenu.cs
  artifactKey: Guid(bec661b304bf33645abee6d5b105ce53) Importer(815301076,1909f56bfc062723c751e8b465ee728b)
Start importing Assets/Scripts/MainMenu.cs using Guid(bec661b304bf33645abee6d5b105ce53) Importer(815301076,1909f56bfc062723c751e8b465ee728b) (PreviewImporter) -> (artifact id: '00000000000000000000000000000000') in 0.000532 seconds
Import Error Code:(4)
Message: Build asset version error: assets/scripts/mainmenu.cs in SourceAssetDB has modification time of '2025-04-30T19:29:19.2731904Z' while content on disk has modification time of '2025-04-30T19:29:20.0365723Z'
  ERROR: Build asset version error: assets/scripts/mainmenu.cs in SourceAssetDB has modification time of '2025-04-30T19:29:19.2731904Z' while content on disk has modification time of '2025-04-30T19:29:20.0365723Z'
Number of updated asset objects reloaded before import = 0Number of asset objects unloaded after import = 0

========================================================================
Received Import Request.
  Time since last request: 0.000017 seconds.
  path: Assets/Scripts/MainMenu.cs
  artifactKey: Guid(bec661b304bf33645abee6d5b105ce53) Importer(815301076,1909f56bfc062723c751e8b465ee728b)
Start importing Assets/Scripts/MainMenu.cs using Guid(bec661b304bf33645abee6d5b105ce53) Importer(815301076,1909f56bfc062723c751e8b465ee728b) (PreviewImporter) -> (artifact id: '00000000000000000000000000000000') in 0.0005737 seconds
Import Error Code:(4)
Message: Build asset version error: assets/scripts/mainmenu.cs in SourceAssetDB has modification time of '2025-04-30T19:29:19.2731904Z' while content on disk has modification time of '2025-04-30T19:29:20.0365723Z'
  ERROR: Build asset version error: assets/scripts/mainmenu.cs in SourceAssetDB has modification time of '2025-04-30T19:29:19.2731904Z' while content on disk has modification time of '2025-04-30T19:29:20.0365723Z'
Number of updated asset objects reloaded before import = 0Number of asset objects unloaded after import = 0

========================================================================
Received Import Request.
  Time since last request: 0.000016 seconds.
  path: Assets/Scripts/MainMenu.cs
  artifactKey: Guid(bec661b304bf33645abee6d5b105ce53) Importer(815301076,1909f56bfc062723c751e8b465ee728b)
Start importing Assets/Scripts/MainMenu.cs using Guid(bec661b304bf33645abee6d5b105ce53) Importer(815301076,1909f56bfc062723c751e8b465ee728b) (PreviewImporter) -> (artifact id: '00000000000000000000000000000000') in 0.0005654 seconds
Import Error Code:(4)
Message: Build asset version error: assets/scripts/mainmenu.cs in SourceAssetDB has modification time of '2025-04-30T19:29:19.2731904Z' while content on disk has modification time of '2025-04-30T19:29:20.0365723Z'
  ERROR: Build asset version error: assets/scripts/mainmenu.cs in SourceAssetDB has modification time of '2025-04-30T19:29:19.2731904Z' while content on disk has modification time of '2025-04-30T19:29:20.0365723Z'
Number of updated asset objects reloaded before import = 0Number of asset objects unloaded after import = 0

========================================================================
Received Import Request.
  Time since last request: 0.000016 seconds.
  path: Assets/Scripts/MainMenu.cs
  artifactKey: Guid(bec661b304bf33645abee6d5b105ce53) Importer(815301076,1909f56bfc062723c751e8b465ee728b)
Start importing Assets/Scripts/MainMenu.cs using Guid(bec661b304bf33645abee6d5b105ce53) Importer(815301076,1909f56bfc062723c751e8b465ee728b) (PreviewImporter) -> (artifact id: '00000000000000000000000000000000') in 0.0005698 seconds
Import Error Code:(4)
Message: Build asset version error: assets/scripts/mainmenu.cs in SourceAssetDB has modification time of '2025-04-30T19:29:19.2731904Z' while content on disk has modification time of '2025-04-30T19:29:20.0365723Z'
  ERROR: Build asset version error: assets/scripts/mainmenu.cs in SourceAssetDB has modification time of '2025-04-30T19:29:19.2731904Z' while content on disk has modification time of '2025-04-30T19:29:20.0365723Z'
Number of updated asset objects reloaded before import = 0Number of asset objects unloaded after import = 0

========================================================================
Received Import Request.
  Time since last request: 0.000018 seconds.
  path: Assets/Scripts/MainMenu.cs
  artifactKey: Guid(bec661b304bf33645abee6d5b105ce53) Importer(815301076,1909f56bfc062723c751e8b465ee728b)
Start importing Assets/Scripts/MainMenu.cs using Guid(bec661b304bf33645abee6d5b105ce53) Importer(815301076,1909f56bfc062723c751e8b465ee728b) (PreviewImporter) -> (artifact id: '00000000000000000000000000000000') in 0.0005846 seconds
Import Error Code:(4)
Message: Build asset version error: assets/scripts/mainmenu.cs in SourceAssetDB has modification time of '2025-04-30T19:29:19.2731904Z' while content on disk has modification time of '2025-04-30T19:29:20.0365723Z'
  ERROR: Build asset version error: assets/scripts/mainmenu.cs in SourceAssetDB has modification time of '2025-04-30T19:29:19.2731904Z' while content on disk has modification time of '2025-04-30T19:29:20.0365723Z'
Number of updated asset objects reloaded before import = 0Number of asset objects unloaded after import = 0

========================================================================
Received Import Request.
  Time since last request: 0.000016 seconds.
  path: Assets/Scripts/MainMenu.cs
  artifactKey: Guid(bec661b304bf33645abee6d5b105ce53) Importer(815301076,1909f56bfc062723c751e8b465ee728b)
Start importing Assets/Scripts/MainMenu.cs using Guid(bec661b304bf33645abee6d5b105ce53) Importer(815301076,1909f56bfc062723c751e8b465ee728b) (PreviewImporter) -> (artifact id: '00000000000000000000000000000000') in 0.0005412 seconds
Import Error Code:(4)
Message: Build asset version error: assets/scripts/mainmenu.cs in SourceAssetDB has modification time of '2025-04-30T19:29:19.2731904Z' while content on disk has modification time of '2025-04-30T19:29:20.0365723Z'
  ERROR: Build asset version error: assets/scripts/mainmenu.cs in SourceAssetDB has modification time of '2025-04-30T19:29:19.2731904Z' while content on disk has modification time of '2025-04-30T19:29:20.0365723Z'
Number of updated asset objects reloaded before import = 0Number of asset objects unloaded after import = 0

========================================================================
Received Import Request.
  Time since last request: 0.000026 seconds.
  path: Assets/Scripts/MainMenu.cs
  artifactKey: Guid(bec661b304bf33645abee6d5b105ce53) Importer(815301076,1909f56bfc062723c751e8b465ee728b)
Start importing Assets/Scripts/MainMenu.cs using Guid(bec661b304bf33645abee6d5b105ce53) Importer(815301076,1909f56bfc062723c751e8b465ee728b) (PreviewImporter) -> (artifact id: '00000000000000000000000000000000') in 0.0005132 seconds
Import Error Code:(4)
Message: Build asset version error: assets/scripts/mainmenu.cs in SourceAssetDB has modification time of '2025-04-30T19:29:19.2731904Z' while content on disk has modification time of '2025-04-30T19:29:20.0365723Z'
  ERROR: Build asset version error: assets/scripts/mainmenu.cs in SourceAssetDB has modification time of '2025-04-30T19:29:19.2731904Z' while content on disk has modification time of '2025-04-30T19:29:20.0365723Z'
Number of updated asset objects reloaded before import = 0Number of asset objects unloaded after import = 0

========================================================================
Received Import Request.
  Time since last request: 0.000018 seconds.
  path: Assets/Scripts/MainMenu.cs
  artifactKey: Guid(bec661b304bf33645abee6d5b105ce53) Importer(815301076,1909f56bfc062723c751e8b465ee728b)
Start importing Assets/Scripts/MainMenu.cs using Guid(bec661b304bf33645abee6d5b105ce53) Importer(815301076,1909f56bfc062723c751e8b465ee728b) (PreviewImporter) -> (artifact id: '00000000000000000000000000000000') in 0.0005019 seconds
Import Error Code:(4)
Message: Build asset version error: assets/scripts/mainmenu.cs in SourceAssetDB has modification time of '2025-04-30T19:29:19.2731904Z' while content on disk has modification time of '2025-04-30T19:29:20.0365723Z'
  ERROR: Build asset version error: assets/scripts/mainmenu.cs in SourceAssetDB has modification time of '2025-04-30T19:29:19.2731904Z' while content on disk has modification time of '2025-04-30T19:29:20.0365723Z'
Number of updated asset objects reloaded before import = 0Number of asset objects unloaded after import = 0

========================================================================
Received Import Request.
  Time since last request: 0.000021 seconds.
  path: Assets/Scripts/MainMenu.cs
  artifactKey: Guid(bec661b304bf33645abee6d5b105ce53) Importer(815301076,1909f56bfc062723c751e8b465ee728b)
Start importing Assets/Scripts/MainMenu.cs using Guid(bec661b304bf33645abee6d5b105ce53) Importer(815301076,1909f56bfc062723c751e8b465ee728b) (PreviewImporter) -> (artifact id: '00000000000000000000000000000000') in 0.0005244 seconds
Import Error Code:(4)
Message: Build asset version error: assets/scripts/mainmenu.cs in SourceAssetDB has modification time of '2025-04-30T19:29:19.2731904Z' while content on disk has modification time of '2025-04-30T19:29:20.0365723Z'
  ERROR: Build asset version error: assets/scripts/mainmenu.cs in SourceAssetDB has modification time of '2025-04-30T19:29:19.2731904Z' while content on disk has modification time of '2025-04-30T19:29:20.0365723Z'
Number of updated asset objects reloaded before import = 0Number of asset objects unloaded after import = 0

========================================================================
Received Import Request.
  Time since last request: 0.000017 seconds.
  path: Assets/Scripts/MainMenu.cs
  artifactKey: Guid(bec661b304bf33645abee6d5b105ce53) Importer(815301076,1909f56bfc062723c751e8b465ee728b)
Start importing Assets/Scripts/MainMenu.cs using Guid(bec661b304bf33645abee6d5b105ce53) Importer(815301076,1909f56bfc062723c751e8b465ee728b) (PreviewImporter) -> (artifact id: '00000000000000000000000000000000') in 0.0004811 seconds
Import Error Code:(4)
Message: Build asset version error: assets/scripts/mainmenu.cs in SourceAssetDB has modification time of '2025-04-30T19:29:19.2731904Z' while content on disk has modification time of '2025-04-30T19:29:20.0365723Z'
  ERROR: Build asset version error: assets/scripts/mainmenu.cs in SourceAssetDB has modification time of '2025-04-30T19:29:19.2731904Z' while content on disk has modification time of '2025-04-30T19:29:20.0365723Z'
Number of updated asset objects reloaded before import = 0Number of asset objects unloaded after import = 0

========================================================================
Received Import Request.
  Time since last request: 0.000017 seconds.
  path: Assets/Scripts/MainMenu.cs
  artifactKey: Guid(bec661b304bf33645abee6d5b105ce53) Importer(815301076,1909f56bfc062723c751e8b465ee728b)
Start importing Assets/Scripts/MainMenu.cs using Guid(bec661b304bf33645abee6d5b105ce53) Importer(815301076,1909f56bfc062723c751e8b465ee728b) (PreviewImporter) -> (artifact id: '00000000000000000000000000000000') in 0.0006317 seconds
Import Error Code:(4)
Message: Build asset version error: assets/scripts/mainmenu.cs in SourceAssetDB has modification time of '2025-04-30T19:29:19.2731904Z' while content on disk has modification time of '2025-04-30T19:29:20.0365723Z'
  ERROR: Build asset version error: assets/scripts/mainmenu.cs in SourceAssetDB has modification time of '2025-04-30T19:29:19.2731904Z' while content on disk has modification time of '2025-04-30T19:29:20.0365723Z'
Number of updated asset objects reloaded before import = 0Number of asset objects unloaded after import = 0

========================================================================
Received Import Request.
  Time since last request: 0.000017 seconds.
  path: Assets/Scripts/MainMenu.cs
  artifactKey: Guid(bec661b304bf33645abee6d5b105ce53) Importer(815301076,1909f56bfc062723c751e8b465ee728b)
Start importing Assets/Scripts/MainMenu.cs using Guid(bec661b304bf33645abee6d5b105ce53) Importer(815301076,1909f56bfc062723c751e8b465ee728b) (PreviewImporter) -> (artifact id: '00000000000000000000000000000000') in 0.00066 seconds
Import Error Code:(4)
Message: Build asset version error: assets/scripts/mainmenu.cs in SourceAssetDB has modification time of '2025-04-30T19:29:19.2731904Z' while content on disk has modification time of '2025-04-30T19:29:20.0365723Z'
  ERROR: Build asset version error: assets/scripts/mainmenu.cs in SourceAssetDB has modification time of '2025-04-30T19:29:19.2731904Z' while content on disk has modification time of '2025-04-30T19:29:20.0365723Z'
Number of updated asset objects reloaded before import = 0Number of asset objects unloaded after import = 0

========================================================================
Received Import Request.
  Time since last request: 0.000018 seconds.
  path: Assets/Scripts/MainMenu.cs
  artifactKey: Guid(bec661b304bf33645abee6d5b105ce53) Importer(815301076,1909f56bfc062723c751e8b465ee728b)
Start importing Assets/Scripts/MainMenu.cs using Guid(bec661b304bf33645abee6d5b105ce53) Importer(815301076,1909f56bfc062723c751e8b465ee728b) (PreviewImporter) -> (artifact id: '00000000000000000000000000000000') in 0.0005491 seconds
Import Error Code:(4)
Message: Build asset version error: assets/scripts/mainmenu.cs in SourceAssetDB has modification time of '2025-04-30T19:29:19.2731904Z' while content on disk has modification time of '2025-04-30T19:29:20.0365723Z'
  ERROR: Build asset version error: assets/scripts/mainmenu.cs in SourceAssetDB has modification time of '2025-04-30T19:29:19.2731904Z' while content on disk has modification time of '2025-04-30T19:29:20.0365723Z'
Number of updated asset objects reloaded before import = 0Number of asset objects unloaded after import = 0

========================================================================
Received Import Request.
  Time since last request: 0.000020 seconds.
  path: Assets/Scripts/MainMenu.cs
  artifactKey: Guid(bec661b304bf33645abee6d5b105ce53) Importer(815301076,1909f56bfc062723c751e8b465ee728b)
Start importing Assets/Scripts/MainMenu.cs using Guid(bec661b304bf33645abee6d5b105ce53) Importer(815301076,1909f56bfc062723c751e8b465ee728b) (PreviewImporter) -> (artifact id: '00000000000000000000000000000000') in 0.0005073 seconds
Import Error Code:(4)
Message: Build asset version error: assets/scripts/mainmenu.cs in SourceAssetDB has modification time of '2025-04-30T19:29:19.2731904Z' while content on disk has modification time of '2025-04-30T19:29:20.0365723Z'
  ERROR: Build asset version error: assets/scripts/mainmenu.cs in SourceAssetDB has modification time of '2025-04-30T19:29:19.2731904Z' while content on disk has modification time of '2025-04-30T19:29:20.0365723Z'
Number of updated asset objects reloaded before import = 0Number of asset objects unloaded after import = 0

========================================================================
Received Import Request.
  Time since last request: 0.000017 seconds.
  path: Assets/Scripts/MainMenu.cs
  artifactKey: Guid(bec661b304bf33645abee6d5b105ce53) Importer(815301076,1909f56bfc062723c751e8b465ee728b)
Start importing Assets/Scripts/MainMenu.cs using Guid(bec661b304bf33645abee6d5b105ce53) Importer(815301076,1909f56bfc062723c751e8b465ee728b) (PreviewImporter) -> (artifact id: '00000000000000000000000000000000') in 0.0006541 seconds
Import Error Code:(4)
Message: Build asset version error: assets/scripts/mainmenu.cs in SourceAssetDB has modification time of '2025-04-30T19:29:19.2731904Z' while content on disk has modification time of '2025-04-30T19:29:20.0365723Z'
  ERROR: Build asset version error: assets/scripts/mainmenu.cs in SourceAssetDB has modification time of '2025-04-30T19:29:19.2731904Z' while content on disk has modification time of '2025-04-30T19:29:20.0365723Z'
Number of updated asset objects reloaded before import = 0Number of asset objects unloaded after import = 0

========================================================================
Received Import Request.
  Time since last request: 0.000018 seconds.
  path: Assets/Scripts/MainMenu.cs
  artifactKey: Guid(bec661b304bf33645abee6d5b105ce53) Importer(815301076,1909f56bfc062723c751e8b465ee728b)
Start importing Assets/Scripts/MainMenu.cs using Guid(bec661b304bf33645abee6d5b105ce53) Importer(815301076,1909f56bfc062723c751e8b465ee728b) (PreviewImporter) -> (artifact id: '00000000000000000000000000000000') in 0.0005399 seconds
Import Error Code:(4)
Message: Build asset version error: assets/scripts/mainmenu.cs in SourceAssetDB has modification time of '2025-04-30T19:29:19.2731904Z' while content on disk has modification time of '2025-04-30T19:29:20.0365723Z'
  ERROR: Build asset version error: assets/scripts/mainmenu.cs in SourceAssetDB has modification time of '2025-04-30T19:29:19.2731904Z' while content on disk has modification time of '2025-04-30T19:29:20.0365723Z'
Number of updated asset objects reloaded before import = 0Number of asset objects unloaded after import = 0

========================================================================
Received Import Request.
  Time since last request: 0.000026 seconds.
  path: Assets/Scripts/MainMenu.cs
  artifactKey: Guid(bec661b304bf33645abee6d5b105ce53) Importer(815301076,1909f56bfc062723c751e8b465ee728b)
Start importing Assets/Scripts/MainMenu.cs using Guid(bec661b304bf33645abee6d5b105ce53) Importer(815301076,1909f56bfc062723c751e8b465ee728b) (PreviewImporter) -> (artifact id: '00000000000000000000000000000000') in 0.0005195 seconds
Import Error Code:(4)
Message: Build asset version error: assets/scripts/mainmenu.cs in SourceAssetDB has modification time of '2025-04-30T19:29:19.2731904Z' while content on disk has modification time of '2025-04-30T19:29:20.0365723Z'
  ERROR: Build asset version error: assets/scripts/mainmenu.cs in SourceAssetDB has modification time of '2025-04-30T19:29:19.2731904Z' while content on disk has modification time of '2025-04-30T19:29:20.0365723Z'
Number of updated asset objects reloaded before import = 0Number of asset objects unloaded after import = 0

========================================================================
Received Import Request.
  Time since last request: 0.000016 seconds.
  path: Assets/Scripts/MainMenu.cs
  artifactKey: Guid(bec661b304bf33645abee6d5b105ce53) Importer(815301076,1909f56bfc062723c751e8b465ee728b)
Start importing Assets/Scripts/MainMenu.cs using Guid(bec661b304bf33645abee6d5b105ce53) Importer(815301076,1909f56bfc062723c751e8b465ee728b) (PreviewImporter) -> (artifact id: '00000000000000000000000000000000') in 0.0005891 seconds
Import Error Code:(4)
Message: Build asset version error: assets/scripts/mainmenu.cs in SourceAssetDB has modification time of '2025-04-30T19:29:19.2731904Z' while content on disk has modification time of '2025-04-30T19:29:20.0365723Z'
  ERROR: Build asset version error: assets/scripts/mainmenu.cs in SourceAssetDB has modification time of '2025-04-30T19:29:19.2731904Z' while content on disk has modification time of '2025-04-30T19:29:20.0365723Z'
Number of updated asset objects reloaded before import = 0Number of asset objects unloaded after import = 0

========================================================================
Received Import Request.
  Time since last request: 0.000017 seconds.
  path: Assets/Scripts/MainMenu.cs
  artifactKey: Guid(bec661b304bf33645abee6d5b105ce53) Importer(815301076,1909f56bfc062723c751e8b465ee728b)
Start importing Assets/Scripts/MainMenu.cs using Guid(bec661b304bf33645abee6d5b105ce53) Importer(815301076,1909f56bfc062723c751e8b465ee728b) (PreviewImporter) -> (artifact id: '00000000000000000000000000000000') in 0.0005707 seconds
Import Error Code:(4)
Message: Build asset version error: assets/scripts/mainmenu.cs in SourceAssetDB has modification time of '2025-04-30T19:29:19.2731904Z' while content on disk has modification time of '2025-04-30T19:29:20.0365723Z'
  ERROR: Build asset version error: assets/scripts/mainmenu.cs in SourceAssetDB has modification time of '2025-04-30T19:29:19.2731904Z' while content on disk has modification time of '2025-04-30T19:29:20.0365723Z'
Number of updated asset objects reloaded before import = 0Number of asset objects unloaded after import = 0

========================================================================
Received Import Request.
  Time since last request: 0.000014 seconds.
  path: Assets/Scripts/MainMenu.cs
  artifactKey: Guid(bec661b304bf33645abee6d5b105ce53) Importer(815301076,1909f56bfc062723c751e8b465ee728b)
Start importing Assets/Scripts/MainMenu.cs using Guid(bec661b304bf33645abee6d5b105ce53) Importer(815301076,1909f56bfc062723c751e8b465ee728b) (PreviewImporter) -> (artifact id: '00000000000000000000000000000000') in 0.0008391 seconds
Import Error Code:(4)
Message: Build asset version error: assets/scripts/mainmenu.cs in SourceAssetDB has modification time of '2025-04-30T19:29:19.2731904Z' while content on disk has modification time of '2025-04-30T19:29:20.0365723Z'
  ERROR: Build asset version error: assets/scripts/mainmenu.cs in SourceAssetDB has modification time of '2025-04-30T19:29:19.2731904Z' while content on disk has modification time of '2025-04-30T19:29:20.0365723Z'
Number of updated asset objects reloaded before import = 0Number of asset objects unloaded after import = 0

========================================================================
Received Import Request.
  Time since last request: 0.000016 seconds.
  path: Assets/Scripts/MainMenu.cs
  artifactKey: Guid(bec661b304bf33645abee6d5b105ce53) Importer(815301076,1909f56bfc062723c751e8b465ee728b)
Start importing Assets/Scripts/MainMenu.cs using Guid(bec661b304bf33645abee6d5b105ce53) Importer(815301076,1909f56bfc062723c751e8b465ee728b) (PreviewImporter) -> (artifact id: '00000000000000000000000000000000') in 0.0005314 seconds
Import Error Code:(4)
Message: Build asset version error: assets/scripts/mainmenu.cs in SourceAssetDB has modification time of '2025-04-30T19:29:19.2731904Z' while content on disk has modification time of '2025-04-30T19:29:20.0365723Z'
  ERROR: Build asset version error: assets/scripts/mainmenu.cs in SourceAssetDB has modification time of '2025-04-30T19:29:19.2731904Z' while content on disk has modification time of '2025-04-30T19:29:20.0365723Z'
Number of updated asset objects reloaded before import = 0Number of asset objects unloaded after import = 0

========================================================================
Received Import Request.
  Time since last request: 0.000016 seconds.
  path: Assets/Scripts/MainMenu.cs
  artifactKey: Guid(bec661b304bf33645abee6d5b105ce53) Importer(815301076,1909f56bfc062723c751e8b465ee728b)
Start importing Assets/Scripts/MainMenu.cs using Guid(bec661b304bf33645abee6d5b105ce53) Importer(815301076,1909f56bfc062723c751e8b465ee728b) (PreviewImporter) -> (artifact id: '00000000000000000000000000000000') in 0.0007182 seconds
Import Error Code:(4)
Message: Build asset version error: assets/scripts/mainmenu.cs in SourceAssetDB has modification time of '2025-04-30T19:29:19.2731904Z' while content on disk has modification time of '2025-04-30T19:29:20.0365723Z'
  ERROR: Build asset version error: assets/scripts/mainmenu.cs in SourceAssetDB has modification time of '2025-04-30T19:29:19.2731904Z' while content on disk has modification time of '2025-04-30T19:29:20.0365723Z'
Number of updated asset objects reloaded before import = 0Number of asset objects unloaded after import = 0

========================================================================
Received Import Request.
  Time since last request: 0.000017 seconds.
  path: Assets/Scripts/MainMenu.cs
  artifactKey: Guid(bec661b304bf33645abee6d5b105ce53) Importer(815301076,1909f56bfc062723c751e8b465ee728b)
Start importing Assets/Scripts/MainMenu.cs using Guid(bec661b304bf33645abee6d5b105ce53) Importer(815301076,1909f56bfc062723c751e8b465ee728b) (PreviewImporter) -> (artifact id: '00000000000000000000000000000000') in 0.000474 seconds
Import Error Code:(4)
Message: Build asset version error: assets/scripts/mainmenu.cs in SourceAssetDB has modification time of '2025-04-30T19:29:19.2731904Z' while content on disk has modification time of '2025-04-30T19:29:20.0365723Z'
  ERROR: Build asset version error: assets/scripts/mainmenu.cs in SourceAssetDB has modification time of '2025-04-30T19:29:19.2731904Z' while content on disk has modification time of '2025-04-30T19:29:20.0365723Z'
Number of updated asset objects reloaded before import = 0Number of asset objects unloaded after import = 0

========================================================================
Received Import Request.
  Time since last request: 0.000021 seconds.
  path: Assets/Scripts/MainMenu.cs
  artifactKey: Guid(bec661b304bf33645abee6d5b105ce53) Importer(815301076,1909f56bfc062723c751e8b465ee728b)
Start importing Assets/Scripts/MainMenu.cs using Guid(bec661b304bf33645abee6d5b105ce53) Importer(815301076,1909f56bfc062723c751e8b465ee728b) (PreviewImporter) -> (artifact id: '00000000000000000000000000000000') in 0.0004677 seconds
Import Error Code:(4)
Message: Build asset version error: assets/scripts/mainmenu.cs in SourceAssetDB has modification time of '2025-04-30T19:29:19.2731904Z' while content on disk has modification time of '2025-04-30T19:29:20.0365723Z'
  ERROR: Build asset version error: assets/scripts/mainmenu.cs in SourceAssetDB has modification time of '2025-04-30T19:29:19.2731904Z' while content on disk has modification time of '2025-04-30T19:29:20.0365723Z'
Number of updated asset objects reloaded before import = 0Number of asset objects unloaded after import = 0

========================================================================
Received Import Request.
  Time since last request: 0.000015 seconds.
  path: Assets/Scripts/MainMenu.cs
  artifactKey: Guid(bec661b304bf33645abee6d5b105ce53) Importer(815301076,1909f56bfc062723c751e8b465ee728b)
Start importing Assets/Scripts/MainMenu.cs using Guid(bec661b304bf33645abee6d5b105ce53) Importer(815301076,1909f56bfc062723c751e8b465ee728b) (PreviewImporter) -> (artifact id: '00000000000000000000000000000000') in 0.0005674 seconds
Import Error Code:(4)
Message: Build asset version error: assets/scripts/mainmenu.cs in SourceAssetDB has modification time of '2025-04-30T19:29:19.2731904Z' while content on disk has modification time of '2025-04-30T19:29:20.0365723Z'
  ERROR: Build asset version error: assets/scripts/mainmenu.cs in SourceAssetDB has modification time of '2025-04-30T19:29:19.2731904Z' while content on disk has modification time of '2025-04-30T19:29:20.0365723Z'
Number of updated asset objects reloaded before import = 0Number of asset objects unloaded after import = 0

========================================================================
Received Import Request.
  Time since last request: 0.000032 seconds.
  path: Assets/Scripts/MainMenu.cs
  artifactKey: Guid(bec661b304bf33645abee6d5b105ce53) Importer(815301076,1909f56bfc062723c751e8b465ee728b)
Start importing Assets/Scripts/MainMenu.cs using Guid(bec661b304bf33645abee6d5b105ce53) Importer(815301076,1909f56bfc062723c751e8b465ee728b) (PreviewImporter) -> (artifact id: '00000000000000000000000000000000') in 0.0005406 seconds
Import Error Code:(4)
Message: Build asset version error: assets/scripts/mainmenu.cs in SourceAssetDB has modification time of '2025-04-30T19:29:19.2731904Z' while content on disk has modification time of '2025-04-30T19:29:20.0365723Z'
  ERROR: Build asset version error: assets/scripts/mainmenu.cs in SourceAssetDB has modification time of '2025-04-30T19:29:19.2731904Z' while content on disk has modification time of '2025-04-30T19:29:20.0365723Z'
Number of updated asset objects reloaded before import = 0Number of asset objects unloaded after import = 0

========================================================================
Received Import Request.
  Time since last request: 0.000014 seconds.
  path: Assets/Scripts/MainMenu.cs
  artifactKey: Guid(bec661b304bf33645abee6d5b105ce53) Importer(815301076,1909f56bfc062723c751e8b465ee728b)
Start importing Assets/Scripts/MainMenu.cs using Guid(bec661b304bf33645abee6d5b105ce53) Importer(815301076,1909f56bfc062723c751e8b465ee728b) (PreviewImporter) -> (artifact id: '00000000000000000000000000000000') in 0.0005276 seconds
Import Error Code:(4)
Message: Build asset version error: assets/scripts/mainmenu.cs in SourceAssetDB has modification time of '2025-04-30T19:29:19.2731904Z' while content on disk has modification time of '2025-04-30T19:29:20.0365723Z'
  ERROR: Build asset version error: assets/scripts/mainmenu.cs in SourceAssetDB has modification time of '2025-04-30T19:29:19.2731904Z' while content on disk has modification time of '2025-04-30T19:29:20.0365723Z'
Number of updated asset objects reloaded before import = 0Number of asset objects unloaded after import = 0

========================================================================
Received Prepare
Refreshing native plugins compatible for Editor in 6.67 ms, found 4 plugins.
Preloading 0 native plugins for Editor in 0.00 ms.
Unloading 54 Unused Serialized files (Serialized files now loaded: 0)
Unloading 6612 unused Assets / (6.9 MB). Loaded Objects now: 7358.
Memory consumption went from 167.6 MB to 160.7 MB.
Total: 12.192300 ms (FindLiveObjects: 0.515900 ms CreateObjectMapping: 0.484700 ms MarkObjects: 5.748000 ms  DeleteObjects: 5.442500 ms)

Prepare: number of updated asset objects reloaded= 0
========================================================================
Received Import Request.
  Time since last request: 0.357979 seconds.
  path: Assets/Scripts/MainMenu.cs
  artifactKey: Guid(bec661b304bf33645abee6d5b105ce53) Importer(815301076,1909f56bfc062723c751e8b465ee728b)
Start importing Assets/Scripts/MainMenu.cs using Guid(bec661b304bf33645abee6d5b105ce53) Importer(815301076,1909f56bfc062723c751e8b465ee728b) (PreviewImporter) -> (artifact id: '1a6036d1a64c88d02463384765ad0eb8') in 0.0021052 seconds
Number of updated asset objects reloaded before import = 0Number of asset objects unloaded after import = 0

========================================================================
Received Prepare
Refreshing native plugins compatible for Editor in 1.21 ms, found 4 plugins.
Preloading 0 native plugins for Editor in 0.00 ms.
Unloading 54 Unused Serialized files (Serialized files now loaded: 0)
Unloading 6612 unused Assets / (9.1 MB). Loaded Objects now: 7358.
Memory consumption went from 167.6 MB to 158.5 MB.
Total: 11.629700 ms (FindLiveObjects: 0.808100 ms CreateObjectMapping: 0.329000 ms MarkObjects: 5.078300 ms  DeleteObjects: 5.413000 ms)

Prepare: number of updated asset objects reloaded= 0
========================================================================
Received Prepare
Begin MonoManager ReloadAssembly
- Loaded All Assemblies, in  0.797 seconds
Refreshing native plugins compatible for Editor in 0.93 ms, found 4 plugins.
Native extension for iOS target not found
Native extension for Android target not found
Native extension for WindowsStandalone target not found
Mono: successfully reloaded assembly
- Finished resetting the current domain, in  0.811 seconds
Domain Reload Profiling: 1607ms
	BeginReloadAssembly (222ms)
		ExecutionOrderSort (0ms)
		DisableScriptedObjects (20ms)
		BackupInstance (0ms)
		ReleaseScriptingObjects (0ms)
		CreateAndSetChildDomain (51ms)
	RebuildCommonClasses (39ms)
	RebuildNativeTypeToScriptingClass (14ms)
	initialDomainReloadingComplete (35ms)
	LoadAllAssembliesAndSetupDomain (485ms)
		LoadAssemblies (360ms)
		RebuildTransferFunctionScriptingTraits (0ms)
		AnalyzeDomain (225ms)
			TypeCache.Refresh (12ms)
				TypeCache.ScanAssembly (1ms)
			BuildScriptInfoCaches (196ms)
			ResolveRequiredComponents (13ms)
	FinalizeReload (811ms)
		ReleaseScriptCaches (0ms)
		RebuildScriptCaches (0ms)
		SetupLoadedEditorAssemblies (594ms)
			LogAssemblyErrors (0ms)
			InitializePlatformSupportModulesInManaged (19ms)
			SetLoadedEditorAssemblies (6ms)
			BeforeProcessingInitializeOnLoad (127ms)
			ProcessInitializeOnLoadAttributes (363ms)
			ProcessInitializeOnLoadMethodAttributes (72ms)
			AfterProcessingInitializeOnLoad (6ms)
			EditorAssembliesLoaded (1ms)
		ExecutionOrderSort2 (0ms)
		AwakeInstancesAfterBackupRestoration (15ms)
Refreshing native plugins compatible for Editor in 0.93 ms, found 4 plugins.
Preloading 0 native plugins for Editor in 0.00 ms.
Unloading 54 Unused Serialized files (Serialized files now loaded: 0)
Unloading 6623 unused Assets / (8.8 MB). Loaded Objects now: 7360.
Memory consumption went from 167.5 MB to 158.7 MB.
Total: 8.520800 ms (FindLiveObjects: 0.507600 ms CreateObjectMapping: 0.483700 ms MarkObjects: 4.018200 ms  DeleteObjects: 3.510200 ms)

Prepare: number of updated asset objects reloaded= 0
========================================================================
Received Prepare
Begin MonoManager ReloadAssembly
- Loaded All Assemblies, in  0.718 seconds
Refreshing native plugins compatible for Editor in 0.91 ms, found 4 plugins.
Native extension for iOS target not found
Native extension for Android target not found
Native extension for WindowsStandalone target not found
Mono: successfully reloaded assembly
- Finished resetting the current domain, in  0.632 seconds
Domain Reload Profiling: 1350ms
	BeginReloadAssembly (205ms)
		ExecutionOrderSort (0ms)
		DisableScriptedObjects (19ms)
		BackupInstance (0ms)
		ReleaseScriptingObjects (0ms)
		CreateAndSetChildDomain (49ms)
	RebuildCommonClasses (38ms)
	RebuildNativeTypeToScriptingClass (16ms)
	initialDomainReloadingComplete (33ms)
	LoadAllAssembliesAndSetupDomain (424ms)
		LoadAssemblies (333ms)
		RebuildTransferFunctionScriptingTraits (0ms)
		AnalyzeDomain (180ms)
			TypeCache.Refresh (6ms)
				TypeCache.ScanAssembly (0ms)
			BuildScriptInfoCaches (161ms)
			ResolveRequiredComponents (9ms)
	FinalizeReload (632ms)
		ReleaseScriptCaches (0ms)
		RebuildScriptCaches (0ms)
		SetupLoadedEditorAssemblies (464ms)
			LogAssemblyErrors (0ms)
			InitializePlatformSupportModulesInManaged (12ms)
			SetLoadedEditorAssemblies (3ms)
			BeforeProcessingInitializeOnLoad (88ms)
			ProcessInitializeOnLoadAttributes (301ms)
			ProcessInitializeOnLoadMethodAttributes (56ms)
			AfterProcessingInitializeOnLoad (3ms)
			EditorAssembliesLoaded (0ms)
		ExecutionOrderSort2 (0ms)
		AwakeInstancesAfterBackupRestoration (10ms)
Refreshing native plugins compatible for Editor in 0.98 ms, found 4 plugins.
Preloading 0 native plugins for Editor in 0.00 ms.
Unloading 54 Unused Serialized files (Serialized files now loaded: 0)
Unloading 6623 unused Assets / (8.8 MB). Loaded Objects now: 7362.
Memory consumption went from 167.4 MB to 158.6 MB.
Total: 9.261300 ms (FindLiveObjects: 0.514300 ms CreateObjectMapping: 0.515500 ms MarkObjects: 4.040100 ms  DeleteObjects: 4.190300 ms)

Prepare: number of updated asset objects reloaded= 0
========================================================================
Received Prepare
Begin MonoManager ReloadAssembly
- Loaded All Assemblies, in  0.585 seconds
Refreshing native plugins compatible for Editor in 1.45 ms, found 4 plugins.
Native extension for iOS target not found
Native extension for Android target not found
Native extension for WindowsStandalone target not found
Mono: successfully reloaded assembly
- Finished resetting the current domain, in  0.606 seconds
Domain Reload Profiling: 1191ms
	BeginReloadAssembly (170ms)
		ExecutionOrderSort (0ms)
		DisableScriptedObjects (16ms)
		BackupInstance (0ms)
		ReleaseScriptingObjects (0ms)
		CreateAndSetChildDomain (43ms)
	RebuildCommonClasses (29ms)
	RebuildNativeTypeToScriptingClass (10ms)
	initialDomainReloadingComplete (22ms)
	LoadAllAssembliesAndSetupDomain (353ms)
		LoadAssemblies (258ms)
		RebuildTransferFunctionScriptingTraits (0ms)
		AnalyzeDomain (166ms)
			TypeCache.Refresh (6ms)
				TypeCache.ScanAssembly (0ms)
			BuildScriptInfoCaches (146ms)
			ResolveRequiredComponents (11ms)
	FinalizeReload (607ms)
		ReleaseScriptCaches (0ms)
		RebuildScriptCaches (0ms)
		SetupLoadedEditorAssemblies (441ms)
			LogAssemblyErrors (0ms)
			InitializePlatformSupportModulesInManaged (12ms)
			SetLoadedEditorAssemblies (4ms)
			BeforeProcessingInitializeOnLoad (88ms)
			ProcessInitializeOnLoadAttributes (279ms)
			ProcessInitializeOnLoadMethodAttributes (55ms)
			AfterProcessingInitializeOnLoad (3ms)
			EditorAssembliesLoaded (0ms)
		ExecutionOrderSort2 (0ms)
		AwakeInstancesAfterBackupRestoration (9ms)
Refreshing native plugins compatible for Editor in 1.04 ms, found 4 plugins.
Preloading 0 native plugins for Editor in 0.00 ms.
Unloading 54 Unused Serialized files (Serialized files now loaded: 0)
Unloading 6623 unused Assets / (8.6 MB). Loaded Objects now: 7364.
Memory consumption went from 167.3 MB to 158.8 MB.
Total: 8.260500 ms (FindLiveObjects: 0.546300 ms CreateObjectMapping: 0.515000 ms MarkObjects: 3.917400 ms  DeleteObjects: 3.280800 ms)

Prepare: number of updated asset objects reloaded= 0
========================================================================
Received Prepare
Begin MonoManager ReloadAssembly
- Loaded All Assemblies, in  0.567 seconds
Refreshing native plugins compatible for Editor in 1.08 ms, found 4 plugins.
Native extension for iOS target not found
Native extension for Android target not found
Native extension for WindowsStandalone target not found
Mono: successfully reloaded assembly
- Finished resetting the current domain, in  0.609 seconds
Domain Reload Profiling: 1177ms
	BeginReloadAssembly (158ms)
		ExecutionOrderSort (0ms)
		DisableScriptedObjects (11ms)
		BackupInstance (0ms)
		ReleaseScriptingObjects (0ms)
		CreateAndSetChildDomain (39ms)
	RebuildCommonClasses (29ms)
	RebuildNativeTypeToScriptingClass (10ms)
	initialDomainReloadingComplete (23ms)
	LoadAllAssembliesAndSetupDomain (347ms)
		LoadAssemblies (259ms)
		RebuildTransferFunctionScriptingTraits (0ms)
		AnalyzeDomain (159ms)
			TypeCache.Refresh (6ms)
				TypeCache.ScanAssembly (0ms)
			BuildScriptInfoCaches (139ms)
			ResolveRequiredComponents (10ms)
	FinalizeReload (610ms)
		ReleaseScriptCaches (0ms)
		RebuildScriptCaches (0ms)
		SetupLoadedEditorAssemblies (430ms)
			LogAssemblyErrors (0ms)
			InitializePlatformSupportModulesInManaged (12ms)
			SetLoadedEditorAssemblies (3ms)
			BeforeProcessingInitializeOnLoad (88ms)
			ProcessInitializeOnLoadAttributes (275ms)
			ProcessInitializeOnLoadMethodAttributes (48ms)
			AfterProcessingInitializeOnLoad (3ms)
			EditorAssembliesLoaded (0ms)
		ExecutionOrderSort2 (0ms)
		AwakeInstancesAfterBackupRestoration (10ms)
Refreshing native plugins compatible for Editor in 0.96 ms, found 4 plugins.
Preloading 0 native plugins for Editor in 0.00 ms.
Unloading 54 Unused Serialized files (Serialized files now loaded: 0)
Unloading 6623 unused Assets / (8.8 MB). Loaded Objects now: 7366.
Memory consumption went from 167.5 MB to 158.7 MB.
Total: 8.625100 ms (FindLiveObjects: 0.541100 ms CreateObjectMapping: 0.522500 ms MarkObjects: 3.731300 ms  DeleteObjects: 3.829100 ms)

Prepare: number of updated asset objects reloaded= 0
========================================================================
Received Prepare
Begin MonoManager ReloadAssembly
- Loaded All Assemblies, in  0.563 seconds
Refreshing native plugins compatible for Editor in 1.42 ms, found 4 plugins.
Native extension for iOS target not found
Native extension for Android target not found
Native extension for WindowsStandalone target not found
Mono: successfully reloaded assembly
- Finished resetting the current domain, in  0.619 seconds
Domain Reload Profiling: 1183ms
	BeginReloadAssembly (162ms)
		ExecutionOrderSort (0ms)
		DisableScriptedObjects (12ms)
		BackupInstance (0ms)
		ReleaseScriptingObjects (0ms)
		CreateAndSetChildDomain (41ms)
	RebuildCommonClasses (28ms)
	RebuildNativeTypeToScriptingClass (10ms)
	initialDomainReloadingComplete (22ms)
	LoadAllAssembliesAndSetupDomain (342ms)
		LoadAssemblies (247ms)
		RebuildTransferFunctionScriptingTraits (0ms)
		AnalyzeDomain (167ms)
			TypeCache.Refresh (6ms)
				TypeCache.ScanAssembly (0ms)
			BuildScriptInfoCaches (148ms)
			ResolveRequiredComponents (10ms)
	FinalizeReload (619ms)
		ReleaseScriptCaches (0ms)
		RebuildScriptCaches (0ms)
		SetupLoadedEditorAssemblies (437ms)
			LogAssemblyErrors (0ms)
			InitializePlatformSupportModulesInManaged (12ms)
			SetLoadedEditorAssemblies (3ms)
			BeforeProcessingInitializeOnLoad (88ms)
			ProcessInitializeOnLoadAttributes (276ms)
			ProcessInitializeOnLoadMethodAttributes (56ms)
			AfterProcessingInitializeOnLoad (3ms)
			EditorAssembliesLoaded (0ms)
		ExecutionOrderSort2 (0ms)
		AwakeInstancesAfterBackupRestoration (13ms)
Refreshing native plugins compatible for Editor in 1.03 ms, found 4 plugins.
Preloading 0 native plugins for Editor in 0.00 ms.
Unloading 54 Unused Serialized files (Serialized files now loaded: 0)
Unloading 6623 unused Assets / (8.7 MB). Loaded Objects now: 7368.
Memory consumption went from 167.4 MB to 158.7 MB.
Total: 8.946800 ms (FindLiveObjects: 0.645700 ms CreateObjectMapping: 0.551500 ms MarkObjects: 3.909500 ms  DeleteObjects: 3.838700 ms)

Prepare: number of updated asset objects reloaded= 0
========================================================================
Received Import Request.
  Time since last request: 373.807102 seconds.
  path: Assets/Scenes/MainMenu.unity
  artifactKey: Guid(ada7bf4a78f526d409ed1a7a1c3f70c7) Importer(815301076,1909f56bfc062723c751e8b465ee728b)
Start importing Assets/Scenes/MainMenu.unity using Guid(ada7bf4a78f526d409ed1a7a1c3f70c7) Importer(815301076,1909f56bfc062723c751e8b465ee728b) (PreviewImporter) -> (artifact id: 'a5f2eeb9e64124bfeecc9f0c764a66d4') in 0.0149389 seconds
Number of updated asset objects reloaded before import = 0Number of asset objects unloaded after import = 0

========================================================================
Received Prepare
Refreshing native plugins compatible for Editor in 1.90 ms, found 4 plugins.
Preloading 0 native plugins for Editor in 0.00 ms.
Unloading 54 Unused Serialized files (Serialized files now loaded: 0)
Unloading 6612 unused Assets / (8.5 MB). Loaded Objects now: 7368.
Memory consumption went from 167.6 MB to 159.1 MB.
Total: 10.873200 ms (FindLiveObjects: 0.804300 ms CreateObjectMapping: 0.516900 ms MarkObjects: 5.420500 ms  DeleteObjects: 4.130400 ms)

Prepare: number of updated asset objects reloaded= 0
========================================================================
Received Prepare
Refreshing native plugins compatible for Editor in 4.68 ms, found 4 plugins.
Preloading 0 native plugins for Editor in 0.00 ms.
Unloading 54 Unused Serialized files (Serialized files now loaded: 0)
Unloading 6612 unused Assets / (9.1 MB). Loaded Objects now: 7368.
Memory consumption went from 167.6 MB to 158.6 MB.
Total: 12.170800 ms (FindLiveObjects: 0.963800 ms CreateObjectMapping: 0.590500 ms MarkObjects: 5.608900 ms  DeleteObjects: 5.006200 ms)

Prepare: number of updated asset objects reloaded= 0
========================================================================
Received Prepare
Begin MonoManager ReloadAssembly
- Loaded All Assemblies, in  0.759 seconds
Refreshing native plugins compatible for Editor in 1.34 ms, found 4 plugins.
Native extension for iOS target not found
Native extension for Android target not found
Native extension for WindowsStandalone target not found
Mono: successfully reloaded assembly
- Finished resetting the current domain, in  0.761 seconds
Domain Reload Profiling: 1521ms
	BeginReloadAssembly (218ms)
		ExecutionOrderSort (0ms)
		DisableScriptedObjects (14ms)
		BackupInstance (0ms)
		ReleaseScriptingObjects (0ms)
		CreateAndSetChildDomain (48ms)
	RebuildCommonClasses (36ms)
	RebuildNativeTypeToScriptingClass (14ms)
	initialDomainReloadingComplete (31ms)
	LoadAllAssembliesAndSetupDomain (461ms)
		LoadAssemblies (347ms)
		RebuildTransferFunctionScriptingTraits (0ms)
		AnalyzeDomain (222ms)
			TypeCache.Refresh (11ms)
				TypeCache.ScanAssembly (1ms)
			BuildScriptInfoCaches (194ms)
			ResolveRequiredComponents (14ms)
	FinalizeReload (761ms)
		ReleaseScriptCaches (0ms)
		RebuildScriptCaches (0ms)
		SetupLoadedEditorAssemblies (544ms)
			LogAssemblyErrors (0ms)
			InitializePlatformSupportModulesInManaged (15ms)
			SetLoadedEditorAssemblies (3ms)
			BeforeProcessingInitializeOnLoad (120ms)
			ProcessInitializeOnLoadAttributes (332ms)
			ProcessInitializeOnLoadMethodAttributes (67ms)
			AfterProcessingInitializeOnLoad (6ms)
			EditorAssembliesLoaded (0ms)
		ExecutionOrderSort2 (0ms)
		AwakeInstancesAfterBackupRestoration (16ms)
Refreshing native plugins compatible for Editor in 0.99 ms, found 4 plugins.
Preloading 0 native plugins for Editor in 0.00 ms.
Unloading 54 Unused Serialized files (Serialized files now loaded: 0)
Unloading 6623 unused Assets / (9.0 MB). Loaded Objects now: 7370.
Memory consumption went from 167.4 MB to 158.5 MB.
Total: 8.930600 ms (FindLiveObjects: 0.526100 ms CreateObjectMapping: 0.457300 ms MarkObjects: 3.711700 ms  DeleteObjects: 4.234200 ms)

Prepare: number of updated asset objects reloaded= 0
========================================================================
Received Prepare
Refreshing native plugins compatible for Editor in 1.01 ms, found 4 plugins.
Preloading 0 native plugins for Editor in 0.00 ms.
Unloading 54 Unused Serialized files (Serialized files now loaded: 0)
Unloading 6612 unused Assets / (8.2 MB). Loaded Objects now: 7370.
Memory consumption went from 167.6 MB to 159.4 MB.
Total: 8.210700 ms (FindLiveObjects: 0.533300 ms CreateObjectMapping: 0.503600 ms MarkObjects: 3.692700 ms  DeleteObjects: 3.480000 ms)

Prepare: number of updated asset objects reloaded= 0
========================================================================
Received Prepare
Begin MonoManager ReloadAssembly
- Loaded All Assemblies, in  0.569 seconds
Refreshing native plugins compatible for Editor in 0.91 ms, found 4 plugins.
Native extension for iOS target not found
Native extension for Android target not found
Native extension for WindowsStandalone target not found
Mono: successfully reloaded assembly
- Finished resetting the current domain, in  0.617 seconds
Domain Reload Profiling: 1187ms
	BeginReloadAssembly (158ms)
		ExecutionOrderSort (0ms)
		DisableScriptedObjects (11ms)
		BackupInstance (0ms)
		ReleaseScriptingObjects (0ms)
		CreateAndSetChildDomain (41ms)
	RebuildCommonClasses (28ms)
	RebuildNativeTypeToScriptingClass (10ms)
	initialDomainReloadingComplete (23ms)
	LoadAllAssembliesAndSetupDomain (351ms)
		LoadAssemblies (259ms)
		RebuildTransferFunctionScriptingTraits (0ms)
		AnalyzeDomain (160ms)
			TypeCache.Refresh (9ms)
				TypeCache.ScanAssembly (1ms)
			BuildScriptInfoCaches (139ms)
			ResolveRequiredComponents (9ms)
	FinalizeReload (617ms)
		ReleaseScriptCaches (0ms)
		RebuildScriptCaches (0ms)
		SetupLoadedEditorAssemblies (451ms)
			LogAssemblyErrors (0ms)
			InitializePlatformSupportModulesInManaged (12ms)
			SetLoadedEditorAssemblies (3ms)
			BeforeProcessingInitializeOnLoad (99ms)
			ProcessInitializeOnLoadAttributes (286ms)
			ProcessInitializeOnLoadMethodAttributes (48ms)
			AfterProcessingInitializeOnLoad (3ms)
			EditorAssembliesLoaded (0ms)
		ExecutionOrderSort2 (0ms)
		AwakeInstancesAfterBackupRestoration (9ms)
Refreshing native plugins compatible for Editor in 0.91 ms, found 4 plugins.
Preloading 0 native plugins for Editor in 0.00 ms.
Unloading 54 Unused Serialized files (Serialized files now loaded: 0)
Unloading 6623 unused Assets / (8.5 MB). Loaded Objects now: 7372.
Memory consumption went from 167.4 MB to 159.0 MB.
Total: 7.896400 ms (FindLiveObjects: 0.503600 ms CreateObjectMapping: 0.455100 ms MarkObjects: 3.689300 ms  DeleteObjects: 3.246100 ms)

Prepare: number of updated asset objects reloaded= 0
========================================================================
Received Prepare
Refreshing native plugins compatible for Editor in 1.95 ms, found 4 plugins.
Preloading 0 native plugins for Editor in 0.00 ms.
Unloading 54 Unused Serialized files (Serialized files now loaded: 0)
Unloading 6612 unused Assets / (8.1 MB). Loaded Objects now: 7372.
Memory consumption went from 167.6 MB to 159.4 MB.
Total: 9.915500 ms (FindLiveObjects: 0.772600 ms CreateObjectMapping: 0.411700 ms MarkObjects: 4.831300 ms  DeleteObjects: 3.898600 ms)

Prepare: number of updated asset objects reloaded= 0
========================================================================
Received Prepare
Begin MonoManager ReloadAssembly
- Loaded All Assemblies, in  0.772 seconds
Refreshing native plugins compatible for Editor in 1.66 ms, found 4 plugins.
Native extension for iOS target not found
Native extension for Android target not found
Native extension for WindowsStandalone target not found
Mono: successfully reloaded assembly
- Finished resetting the current domain, in  0.875 seconds
Domain Reload Profiling: 1650ms
	BeginReloadAssembly (217ms)
		ExecutionOrderSort (0ms)
		DisableScriptedObjects (13ms)
		BackupInstance (0ms)
		ReleaseScriptingObjects (0ms)
		CreateAndSetChildDomain (46ms)
	RebuildCommonClasses (42ms)
	RebuildNativeTypeToScriptingClass (15ms)
	initialDomainReloadingComplete (30ms)
	LoadAllAssembliesAndSetupDomain (470ms)
		LoadAssemblies (350ms)
		RebuildTransferFunctionScriptingTraits (0ms)
		AnalyzeDomain (228ms)
			TypeCache.Refresh (12ms)
				TypeCache.ScanAssembly (1ms)
			BuildScriptInfoCaches (199ms)
			ResolveRequiredComponents (13ms)
	FinalizeReload (876ms)
		ReleaseScriptCaches (0ms)
		RebuildScriptCaches (0ms)
		SetupLoadedEditorAssemblies (618ms)
			LogAssemblyErrors (0ms)
			InitializePlatformSupportModulesInManaged (21ms)
			SetLoadedEditorAssemblies (8ms)
			BeforeProcessingInitializeOnLoad (128ms)
			ProcessInitializeOnLoadAttributes (380ms)
			ProcessInitializeOnLoadMethodAttributes (78ms)
			AfterProcessingInitializeOnLoad (3ms)
			EditorAssembliesLoaded (0ms)
		ExecutionOrderSort2 (0ms)
		AwakeInstancesAfterBackupRestoration (14ms)
Refreshing native plugins compatible for Editor in 2.07 ms, found 4 plugins.
Preloading 0 native plugins for Editor in 0.00 ms.
Unloading 54 Unused Serialized files (Serialized files now loaded: 0)
Unloading 6623 unused Assets / (8.9 MB). Loaded Objects now: 7374.
Memory consumption went from 167.4 MB to 158.5 MB.
Total: 10.413600 ms (FindLiveObjects: 0.524500 ms CreateObjectMapping: 0.482100 ms MarkObjects: 5.359800 ms  DeleteObjects: 4.045700 ms)

Prepare: number of updated asset objects reloaded= 0
========================================================================
Received Prepare
Refreshing native plugins compatible for Editor in 1.40 ms, found 4 plugins.
Preloading 0 native plugins for Editor in 0.00 ms.
Unloading 54 Unused Serialized files (Serialized files now loaded: 0)
Unloading 6612 unused Assets / (7.4 MB). Loaded Objects now: 7374.
Memory consumption went from 167.5 MB to 160.1 MB.
Total: 9.204800 ms (FindLiveObjects: 0.678600 ms CreateObjectMapping: 0.553700 ms MarkObjects: 4.991600 ms  DeleteObjects: 2.979900 ms)

Prepare: number of updated asset objects reloaded= 0
========================================================================
Received Prepare
Begin MonoManager ReloadAssembly
- Loaded All Assemblies, in  0.760 seconds
Refreshing native plugins compatible for Editor in 1.53 ms, found 4 plugins.
Native extension for iOS target not found
Native extension for Android target not found
Native extension for WindowsStandalone target not found
Mono: successfully reloaded assembly
- Finished resetting the current domain, in  0.920 seconds
Domain Reload Profiling: 1680ms
	BeginReloadAssembly (216ms)
		ExecutionOrderSort (0ms)
		DisableScriptedObjects (16ms)
		BackupInstance (0ms)
		ReleaseScriptingObjects (0ms)
		CreateAndSetChildDomain (48ms)
	RebuildCommonClasses (38ms)
	RebuildNativeTypeToScriptingClass (15ms)
	initialDomainReloadingComplete (29ms)
	LoadAllAssembliesAndSetupDomain (461ms)
		LoadAssemblies (353ms)
		RebuildTransferFunctionScriptingTraits (0ms)
		AnalyzeDomain (217ms)
			TypeCache.Refresh (12ms)
				TypeCache.ScanAssembly (1ms)
			BuildScriptInfoCaches (188ms)
			ResolveRequiredComponents (14ms)
	FinalizeReload (920ms)
		ReleaseScriptCaches (0ms)
		RebuildScriptCaches (0ms)
		SetupLoadedEditorAssemblies (686ms)
			LogAssemblyErrors (0ms)
			InitializePlatformSupportModulesInManaged (18ms)
			SetLoadedEditorAssemblies (4ms)
			BeforeProcessingInitializeOnLoad (176ms)
			ProcessInitializeOnLoadAttributes (414ms)
			ProcessInitializeOnLoadMethodAttributes (67ms)
			AfterProcessingInitializeOnLoad (6ms)
			EditorAssembliesLoaded (0ms)
		ExecutionOrderSort2 (0ms)
		AwakeInstancesAfterBackupRestoration (15ms)
Refreshing native plugins compatible for Editor in 3.17 ms, found 4 plugins.
Preloading 0 native plugins for Editor in 0.00 ms.
Unloading 54 Unused Serialized files (Serialized files now loaded: 0)
Unloading 6623 unused Assets / (8.5 MB). Loaded Objects now: 7376.
Memory consumption went from 167.5 MB to 159.0 MB.
Total: 21.078700 ms (FindLiveObjects: 4.418900 ms CreateObjectMapping: 2.544500 ms MarkObjects: 8.398200 ms  DeleteObjects: 5.715800 ms)

Prepare: number of updated asset objects reloaded= 0
========================================================================
Received Prepare
Refreshing native plugins compatible for Editor in 1.97 ms, found 4 plugins.
Preloading 0 native plugins for Editor in 0.00 ms.
Unloading 54 Unused Serialized files (Serialized files now loaded: 0)
Unloading 6612 unused Assets / (8.9 MB). Loaded Objects now: 7376.
Memory consumption went from 167.6 MB to 158.8 MB.
Total: 11.037900 ms (FindLiveObjects: 0.642700 ms CreateObjectMapping: 0.931000 ms MarkObjects: 5.104400 ms  DeleteObjects: 4.358500 ms)

Prepare: number of updated asset objects reloaded= 0
========================================================================
Received Prepare
Begin MonoManager ReloadAssembly
- Loaded All Assemblies, in  0.790 seconds
Refreshing native plugins compatible for Editor in 1.74 ms, found 4 plugins.
Native extension for iOS target not found
Native extension for Android target not found
Native extension for WindowsStandalone target not found
Mono: successfully reloaded assembly
- Finished resetting the current domain, in  0.804 seconds
Domain Reload Profiling: 1592ms
	BeginReloadAssembly (219ms)
		ExecutionOrderSort (0ms)
		DisableScriptedObjects (17ms)
		BackupInstance (0ms)
		ReleaseScriptingObjects (0ms)
		CreateAndSetChildDomain (47ms)
	RebuildCommonClasses (38ms)
	RebuildNativeTypeToScriptingClass (18ms)
	initialDomainReloadingComplete (31ms)
	LoadAllAssembliesAndSetupDomain (481ms)
		LoadAssemblies (361ms)
		RebuildTransferFunctionScriptingTraits (0ms)
		AnalyzeDomain (225ms)
			TypeCache.Refresh (12ms)
				TypeCache.ScanAssembly (1ms)
			BuildScriptInfoCaches (195ms)
			ResolveRequiredComponents (14ms)
	FinalizeReload (804ms)
		ReleaseScriptCaches (0ms)
		RebuildScriptCaches (0ms)
		SetupLoadedEditorAssemblies (581ms)
			LogAssemblyErrors (0ms)
			InitializePlatformSupportModulesInManaged (13ms)
			SetLoadedEditorAssemblies (5ms)
			BeforeProcessingInitializeOnLoad (107ms)
			ProcessInitializeOnLoadAttributes (377ms)
			ProcessInitializeOnLoadMethodAttributes (75ms)
			AfterProcessingInitializeOnLoad (5ms)
			EditorAssembliesLoaded (0ms)
		ExecutionOrderSort2 (0ms)
		AwakeInstancesAfterBackupRestoration (15ms)
Refreshing native plugins compatible for Editor in 1.24 ms, found 4 plugins.
Preloading 0 native plugins for Editor in 0.00 ms.
Unloading 54 Unused Serialized files (Serialized files now loaded: 0)
Unloading 6623 unused Assets / (9.2 MB). Loaded Objects now: 7378.
Memory consumption went from 167.5 MB to 158.2 MB.
Total: 10.554600 ms (FindLiveObjects: 0.718400 ms CreateObjectMapping: 0.700300 ms MarkObjects: 4.616800 ms  DeleteObjects: 4.517600 ms)

Prepare: number of updated asset objects reloaded= 0
========================================================================
Received Prepare
Begin MonoManager ReloadAssembly
- Loaded All Assemblies, in  0.571 seconds
Refreshing native plugins compatible for Editor in 1.23 ms, found 4 plugins.
Native extension for iOS target not found
Native extension for Android target not found
Native extension for WindowsStandalone target not found
Mono: successfully reloaded assembly
- Finished resetting the current domain, in  0.616 seconds
Domain Reload Profiling: 1188ms
	BeginReloadAssembly (158ms)
		ExecutionOrderSort (0ms)
		DisableScriptedObjects (11ms)
		BackupInstance (0ms)
		ReleaseScriptingObjects (0ms)
		CreateAndSetChildDomain (38ms)
	RebuildCommonClasses (32ms)
	RebuildNativeTypeToScriptingClass (10ms)
	initialDomainReloadingComplete (21ms)
	LoadAllAssembliesAndSetupDomain (351ms)
		LoadAssemblies (253ms)
		RebuildTransferFunctionScriptingTraits (0ms)
		AnalyzeDomain (169ms)
			TypeCache.Refresh (6ms)
				TypeCache.ScanAssembly (0ms)
			BuildScriptInfoCaches (144ms)
			ResolveRequiredComponents (15ms)
	FinalizeReload (616ms)
		ReleaseScriptCaches (0ms)
		RebuildScriptCaches (0ms)
		SetupLoadedEditorAssemblies (445ms)
			LogAssemblyErrors (0ms)
			InitializePlatformSupportModulesInManaged (14ms)
			SetLoadedEditorAssemblies (5ms)
			BeforeProcessingInitializeOnLoad (96ms)
			ProcessInitializeOnLoadAttributes (275ms)
			ProcessInitializeOnLoadMethodAttributes (52ms)
			AfterProcessingInitializeOnLoad (3ms)
			EditorAssembliesLoaded (0ms)
		ExecutionOrderSort2 (0ms)
		AwakeInstancesAfterBackupRestoration (11ms)
Refreshing native plugins compatible for Editor in 1.00 ms, found 4 plugins.
Preloading 0 native plugins for Editor in 0.00 ms.
Unloading 54 Unused Serialized files (Serialized files now loaded: 0)
Unloading 6623 unused Assets / (8.6 MB). Loaded Objects now: 7380.
Memory consumption went from 167.4 MB to 158.8 MB.
Total: 9.283500 ms (FindLiveObjects: 0.538500 ms CreateObjectMapping: 0.465100 ms MarkObjects: 4.004600 ms  DeleteObjects: 4.274200 ms)

Prepare: number of updated asset objects reloaded= 0
========================================================================
Received Prepare
Begin MonoManager ReloadAssembly
- Loaded All Assemblies, in  0.580 seconds
Refreshing native plugins compatible for Editor in 0.84 ms, found 4 plugins.
Native extension for iOS target not found
Native extension for Android target not found
Native extension for WindowsStandalone target not found
Mono: successfully reloaded assembly
- Finished resetting the current domain, in  0.617 seconds
Domain Reload Profiling: 1197ms
	BeginReloadAssembly (166ms)
		ExecutionOrderSort (0ms)
		DisableScriptedObjects (12ms)
		BackupInstance (0ms)
		ReleaseScriptingObjects (0ms)
		CreateAndSetChildDomain (39ms)
	RebuildCommonClasses (27ms)
	RebuildNativeTypeToScriptingClass (10ms)
	initialDomainReloadingComplete (21ms)
	LoadAllAssembliesAndSetupDomain (355ms)
		LoadAssemblies (261ms)
		RebuildTransferFunctionScriptingTraits (0ms)
		AnalyzeDomain (169ms)
			TypeCache.Refresh (6ms)
				TypeCache.ScanAssembly (0ms)
			BuildScriptInfoCaches (148ms)
			ResolveRequiredComponents (9ms)
	FinalizeReload (617ms)
		ReleaseScriptCaches (0ms)
		RebuildScriptCaches (0ms)
		SetupLoadedEditorAssemblies (450ms)
			LogAssemblyErrors (0ms)
			InitializePlatformSupportModulesInManaged (12ms)
			SetLoadedEditorAssemblies (3ms)
			BeforeProcessingInitializeOnLoad (93ms)
			ProcessInitializeOnLoadAttributes (290ms)
			ProcessInitializeOnLoadMethodAttributes (49ms)
			AfterProcessingInitializeOnLoad (3ms)
			EditorAssembliesLoaded (0ms)
		ExecutionOrderSort2 (0ms)
		AwakeInstancesAfterBackupRestoration (10ms)
Refreshing native plugins compatible for Editor in 0.94 ms, found 4 plugins.
Preloading 0 native plugins for Editor in 0.00 ms.
Unloading 54 Unused Serialized files (Serialized files now loaded: 0)
Unloading 6623 unused Assets / (8.3 MB). Loaded Objects now: 7382.
Memory consumption went from 167.5 MB to 159.1 MB.
Total: 7.928300 ms (FindLiveObjects: 0.521800 ms CreateObjectMapping: 0.460200 ms MarkObjects: 3.567600 ms  DeleteObjects: 3.378000 ms)

Prepare: number of updated asset objects reloaded= 0
========================================================================
Received Prepare
Refreshing native plugins compatible for Editor in 1.82 ms, found 4 plugins.
Preloading 0 native plugins for Editor in 0.00 ms.
Unloading 54 Unused Serialized files (Serialized files now loaded: 0)
Unloading 6612 unused Assets / (9.4 MB). Loaded Objects now: 7382.
Memory consumption went from 167.6 MB to 158.2 MB.
Total: 10.651900 ms (FindLiveObjects: 0.780900 ms CreateObjectMapping: 0.467000 ms MarkObjects: 4.489700 ms  DeleteObjects: 4.913100 ms)

Prepare: number of updated asset objects reloaded= 0
========================================================================
Received Prepare
Begin MonoManager ReloadAssembly
- Loaded All Assemblies, in  0.794 seconds
Refreshing native plugins compatible for Editor in 0.90 ms, found 4 plugins.
Native extension for iOS target not found
Native extension for Android target not found
Native extension for WindowsStandalone target not found
Mono: successfully reloaded assembly
- Finished resetting the current domain, in  0.845 seconds
Domain Reload Profiling: 1638ms
	BeginReloadAssembly (223ms)
		ExecutionOrderSort (0ms)
		DisableScriptedObjects (18ms)
		BackupInstance (0ms)
		ReleaseScriptingObjects (0ms)
		CreateAndSetChildDomain (48ms)
	RebuildCommonClasses (38ms)
	RebuildNativeTypeToScriptingClass (15ms)
	initialDomainReloadingComplete (31ms)
	LoadAllAssembliesAndSetupDomain (486ms)
		LoadAssemblies (361ms)
		RebuildTransferFunctionScriptingTraits (0ms)
		AnalyzeDomain (231ms)
			TypeCache.Refresh (11ms)
				TypeCache.ScanAssembly (1ms)
			BuildScriptInfoCaches (191ms)
			ResolveRequiredComponents (24ms)
	FinalizeReload (845ms)
		ReleaseScriptCaches (0ms)
		RebuildScriptCaches (0ms)
		SetupLoadedEditorAssemblies (616ms)
			LogAssemblyErrors (0ms)
			InitializePlatformSupportModulesInManaged (19ms)
			SetLoadedEditorAssemblies (3ms)
			BeforeProcessingInitializeOnLoad (122ms)
			ProcessInitializeOnLoadAttributes (392ms)
			ProcessInitializeOnLoadMethodAttributes (74ms)
			AfterProcessingInitializeOnLoad (5ms)
			EditorAssembliesLoaded (0ms)
		ExecutionOrderSort2 (0ms)
		AwakeInstancesAfterBackupRestoration (16ms)
Refreshing native plugins compatible for Editor in 0.94 ms, found 4 plugins.
Preloading 0 native plugins for Editor in 0.00 ms.
Unloading 54 Unused Serialized files (Serialized files now loaded: 0)
Unloading 6623 unused Assets / (8.4 MB). Loaded Objects now: 7384.
Memory consumption went from 167.4 MB to 158.9 MB.
Total: 7.776100 ms (FindLiveObjects: 0.513300 ms CreateObjectMapping: 0.466800 ms MarkObjects: 3.723600 ms  DeleteObjects: 3.069800 ms)

Prepare: number of updated asset objects reloaded= 0
========================================================================
Received Prepare
Begin MonoManager ReloadAssembly
- Loaded All Assemblies, in  0.567 seconds
Refreshing native plugins compatible for Editor in 1.48 ms, found 4 plugins.
Native extension for iOS target not found
Native extension for Android target not found
Native extension for WindowsStandalone target not found
Mono: successfully reloaded assembly
- Finished resetting the current domain, in  0.629 seconds
Domain Reload Profiling: 1197ms
	BeginReloadAssembly (165ms)
		ExecutionOrderSort (0ms)
		DisableScriptedObjects (11ms)
		BackupInstance (0ms)
		ReleaseScriptingObjects (0ms)
		CreateAndSetChildDomain (42ms)
	RebuildCommonClasses (28ms)
	RebuildNativeTypeToScriptingClass (16ms)
	initialDomainReloadingComplete (21ms)
	LoadAllAssembliesAndSetupDomain (337ms)
		LoadAssemblies (255ms)
		RebuildTransferFunctionScriptingTraits (0ms)
		AnalyzeDomain (156ms)
			TypeCache.Refresh (6ms)
				TypeCache.ScanAssembly (0ms)
			BuildScriptInfoCaches (137ms)
			ResolveRequiredComponents (9ms)
	FinalizeReload (629ms)
		ReleaseScriptCaches (0ms)
		RebuildScriptCaches (0ms)
		SetupLoadedEditorAssemblies (447ms)
			LogAssemblyErrors (0ms)
			InitializePlatformSupportModulesInManaged (12ms)
			SetLoadedEditorAssemblies (3ms)
			BeforeProcessingInitializeOnLoad (91ms)
			ProcessInitializeOnLoadAttributes (289ms)
			ProcessInitializeOnLoadMethodAttributes (49ms)
			AfterProcessingInitializeOnLoad (3ms)
			EditorAssembliesLoaded (0ms)
		ExecutionOrderSort2 (0ms)
		AwakeInstancesAfterBackupRestoration (10ms)
Refreshing native plugins compatible for Editor in 0.99 ms, found 4 plugins.
Preloading 0 native plugins for Editor in 0.00 ms.
Unloading 54 Unused Serialized files (Serialized files now loaded: 0)
Unloading 6623 unused Assets / (8.6 MB). Loaded Objects now: 7386.
Memory consumption went from 167.4 MB to 158.9 MB.
Total: 8.463100 ms (FindLiveObjects: 0.515300 ms CreateObjectMapping: 0.490200 ms MarkObjects: 4.043000 ms  DeleteObjects: 3.413500 ms)

Prepare: number of updated asset objects reloaded= 0
========================================================================
Received Prepare
Begin MonoManager ReloadAssembly
- Loaded All Assemblies, in  0.576 seconds
Refreshing native plugins compatible for Editor in 1.07 ms, found 4 plugins.
Native extension for iOS target not found
Native extension for Android target not found
Native extension for WindowsStandalone target not found
Mono: successfully reloaded assembly
- Finished resetting the current domain, in  0.614 seconds
Domain Reload Profiling: 1192ms
	BeginReloadAssembly (165ms)
		ExecutionOrderSort (0ms)
		DisableScriptedObjects (11ms)
		BackupInstance (0ms)
		ReleaseScriptingObjects (0ms)
		CreateAndSetChildDomain (40ms)
	RebuildCommonClasses (30ms)
	RebuildNativeTypeToScriptingClass (10ms)
	initialDomainReloadingComplete (21ms)
	LoadAllAssembliesAndSetupDomain (352ms)
		LoadAssemblies (254ms)
		RebuildTransferFunctionScriptingTraits (0ms)
		AnalyzeDomain (167ms)
			TypeCache.Refresh (6ms)
				TypeCache.ScanAssembly (0ms)
			BuildScriptInfoCaches (148ms)
			ResolveRequiredComponents (10ms)
	FinalizeReload (614ms)
		ReleaseScriptCaches (0ms)
		RebuildScriptCaches (0ms)
		SetupLoadedEditorAssemblies (444ms)
			LogAssemblyErrors (0ms)
			InitializePlatformSupportModulesInManaged (12ms)
			SetLoadedEditorAssemblies (3ms)
			BeforeProcessingInitializeOnLoad (88ms)
			ProcessInitializeOnLoadAttributes (290ms)
			ProcessInitializeOnLoadMethodAttributes (48ms)
			AfterProcessingInitializeOnLoad (3ms)
			EditorAssembliesLoaded (0ms)
		ExecutionOrderSort2 (0ms)
		AwakeInstancesAfterBackupRestoration (10ms)
Refreshing native plugins compatible for Editor in 1.00 ms, found 4 plugins.
Preloading 0 native plugins for Editor in 0.00 ms.
Unloading 54 Unused Serialized files (Serialized files now loaded: 0)
Unloading 6623 unused Assets / (9.1 MB). Loaded Objects now: 7388.
Memory consumption went from 167.5 MB to 158.4 MB.
Total: 9.333300 ms (FindLiveObjects: 0.589600 ms CreateObjectMapping: 0.624800 ms MarkObjects: 4.071000 ms  DeleteObjects: 4.046600 ms)

Prepare: number of updated asset objects reloaded= 0
